kit_key,kit_name,kit_base_code,kit_language,kit_item_code,kit_url,item_order,item_code,in_index
CF-36,A.A. Group Handbook for Groups That Meet in Correctional Facilities,CF-36,English,CF-36,https://www.aa.org/sites/default/files/literature/cf-36-contents-of-the-aa-group-handbook-that-meet-in-correctional-facilities-en-2025.pdf,1,SMF-92,yes
CF-36,A.A. Group Handbook for Groups That Meet in Correctional Facilities,CF-36,English,CF-36,https://www.aa.org/sites/default/files/literature/cf-36-contents-of-the-aa-group-handbook-that-meet-in-correctional-facilities-en-2025.pdf,2,P-10,yes
CF-36,A.A. Group Handbook for Groups That Meet in Correctional Facilities,CF-36,English,CF-36,https://www.aa.org/sites/default/files/literature/cf-36-contents-of-the-aa-group-handbook-that-meet-in-correctional-facilities-en-2025.pdf,3,SMF-121,yes
CF-36,A.A. Group Handbook for Groups That Meet in Correctional Facilities,CF-36,English,CF-36,https://www.aa.org/sites/default/files/literature/cf-36-contents-of-the-aa-group-handbook-that-meet-in-correctional-facilities-en-2025.pdf,4,SMF-122,yes
CF-36,A.A. Group Handbook for Groups That Meet in Correctional Facilities,CF-36,English,CF-36,https://www.aa.org/sites/default/files/literature/cf-36-contents-of-the-aa-group-handbook-that-meet-in-correctional-facilities-en-2025.pdf,5,SMF-187,yes
CF-36,A.A. Group Handbook for Groups That Meet in Correctional Facilities,CF-36,English,CF-36,https://www.aa.org/sites/default/files/literature/cf-36-contents-of-the-aa-group-handbook-that-meet-in-correctional-facilities-en-2025.pdf,6,SMF-56,yes
CF-36,A.A. Group Handbook for Groups That Meet in Correctional Facilities,CF-36,English,CF-36,https://www.aa.org/sites/default/files/literature/cf-36-contents-of-the-aa-group-handbook-that-meet-in-correctional-facilities-en-2025.pdf,7,SMF-131,yes
CF-36,A.A. Group Handbook for Groups That Meet in Correctional Facilities,CF-36,English,CF-36,https://www.aa.org/sites/default/files/literature/cf-36-contents-of-the-aa-group-handbook-that-meet-in-correctional-facilities-en-2025.pdf,8,SMF-116,yes
CF-36,A.A. Group Handbook for Groups That Meet in Correctional Facilities,CF-36,English,CF-36,https://www.aa.org/sites/default/files/literature/cf-36-contents-of-the-aa-group-handbook-that-meet-in-correctional-facilities-en-2025.pdf,9,SMF-29,yes
CF-36,A.A. Group Handbook for Groups That Meet in Correctional Facilities,CF-36,English,CF-36,https://www.aa.org/sites/default/files/literature/cf-36-contents-of-the-aa-group-handbook-that-meet-in-correctional-facilities-en-2025.pdf,10,F-2,yes
CF-36,A.A. Group Handbook for Groups That Meet in Correctional Facilities,CF-36,English,CF-36,https://www.aa.org/sites/default/files/literature/cf-36-contents-of-the-aa-group-handbook-that-meet-in-correctional-facilities-en-2025.pdf,11,MG-25,yes
CF-36,A.A. Group Handbook for Groups That Meet in Correctional Facilities,CF-36,English,CF-36,https://www.aa.org/sites/default/files/literature/cf-36-contents-of-the-aa-group-handbook-that-meet-in-correctional-facilities-en-2025.pdf,12,SMF-91,yes
CF-36,A.A. Group Handbook for Groups That Meet in Correctional Facilities,CF-36,English,CF-36,https://www.aa.org/sites/default/files/literature/cf-36-contents-of-the-aa-group-handbook-that-meet-in-correctional-facilities-en-2025.pdf,13,SMF-176,yes
CF-36,A.A. Group Handbook for Groups That Meet in Correctional Facilities,CF-36,English,CF-36,https://www.aa.org/sites/default/files/literature/cf-36-contents-of-the-aa-group-handbook-that-meet-in-correctional-facilities-en-2025.pdf,14,SMF-110,yes
CF-36,A.A. Group Handbook for Groups That Meet in Correctional Facilities,CF-36,English,CF-36,https://www.aa.org/sites/default/files/literature/cf-36-contents-of-the-aa-group-handbook-that-meet-in-correctional-facilities-en-2025.pdf,15,F-163,yes
CF-36,A.A. Group Handbook for Groups That Meet in Correctional Facilities,CF-36,English,CF-36,https://www.aa.org/sites/default/files/literature/cf-36-contents-of-the-aa-group-handbook-that-meet-in-correctional-facilities-en-2025.pdf,16,F-73,yes
CF-36,A.A. Group Handbook for Groups That Meet in Correctional Facilities,CF-36,English,CF-36,https://www.aa.org/sites/default/files/literature/cf-36-contents-of-the-aa-group-handbook-that-meet-in-correctional-facilities-en-2025.pdf,17,SMF-94,yes
CF-36,A.A. Group Handbook for Groups That Meet in Correctional Facilities,CF-36,English,CF-36,https://www.aa.org/sites/default/files/literature/cf-36-contents-of-the-aa-group-handbook-that-meet-in-correctional-facilities-en-2025.pdf,18,P-16,yes
CF-36,A.A. Group Handbook for Groups That Meet in Correctional Facilities,CF-36,English,CF-36,https://www.aa.org/sites/default/files/literature/cf-36-contents-of-the-aa-group-handbook-that-meet-in-correctional-facilities-en-2025.pdf,19,P-19,yes
CF-36,A.A. Group Handbook for Groups That Meet in Correctional Facilities,CF-36,English,CF-36,https://www.aa.org/sites/default/files/literature/cf-36-contents-of-the-aa-group-handbook-that-meet-in-correctional-facilities-en-2025.pdf,20,P-45,yes
CF-36,A.A. Group Handbook for Groups That Meet in Correctional Facilities,CF-36,English,CF-36,https://www.aa.org/sites/default/files/literature/cf-36-contents-of-the-aa-group-handbook-that-meet-in-correctional-facilities-en-2025.pdf,21,P-24,yes
CF-36,A.A. Group Handbook for Groups That Meet in Correctional Facilities,CF-36,English,CF-36,https://www.aa.org/sites/default/files/literature/cf-36-contents-of-the-aa-group-handbook-that-meet-in-correctional-facilities-en-2025.pdf,22,P-55,yes
CF-36,A.A. Group Handbook for Groups That Meet in Correctional Facilities,CF-36,English,CF-36,https://www.aa.org/sites/default/files/literature/cf-36-contents-of-the-aa-group-handbook-that-meet-in-correctional-facilities-en-2025.pdf,23,P-43,yes
CF-36,A.A. Group Handbook for Groups That Meet in Correctional Facilities,CF-36,English,CF-36,https://www.aa.org/sites/default/files/literature/cf-36-contents-of-the-aa-group-handbook-that-meet-in-correctional-facilities-en-2025.pdf,24,P-8,yes
CF-36,A.A. Group Handbook for Groups That Meet in Correctional Facilities,CF-36,English,CF-36,https://www.aa.org/sites/default/files/literature/cf-36-contents-of-the-aa-group-handbook-that-meet-in-correctional-facilities-en-2025.pdf,25,P-84,yes
CF-36,A.A. Group Handbook for Groups That Meet in Correctional Facilities,CF-36,English,CF-36,https://www.aa.org/sites/default/files/literature/cf-36-contents-of-the-aa-group-handbook-that-meet-in-correctional-facilities-en-2025.pdf,26,P-35,yes
CF-36,A.A. Group Handbook for Groups That Meet in Correctional Facilities,CF-36,English,CF-36,https://www.aa.org/sites/default/files/literature/cf-36-contents-of-the-aa-group-handbook-that-meet-in-correctional-facilities-en-2025.pdf,27,P-52,yes
CF-36,A.A. Group Handbook for Groups That Meet in Correctional Facilities,CF-36,Spanish,CF-36,https://www.aa.org/sites/default/files/literature/cf-36sp-contents-of-the-aa-group-handbook-that-meet-in-correctional-facilities-sp-2025.pdf,1,P-10,yes
CF-36,A.A. Group Handbook for Groups That Meet in Correctional Facilities,CF-36,Spanish,CF-36,https://www.aa.org/sites/default/files/literature/cf-36sp-contents-of-the-aa-group-handbook-that-meet-in-correctional-facilities-sp-2025.pdf,2,SMF-121,yes
CF-36,A.A. Group Handbook for Groups That Meet in Correctional Facilities,CF-36,Spanish,CF-36,https://www.aa.org/sites/default/files/literature/cf-36sp-contents-of-the-aa-group-handbook-that-meet-in-correctional-facilities-sp-2025.pdf,3,SMF-122,yes
CF-36,A.A. Group Handbook for Groups That Meet in Correctional Facilities,CF-36,Spanish,CF-36,https://www.aa.org/sites/default/files/literature/cf-36sp-contents-of-the-aa-group-handbook-that-meet-in-correctional-facilities-sp-2025.pdf,4,SMF-187,yes
CF-36,A.A. Group Handbook for Groups That Meet in Correctional Facilities,CF-36,Spanish,CF-36,https://www.aa.org/sites/default/files/literature/cf-36sp-contents-of-the-aa-group-handbook-that-meet-in-correctional-facilities-sp-2025.pdf,5,SMF-56,yes
CF-36,A.A. Group Handbook for Groups That Meet in Correctional Facilities,CF-36,Spanish,CF-36,https://www.aa.org/sites/default/files/literature/cf-36sp-contents-of-the-aa-group-handbook-that-meet-in-correctional-facilities-sp-2025.pdf,6,SMF-131,yes
CF-36,A.A. Group Handbook for Groups That Meet in Correctional Facilities,CF-36,Spanish,CF-36,https://www.aa.org/sites/default/files/literature/cf-36sp-contents-of-the-aa-group-handbook-that-meet-in-correctional-facilities-sp-2025.pdf,7,SMF-116,yes
CF-36,A.A. Group Handbook for Groups That Meet in Correctional Facilities,CF-36,Spanish,CF-36,https://www.aa.org/sites/default/files/literature/cf-36sp-contents-of-the-aa-group-handbook-that-meet-in-correctional-facilities-sp-2025.pdf,8,SMF-29,yes
CF-36,A.A. Group Handbook for Groups That Meet in Correctional Facilities,CF-36,Spanish,CF-36,https://www.aa.org/sites/default/files/literature/cf-36sp-contents-of-the-aa-group-handbook-that-meet-in-correctional-facilities-sp-2025.pdf,9,F-2,yes
CF-36,A.A. Group Handbook for Groups That Meet in Correctional Facilities,CF-36,Spanish,CF-36,https://www.aa.org/sites/default/files/literature/cf-36sp-contents-of-the-aa-group-handbook-that-meet-in-correctional-facilities-sp-2025.pdf,10,MG-25,yes
CF-36,A.A. Group Handbook for Groups That Meet in Correctional Facilities,CF-36,Spanish,CF-36,https://www.aa.org/sites/default/files/literature/cf-36sp-contents-of-the-aa-group-handbook-that-meet-in-correctional-facilities-sp-2025.pdf,11,SMF-91,yes
CF-36,A.A. Group Handbook for Groups That Meet in Correctional Facilities,CF-36,Spanish,CF-36,https://www.aa.org/sites/default/files/literature/cf-36sp-contents-of-the-aa-group-handbook-that-meet-in-correctional-facilities-sp-2025.pdf,12,SMF-176,yes
CF-36,A.A. Group Handbook for Groups That Meet in Correctional Facilities,CF-36,Spanish,CF-36,https://www.aa.org/sites/default/files/literature/cf-36sp-contents-of-the-aa-group-handbook-that-meet-in-correctional-facilities-sp-2025.pdf,13,SMF-110,yes
CF-36,A.A. Group Handbook for Groups That Meet in Correctional Facilities,CF-36,Spanish,CF-36,https://www.aa.org/sites/default/files/literature/cf-36sp-contents-of-the-aa-group-handbook-that-meet-in-correctional-facilities-sp-2025.pdf,14,F-163,yes
CF-36,A.A. Group Handbook for Groups That Meet in Correctional Facilities,CF-36,Spanish,CF-36,https://www.aa.org/sites/default/files/literature/cf-36sp-contents-of-the-aa-group-handbook-that-meet-in-correctional-facilities-sp-2025.pdf,15,F-73,yes
CF-36,A.A. Group Handbook for Groups That Meet in Correctional Facilities,CF-36,Spanish,CF-36,https://www.aa.org/sites/default/files/literature/cf-36sp-contents-of-the-aa-group-handbook-that-meet-in-correctional-facilities-sp-2025.pdf,16,SMF-94,yes
CF-36,A.A. Group Handbook for Groups That Meet in Correctional Facilities,CF-36,Spanish,CF-36,https://www.aa.org/sites/default/files/literature/cf-36sp-contents-of-the-aa-group-handbook-that-meet-in-correctional-facilities-sp-2025.pdf,17,P-16,yes
CF-36,A.A. Group Handbook for Groups That Meet in Correctional Facilities,CF-36,Spanish,CF-36,https://www.aa.org/sites/default/files/literature/cf-36sp-contents-of-the-aa-group-handbook-that-meet-in-correctional-facilities-sp-2025.pdf,18,P-19,yes
CF-36,A.A. Group Handbook for Groups That Meet in Correctional Facilities,CF-36,Spanish,CF-36,https://www.aa.org/sites/default/files/literature/cf-36sp-contents-of-the-aa-group-handbook-that-meet-in-correctional-facilities-sp-2025.pdf,19,P-45,yes
CF-36,A.A. Group Handbook for Groups That Meet in Correctional Facilities,CF-36,Spanish,CF-36,https://www.aa.org/sites/default/files/literature/cf-36sp-contents-of-the-aa-group-handbook-that-meet-in-correctional-facilities-sp-2025.pdf,20,P-24,yes
CF-36,A.A. Group Handbook for Groups That Meet in Correctional Facilities,CF-36,Spanish,CF-36,https://www.aa.org/sites/default/files/literature/cf-36sp-contents-of-the-aa-group-handbook-that-meet-in-correctional-facilities-sp-2025.pdf,21,P-55,yes
CF-36,A.A. Group Handbook for Groups That Meet in Correctional Facilities,CF-36,Spanish,CF-36,https://www.aa.org/sites/default/files/literature/cf-36sp-contents-of-the-aa-group-handbook-that-meet-in-correctional-facilities-sp-2025.pdf,22,P-43,yes
CF-36,A.A. Group Handbook for Groups That Meet in Correctional Facilities,CF-36,Spanish,CF-36,https://www.aa.org/sites/default/files/literature/cf-36sp-contents-of-the-aa-group-handbook-that-meet-in-correctional-facilities-sp-2025.pdf,23,P-8,yes
CF-36,A.A. Group Handbook for Groups That Meet in Correctional Facilities,CF-36,Spanish,CF-36,https://www.aa.org/sites/default/files/literature/cf-36sp-contents-of-the-aa-group-handbook-that-meet-in-correctional-facilities-sp-2025.pdf,24,P-84,yes
CF-36,A.A. Group Handbook for Groups That Meet in Correctional Facilities,CF-36,Spanish,CF-36,https://www.aa.org/sites/default/files/literature/cf-36sp-contents-of-the-aa-group-handbook-that-meet-in-correctional-facilities-sp-2025.pdf,25,P-35,yes
CF-36,A.A. Group Handbook for Groups That Meet in Correctional Facilities,CF-36,Spanish,CF-36,https://www.aa.org/sites/default/files/literature/cf-36sp-contents-of-the-aa-group-handbook-that-meet-in-correctional-facilities-sp-2025.pdf,26,P-52,yes
F-119,Group Handbook,F-119,English,F-119,https://aaws.widen.net/content/gp8cwollny/pdf/f-119_group_handbook_literature_kit_online.pdf,1,F-212,yes
F-119,Group Handbook,F-119,English,F-119,https://aaws.widen.net/content/gp8cwollny/pdf/f-119_group_handbook_literature_kit_online.pdf,2,BM-31,yes
F-119,Group Handbook,F-119,English,F-119,https://aaws.widen.net/content/gp8cwollny/pdf/f-119_group_handbook_literature_kit_online.pdf,3,M-23,no
F-119,Group Handbook,F-119,English,F-119,https://aaws.widen.net/content/gp8cwollny/pdf/f-119_group_handbook_literature_kit_online.pdf,4,MG-20,no
F-119,Group Handbook,F-119,English,F-119,https://aaws.widen.net/content/gp8cwollny/pdf/f-119_group_handbook_literature_kit_online.pdf,5,SMF-104,yes
F-119,Group Handbook,F-119,English,F-119,https://aaws.widen.net/content/gp8cwollny/pdf/f-119_group_handbook_literature_kit_online.pdf,6,SMF-29,yes
F-119,Group Handbook,F-119,English,F-119,https://aaws.widen.net/content/gp8cwollny/pdf/f-119_group_handbook_literature_kit_online.pdf,7,SMF-116,yes
F-119,Group Handbook,F-119,English,F-119,https://aaws.widen.net/content/gp8cwollny/pdf/f-119_group_handbook_literature_kit_online.pdf,8,SMF-118,yes
F-119,Group Handbook,F-119,English,F-119,https://aaws.widen.net/content/gp8cwollny/pdf/f-119_group_handbook_literature_kit_online.pdf,9,SMF-176,yes
F-119,Group Handbook,F-119,English,F-119,https://aaws.widen.net/content/gp8cwollny/pdf/f-119_group_handbook_literature_kit_online.pdf,10,SMF-121,yes
F-119,Group Handbook,F-119,English,F-119,https://aaws.widen.net/content/gp8cwollny/pdf/f-119_group_handbook_literature_kit_online.pdf,11,SMF-122,yes
F-119,Group Handbook,F-119,English,F-119,https://aaws.widen.net/content/gp8cwollny/pdf/f-119_group_handbook_literature_kit_online.pdf,12,SMF-114,yes
F-119,Group Handbook,F-119,English,F-119,https://aaws.widen.net/content/gp8cwollny/pdf/f-119_group_handbook_literature_kit_online.pdf,13,F-19,no
F-119,Group Handbook,F-119,English,F-119,https://aaws.widen.net/content/gp8cwollny/pdf/f-119_group_handbook_literature_kit_online.pdf,14,P-16,yes
F-119,Group Handbook,F-119,English,F-119,https://aaws.widen.net/content/gp8cwollny/pdf/f-119_group_handbook_literature_kit_online.pdf,15,P-45,yes
F-119,Group Handbook,F-119,English,F-119,https://aaws.widen.net/content/gp8cwollny/pdf/f-119_group_handbook_literature_kit_online.pdf,16,P-42,yes
F-119,Group Handbook,F-119,English,F-119,https://aaws.widen.net/content/gp8cwollny/pdf/f-119_group_handbook_literature_kit_online.pdf,17,P-43,yes
F-119,Group Handbook,F-119,English,F-119,https://aaws.widen.net/content/gp8cwollny/pdf/f-119_group_handbook_literature_kit_online.pdf,18,P-52,yes
F-119,Group Handbook,F-119,English,F-119,https://aaws.widen.net/content/gp8cwollny/pdf/f-119_group_handbook_literature_kit_online.pdf,19,F-33,no
F-119,Group Handbook,F-119,English,F-119,https://aaws.widen.net/content/gp8cwollny/pdf/f-119_group_handbook_literature_kit_online.pdf,20,F-15,yes
F-119,Group Handbook,F-119,English,F-119,https://aaws.widen.net/content/gp8cwollny/pdf/f-119_group_handbook_literature_kit_online.pdf,21,F-190,yes
F-119,Group Handbook,F-119,Spanish,SF-119,https://aaws.widen.net/content/znzdv8ewuo/pdf/sf-119_group_handbook_literature_kit_online.pdf,1,F-212,yes
F-119,Group Handbook,F-119,Spanish,SF-119,https://aaws.widen.net/content/znzdv8ewuo/pdf/sf-119_group_handbook_literature_kit_online.pdf,2,M-23,no
F-119,Group Handbook,F-119,Spanish,SF-119,https://aaws.widen.net/content/znzdv8ewuo/pdf/sf-119_group_handbook_literature_kit_online.pdf,3,MG-20,no
F-119,Group Handbook,F-119,Spanish,SF-119,https://aaws.widen.net/content/znzdv8ewuo/pdf/sf-119_group_handbook_literature_kit_online.pdf,4,F-19,no
F-119,Group Handbook,F-119,Spanish,SF-119,https://aaws.widen.net/content/znzdv8ewuo/pdf/sf-119_group_handbook_literature_kit_online.pdf,5,P-16,yes
F-119,Group Handbook,F-119,Spanish,SF-119,https://aaws.widen.net/content/znzdv8ewuo/pdf/sf-119_group_handbook_literature_kit_online.pdf,6,P-42,yes
F-119,Group Handbook,F-119,Spanish,SF-119,https://aaws.widen.net/content/znzdv8ewuo/pdf/sf-119_group_handbook_literature_kit_online.pdf,7,P-43,yes
F-119,Group Handbook,F-119,Spanish,SF-119,https://aaws.widen.net/content/znzdv8ewuo/pdf/sf-119_group_handbook_literature_kit_online.pdf,8,P-45,yes
F-119,Group Handbook,F-119,Spanish,SF-119,https://aaws.widen.net/content/znzdv8ewuo/pdf/sf-119_group_handbook_literature_kit_online.pdf,9,P-52,yes
F-119,Group Handbook,F-119,Spanish,SF-119,https://aaws.widen.net/content/znzdv8ewuo/pdf/sf-119_group_handbook_literature_kit_online.pdf,10,F-33,no
F-119,Group Handbook,F-119,Spanish,SF-119,https://aaws.widen.net/content/znzdv8ewuo/pdf/sf-119_group_handbook_literature_kit_online.pdf,11,F-15,yes
F-119,Group Handbook,F-119,Spanish,SF-119,https://aaws.widen.net/content/znzdv8ewuo/pdf/sf-119_group_handbook_literature_kit_online.pdf,12,F-190,yes
F-119,Group Handbook,F-119,French,FF-119,https://aaws.widen.net/content/u5xxwliflt/pdf/ff-119_group_handbook_literature_kit_online.pdf,1,F-212,yes
F-119,Group Handbook,F-119,French,FF-119,https://aaws.widen.net/content/u5xxwliflt/pdf/ff-119_group_handbook_literature_kit_online.pdf,2,M-23,no
F-119,Group Handbook,F-119,French,FF-119,https://aaws.widen.net/content/u5xxwliflt/pdf/ff-119_group_handbook_literature_kit_online.pdf,3,MG-20,no
F-119,Group Handbook,F-119,French,FF-119,https://aaws.widen.net/content/u5xxwliflt/pdf/ff-119_group_handbook_literature_kit_online.pdf,4,F-176,no
F-119,Group Handbook,F-119,French,FF-119,https://aaws.widen.net/content/u5xxwliflt/pdf/ff-119_group_handbook_literature_kit_online.pdf,5,F-19,no
F-119,Group Handbook,F-119,French,FF-119,https://aaws.widen.net/content/u5xxwliflt/pdf/ff-119_group_handbook_literature_kit_online.pdf,6,P-16,yes
F-119,Group Handbook,F-119,French,FF-119,https://aaws.widen.net/content/u5xxwliflt/pdf/ff-119_group_handbook_literature_kit_online.pdf,7,P-42,yes
F-119,Group Handbook,F-119,French,FF-119,https://aaws.widen.net/content/u5xxwliflt/pdf/ff-119_group_handbook_literature_kit_online.pdf,8,P-43,yes
F-119,Group Handbook,F-119,French,FF-119,https://aaws.widen.net/content/u5xxwliflt/pdf/ff-119_group_handbook_literature_kit_online.pdf,9,P-45,yes
F-119,Group Handbook,F-119,French,FF-119,https://aaws.widen.net/content/u5xxwliflt/pdf/ff-119_group_handbook_literature_kit_online.pdf,10,P-52,yes
F-119,Group Handbook,F-119,French,FF-119,https://aaws.widen.net/content/u5xxwliflt/pdf/ff-119_group_handbook_literature_kit_online.pdf,11,F-33,no
F-119,Group Handbook,F-119,French,FF-119,https://aaws.widen.net/content/u5xxwliflt/pdf/ff-119_group_handbook_literature_kit_online.pdf,12,F-15,yes
F-119,Group Handbook,F-119,French,FF-119,https://aaws.widen.net/content/u5xxwliflt/pdf/ff-119_group_handbook_literature_kit_online.pdf,13,F-190,yes
F-153,District Committee Member (D.C.M.) Kit,F-153,English,F-153,https://aaws.widen.net/content/00zubabmvj/pdf/f-153_dcm_kit_online.pdf,1,BM-31,yes
F-153,District Committee Member (D.C.M.) Kit,F-153,English,F-153,https://aaws.widen.net/content/00zubabmvj/pdf/f-153_dcm_kit_online.pdf,2,M-23,no
F-153,District Committee Member (D.C.M.) Kit,F-153,English,F-153,https://aaws.widen.net/content/00zubabmvj/pdf/f-153_dcm_kit_online.pdf,3,M-39,yes
F-153,District Committee Member (D.C.M.) Kit,F-153,English,F-153,https://aaws.widen.net/content/00zubabmvj/pdf/f-153_dcm_kit_online.pdf,4,MG-20,no
F-153,District Committee Member (D.C.M.) Kit,F-153,English,F-153,https://aaws.widen.net/content/00zubabmvj/pdf/f-153_dcm_kit_online.pdf,5,MG-25,yes
F-153,District Committee Member (D.C.M.) Kit,F-153,English,F-153,https://aaws.widen.net/content/00zubabmvj/pdf/f-153_dcm_kit_online.pdf,6,F-14,yes
F-153,District Committee Member (D.C.M.) Kit,F-153,English,F-153,https://aaws.widen.net/content/00zubabmvj/pdf/f-153_dcm_kit_online.pdf,7,F-28,yes
F-153,District Committee Member (D.C.M.) Kit,F-153,English,F-153,https://aaws.widen.net/content/00zubabmvj/pdf/f-153_dcm_kit_online.pdf,8,F-30,yes
F-153,District Committee Member (D.C.M.) Kit,F-153,English,F-153,https://aaws.widen.net/content/00zubabmvj/pdf/f-153_dcm_kit_online.pdf,9,F-43,yes
F-153,District Committee Member (D.C.M.) Kit,F-153,English,F-153,https://aaws.widen.net/content/00zubabmvj/pdf/f-153_dcm_kit_online.pdf,10,F-236,yes
F-153,District Committee Member (D.C.M.) Kit,F-153,English,F-153,https://aaws.widen.net/content/00zubabmvj/pdf/f-153_dcm_kit_online.pdf,11,F-12,yes
F-153,District Committee Member (D.C.M.) Kit,F-153,English,F-153,https://aaws.widen.net/content/00zubabmvj/pdf/f-153_dcm_kit_online.pdf,12,SMF-174,yes
F-153,District Committee Member (D.C.M.) Kit,F-153,English,F-153,https://aaws.widen.net/content/00zubabmvj/pdf/f-153_dcm_kit_online.pdf,13,F-203,yes
F-153,District Committee Member (D.C.M.) Kit,F-153,English,F-153,https://aaws.widen.net/content/00zubabmvj/pdf/f-153_dcm_kit_online.pdf,14,SMF-91,yes
F-153,District Committee Member (D.C.M.) Kit,F-153,English,F-153,https://aaws.widen.net/content/00zubabmvj/pdf/f-153_dcm_kit_online.pdf,15,SMF-104,yes
F-153,District Committee Member (D.C.M.) Kit,F-153,English,F-153,https://aaws.widen.net/content/00zubabmvj/pdf/f-153_dcm_kit_online.pdf,16,SMF-111,yes
F-153,District Committee Member (D.C.M.) Kit,F-153,English,F-153,https://aaws.widen.net/content/00zubabmvj/pdf/f-153_dcm_kit_online.pdf,17,P-45,yes
F-153,District Committee Member (D.C.M.) Kit,F-153,English,F-153,https://aaws.widen.net/content/00zubabmvj/pdf/f-153_dcm_kit_online.pdf,18,P-43,yes
F-153,District Committee Member (D.C.M.) Kit,F-153,English,F-153,https://aaws.widen.net/content/00zubabmvj/pdf/f-153_dcm_kit_online.pdf,19,P-8,yes
F-153,District Committee Member (D.C.M.) Kit,F-153,English,F-153,https://aaws.widen.net/content/00zubabmvj/pdf/f-153_dcm_kit_online.pdf,20,P-48,yes
F-153,District Committee Member (D.C.M.) Kit,F-153,English,F-153,https://aaws.widen.net/content/00zubabmvj/pdf/f-153_dcm_kit_online.pdf,21,F-33,no
F-153,District Committee Member (D.C.M.) Kit,F-153,English,F-153,https://aaws.widen.net/content/00zubabmvj/pdf/f-153_dcm_kit_online.pdf,22,F-15,yes
F-153,District Committee Member (D.C.M.) Kit,F-153,English,F-153,https://aaws.widen.net/content/00zubabmvj/pdf/f-153_dcm_kit_online.pdf,23,F-19,no
F-153,District Committee Member (D.C.M.) Kit,F-153,English,F-153,https://aaws.widen.net/content/00zubabmvj/pdf/f-153_dcm_kit_online.pdf,24,F-44,no
F-153,District Committee Member (D.C.M.) Kit,F-153,English,F-153,https://aaws.widen.net/content/00zubabmvj/pdf/f-153_dcm_kit_online.pdf,25,F-103,no
F-153,District Committee Member (D.C.M.) Kit,F-153,English,F-153,https://aaws.widen.net/content/00zubabmvj/pdf/f-153_dcm_kit_online.pdf,26,F-105,no
F-153,District Committee Member (D.C.M.) Kit,F-153,English,F-153,https://aaws.widen.net/content/00zubabmvj/pdf/f-153_dcm_kit_online.pdf,27,P-52,yes
F-153,District Committee Member (D.C.M.) Kit,F-153,English,F-153,https://aaws.widen.net/content/00zubabmvj/pdf/f-153_dcm_kit_online.pdf,28,F-190,yes
F-153,District Committee Member (D.C.M.) Kit,F-153,Spanish,SF-153,https://aaws.widen.net/content/q7rpz9kgey/pdf/sf-153_dcm_kit_digital_online.pdf,1,M-23,no
F-153,District Committee Member (D.C.M.) Kit,F-153,Spanish,SF-153,https://aaws.widen.net/content/q7rpz9kgey/pdf/sf-153_dcm_kit_digital_online.pdf,2,M-39,yes
F-153,District Committee Member (D.C.M.) Kit,F-153,Spanish,SF-153,https://aaws.widen.net/content/q7rpz9kgey/pdf/sf-153_dcm_kit_digital_online.pdf,3,MG-20,no
F-153,District Committee Member (D.C.M.) Kit,F-153,Spanish,SF-153,https://aaws.widen.net/content/q7rpz9kgey/pdf/sf-153_dcm_kit_digital_online.pdf,4,MG-25,yes
F-153,District Committee Member (D.C.M.) Kit,F-153,Spanish,SF-153,https://aaws.widen.net/content/q7rpz9kgey/pdf/sf-153_dcm_kit_digital_online.pdf,5,F-14,yes
F-153,District Committee Member (D.C.M.) Kit,F-153,Spanish,SF-153,https://aaws.widen.net/content/q7rpz9kgey/pdf/sf-153_dcm_kit_digital_online.pdf,6,F-28,yes
F-153,District Committee Member (D.C.M.) Kit,F-153,Spanish,SF-153,https://aaws.widen.net/content/q7rpz9kgey/pdf/sf-153_dcm_kit_digital_online.pdf,7,F-30,yes
F-153,District Committee Member (D.C.M.) Kit,F-153,Spanish,SF-153,https://aaws.widen.net/content/q7rpz9kgey/pdf/sf-153_dcm_kit_digital_online.pdf,8,F-43,yes
F-153,District Committee Member (D.C.M.) Kit,F-153,Spanish,SF-153,https://aaws.widen.net/content/q7rpz9kgey/pdf/sf-153_dcm_kit_digital_online.pdf,9,F-236,yes
F-153,District Committee Member (D.C.M.) Kit,F-153,Spanish,SF-153,https://aaws.widen.net/content/q7rpz9kgey/pdf/sf-153_dcm_kit_digital_online.pdf,10,F-12,yes
F-153,District Committee Member (D.C.M.) Kit,F-153,Spanish,SF-153,https://aaws.widen.net/content/q7rpz9kgey/pdf/sf-153_dcm_kit_digital_online.pdf,11,F-203,yes
F-153,District Committee Member (D.C.M.) Kit,F-153,Spanish,SF-153,https://aaws.widen.net/content/q7rpz9kgey/pdf/sf-153_dcm_kit_digital_online.pdf,12,P-8,yes
F-153,District Committee Member (D.C.M.) Kit,F-153,Spanish,SF-153,https://aaws.widen.net/content/q7rpz9kgey/pdf/sf-153_dcm_kit_digital_online.pdf,13,P-43,yes
F-153,District Committee Member (D.C.M.) Kit,F-153,Spanish,SF-153,https://aaws.widen.net/content/q7rpz9kgey/pdf/sf-153_dcm_kit_digital_online.pdf,14,P-45,yes
F-153,District Committee Member (D.C.M.) Kit,F-153,Spanish,SF-153,https://aaws.widen.net/content/q7rpz9kgey/pdf/sf-153_dcm_kit_digital_online.pdf,15,P-48,yes
F-153,District Committee Member (D.C.M.) Kit,F-153,Spanish,SF-153,https://aaws.widen.net/content/q7rpz9kgey/pdf/sf-153_dcm_kit_digital_online.pdf,16,F-19,no
F-153,District Committee Member (D.C.M.) Kit,F-153,Spanish,SF-153,https://aaws.widen.net/content/q7rpz9kgey/pdf/sf-153_dcm_kit_digital_online.pdf,17,F-15,yes
F-153,District Committee Member (D.C.M.) Kit,F-153,Spanish,SF-153,https://aaws.widen.net/content/q7rpz9kgey/pdf/sf-153_dcm_kit_digital_online.pdf,18,F-44,no
F-153,District Committee Member (D.C.M.) Kit,F-153,Spanish,SF-153,https://aaws.widen.net/content/q7rpz9kgey/pdf/sf-153_dcm_kit_digital_online.pdf,19,F-103,no
F-153,District Committee Member (D.C.M.) Kit,F-153,Spanish,SF-153,https://aaws.widen.net/content/q7rpz9kgey/pdf/sf-153_dcm_kit_digital_online.pdf,20,F-105,no
F-153,District Committee Member (D.C.M.) Kit,F-153,Spanish,SF-153,https://aaws.widen.net/content/q7rpz9kgey/pdf/sf-153_dcm_kit_digital_online.pdf,21,P-52,yes
F-153,District Committee Member (D.C.M.) Kit,F-153,Spanish,SF-153,https://aaws.widen.net/content/q7rpz9kgey/pdf/sf-153_dcm_kit_digital_online.pdf,22,F-190,yes
F-153,District Committee Member (D.C.M.) Kit,F-153,French,FF-153,https://aaws.widen.net/content/un891kuixg/pdf/ff-153_dcm_kit_online.pdf,1,M-23,no
F-153,District Committee Member (D.C.M.) Kit,F-153,French,FF-153,https://aaws.widen.net/content/un891kuixg/pdf/ff-153_dcm_kit_online.pdf,2,M-39,yes
F-153,District Committee Member (D.C.M.) Kit,F-153,French,FF-153,https://aaws.widen.net/content/un891kuixg/pdf/ff-153_dcm_kit_online.pdf,3,MG-20,no
F-153,District Committee Member (D.C.M.) Kit,F-153,French,FF-153,https://aaws.widen.net/content/un891kuixg/pdf/ff-153_dcm_kit_online.pdf,4,MG-25,yes
F-153,District Committee Member (D.C.M.) Kit,F-153,French,FF-153,https://aaws.widen.net/content/un891kuixg/pdf/ff-153_dcm_kit_online.pdf,5,F-14,yes
F-153,District Committee Member (D.C.M.) Kit,F-153,French,FF-153,https://aaws.widen.net/content/un891kuixg/pdf/ff-153_dcm_kit_online.pdf,6,F-28,yes
F-153,District Committee Member (D.C.M.) Kit,F-153,French,FF-153,https://aaws.widen.net/content/un891kuixg/pdf/ff-153_dcm_kit_online.pdf,7,F-30,yes
F-153,District Committee Member (D.C.M.) Kit,F-153,French,FF-153,https://aaws.widen.net/content/un891kuixg/pdf/ff-153_dcm_kit_online.pdf,8,F-43,yes
F-153,District Committee Member (D.C.M.) Kit,F-153,French,FF-153,https://aaws.widen.net/content/un891kuixg/pdf/ff-153_dcm_kit_online.pdf,9,F-236,yes
F-153,District Committee Member (D.C.M.) Kit,F-153,French,FF-153,https://aaws.widen.net/content/un891kuixg/pdf/ff-153_dcm_kit_online.pdf,10,F-12,yes
F-153,District Committee Member (D.C.M.) Kit,F-153,French,FF-153,https://aaws.widen.net/content/un891kuixg/pdf/ff-153_dcm_kit_online.pdf,11,F-203,yes
F-153,District Committee Member (D.C.M.) Kit,F-153,French,FF-153,https://aaws.widen.net/content/un891kuixg/pdf/ff-153_dcm_kit_online.pdf,12,P-8,yes
F-153,District Committee Member (D.C.M.) Kit,F-153,French,FF-153,https://aaws.widen.net/content/un891kuixg/pdf/ff-153_dcm_kit_online.pdf,13,P-43,yes
F-153,District Committee Member (D.C.M.) Kit,F-153,French,FF-153,https://aaws.widen.net/content/un891kuixg/pdf/ff-153_dcm_kit_online.pdf,14,P-45,yes
F-153,District Committee Member (D.C.M.) Kit,F-153,French,FF-153,https://aaws.widen.net/content/un891kuixg/pdf/ff-153_dcm_kit_online.pdf,15,P-48,yes
F-153,District Committee Member (D.C.M.) Kit,F-153,French,FF-153,https://aaws.widen.net/content/un891kuixg/pdf/ff-153_dcm_kit_online.pdf,16,F-15,yes
F-153,District Committee Member (D.C.M.) Kit,F-153,French,FF-153,https://aaws.widen.net/content/un891kuixg/pdf/ff-153_dcm_kit_online.pdf,17,F-19,no
F-153,District Committee Member (D.C.M.) Kit,F-153,French,FF-153,https://aaws.widen.net/content/un891kuixg/pdf/ff-153_dcm_kit_online.pdf,18,F-44,no
F-153,District Committee Member (D.C.M.) Kit,F-153,French,FF-153,https://aaws.widen.net/content/un891kuixg/pdf/ff-153_dcm_kit_online.pdf,19,F-103,no
F-153,District Committee Member (D.C.M.) Kit,F-153,French,FF-153,https://aaws.widen.net/content/un891kuixg/pdf/ff-153_dcm_kit_online.pdf,20,F-105,no
F-153,District Committee Member (D.C.M.) Kit,F-153,French,FF-153,https://aaws.widen.net/content/un891kuixg/pdf/ff-153_dcm_kit_online.pdf,21,P-52,yes
F-153,District Committee Member (D.C.M.) Kit,F-153,French,FF-153,https://aaws.widen.net/content/un891kuixg/pdf/ff-153_dcm_kit_online.pdf,22,F-190,yes
F-167,Treatment Committee Kit,F-167,English,F-167,https://aaws.widen.net/content/px0bqwjej4/pdf/f-167_treatment_kit_online.pdf,1,M-40I,yes
F-167,Treatment Committee Kit,F-167,English,F-167,https://aaws.widen.net/content/px0bqwjej4/pdf/f-167_treatment_kit_online.pdf,2,MG-13,yes
F-167,Treatment Committee Kit,F-167,English,F-167,https://aaws.widen.net/content/px0bqwjej4/pdf/f-167_treatment_kit_online.pdf,3,MG-14,yes
F-167,Treatment Committee Kit,F-167,English,F-167,https://aaws.widen.net/content/px0bqwjej4/pdf/f-167_treatment_kit_online.pdf,4,MG-16,yes
F-167,Treatment Committee Kit,F-167,English,F-167,https://aaws.widen.net/content/px0bqwjej4/pdf/f-167_treatment_kit_online.pdf,5,MG-10,yes
F-167,Treatment Committee Kit,F-167,English,F-167,https://aaws.widen.net/content/px0bqwjej4/pdf/f-167_treatment_kit_online.pdf,6,F-10,yes
F-167,Treatment Committee Kit,F-167,English,F-167,https://aaws.widen.net/content/px0bqwjej4/pdf/f-167_treatment_kit_online.pdf,7,P-69,no
F-167,Treatment Committee Kit,F-167,English,F-167,https://aaws.widen.net/content/px0bqwjej4/pdf/f-167_treatment_kit_online.pdf,8,P-27,yes
F-167,Treatment Committee Kit,F-167,English,F-167,https://aaws.widen.net/content/px0bqwjej4/pdf/f-167_treatment_kit_online.pdf,9,F-107,yes
F-167,Treatment Committee Kit,F-167,English,F-167,https://aaws.widen.net/content/px0bqwjej4/pdf/f-167_treatment_kit_online.pdf,10,P-49,yes
F-167,Treatment Committee Kit,F-167,English,F-167,https://aaws.widen.net/content/px0bqwjej4/pdf/f-167_treatment_kit_online.pdf,11,F-183,yes
F-167,Treatment Committee Kit,F-167,English,F-167,https://aaws.widen.net/content/px0bqwjej4/pdf/f-167_treatment_kit_online.pdf,12,F-184,yes
F-167,Treatment Committee Kit,F-167,English,F-167,https://aaws.widen.net/content/px0bqwjej4/pdf/f-167_treatment_kit_online.pdf,13,F-128,no
F-167,Treatment Committee Kit,F-167,English,F-167,https://aaws.widen.net/content/px0bqwjej4/pdf/f-167_treatment_kit_online.pdf,14,F-126,no
F-167,Treatment Committee Kit,F-167,English,F-167,https://aaws.widen.net/content/px0bqwjej4/pdf/f-167_treatment_kit_online.pdf,15,SMF-142,yes
F-167,Treatment Committee Kit,F-167,English,F-167,https://aaws.widen.net/content/px0bqwjej4/pdf/f-167_treatment_kit_online.pdf,16,F-2,yes
F-167,Treatment Committee Kit,F-167,English,F-167,https://aaws.widen.net/content/px0bqwjej4/pdf/f-167_treatment_kit_online.pdf,17,F-4,yes
F-167,Treatment Committee Kit,F-167,English,F-167,https://aaws.widen.net/content/px0bqwjej4/pdf/f-167_treatment_kit_online.pdf,18,F-17,yes
F-167,Treatment Committee Kit,F-167,English,F-167,https://aaws.widen.net/content/px0bqwjej4/pdf/f-167_treatment_kit_online.pdf,19,P-1,yes
F-167,Treatment Committee Kit,F-167,English,F-167,https://aaws.widen.net/content/px0bqwjej4/pdf/f-167_treatment_kit_online.pdf,20,P-15,yes
F-167,Treatment Committee Kit,F-167,English,F-167,https://aaws.widen.net/content/px0bqwjej4/pdf/f-167_treatment_kit_online.pdf,21,P-16,yes
F-167,Treatment Committee Kit,F-167,English,F-167,https://aaws.widen.net/content/px0bqwjej4/pdf/f-167_treatment_kit_online.pdf,22,P-24,yes
F-167,Treatment Committee Kit,F-167,English,F-167,https://aaws.widen.net/content/px0bqwjej4/pdf/f-167_treatment_kit_online.pdf,23,P-40,yes
F-167,Treatment Committee Kit,F-167,English,F-167,https://aaws.widen.net/content/px0bqwjej4/pdf/f-167_treatment_kit_online.pdf,24,P-42,yes
F-167,Treatment Committee Kit,F-167,English,F-167,https://aaws.widen.net/content/px0bqwjej4/pdf/f-167_treatment_kit_online.pdf,25,P-43,yes
F-167,Treatment Committee Kit,F-167,English,F-167,https://aaws.widen.net/content/px0bqwjej4/pdf/f-167_treatment_kit_online.pdf,26,P-11,yes
F-167,Treatment Committee Kit,F-167,English,F-167,https://aaws.widen.net/content/px0bqwjej4/pdf/f-167_treatment_kit_online.pdf,27,P-35,yes
F-167,Treatment Committee Kit,F-167,English,F-167,https://aaws.widen.net/content/px0bqwjej4/pdf/f-167_treatment_kit_online.pdf,28,F-8,yes
F-167,Treatment Committee Kit,F-167,English,F-167,https://aaws.widen.net/content/px0bqwjej4/pdf/f-167_treatment_kit_online.pdf,29,F-13,yes
F-167,Treatment Committee Kit,F-167,English,F-167,https://aaws.widen.net/content/px0bqwjej4/pdf/f-167_treatment_kit_online.pdf,30,F-210,yes
F-167,Treatment Committee Kit,F-167,English,F-167,https://aaws.widen.net/content/px0bqwjej4/pdf/f-167_treatment_kit_online.pdf,31,P-46,yes
F-167,Treatment Committee Kit,F-167,English,F-167,https://aaws.widen.net/content/px0bqwjej4/pdf/f-167_treatment_kit_online.pdf,32,P-32,yes
F-167,Treatment Committee Kit,F-167,English,F-167,https://aaws.widen.net/content/px0bqwjej4/pdf/f-167_treatment_kit_online.pdf,33,P-51,yes
F-167,Treatment Committee Kit,F-167,English,F-167,https://aaws.widen.net/content/px0bqwjej4/pdf/f-167_treatment_kit_online.pdf,34,P-86,yes
F-167,Treatment Committee Kit,F-167,English,F-167,https://aaws.widen.net/content/px0bqwjej4/pdf/f-167_treatment_kit_online.pdf,35,P-84,yes
F-167,Treatment Committee Kit,F-167,English,F-167,https://aaws.widen.net/content/px0bqwjej4/pdf/f-167_treatment_kit_online.pdf,36,P-87,yes
F-167,Treatment Committee Kit,F-167,English,F-167,https://aaws.widen.net/content/px0bqwjej4/pdf/f-167_treatment_kit_online.pdf,37,P-21,yes
F-167,Treatment Committee Kit,F-167,English,F-167,https://aaws.widen.net/content/px0bqwjej4/pdf/f-167_treatment_kit_online.pdf,38,P-4,yes
F-167,Treatment Committee Kit,F-167,English,F-167,https://aaws.widen.net/content/px0bqwjej4/pdf/f-167_treatment_kit_online.pdf,39,B-28,yes
F-167,Treatment Committee Kit,F-167,English,F-167,https://aaws.widen.net/content/px0bqwjej4/pdf/f-167_treatment_kit_online.pdf,40,P-90,yes
F-167,Treatment Committee Kit,F-167,English,F-167,https://aaws.widen.net/content/px0bqwjej4/pdf/f-167_treatment_kit_online.pdf,41,P-83,yes
F-167,Treatment Committee Kit,F-167,English,F-167,https://aaws.widen.net/content/px0bqwjej4/pdf/f-167_treatment_kit_online.pdf,42,P-50,yes
F-167,Treatment Committee Kit,F-167,English,F-167,https://aaws.widen.net/content/px0bqwjej4/pdf/f-167_treatment_kit_online.pdf,43,B-90,no
F-167,Treatment Committee Kit,F-167,English,F-167,https://aaws.widen.net/content/px0bqwjej4/pdf/f-167_treatment_kit_online.pdf,44,F-188,no
F-167,Treatment Committee Kit,F-167,English,F-167,https://aaws.widen.net/content/px0bqwjej4/pdf/f-167_treatment_kit_online.pdf,45,F-202,no
F-167,Treatment Committee Kit,F-167,English,F-167,https://aaws.widen.net/content/px0bqwjej4/pdf/f-167_treatment_kit_online.pdf,46,SMF-38,no
F-167,Treatment Committee Kit,F-167,English,F-167,https://aaws.widen.net/content/px0bqwjej4/pdf/f-167_treatment_kit_online.pdf,47,F-74,no
F-167,Treatment Committee Kit,F-167,English,F-167,https://aaws.widen.net/content/px0bqwjej4/pdf/f-167_treatment_kit_online.pdf,48,F-78,no
F-167,Treatment Committee Kit,F-167,Spanish,SF-167,https://aaws.widen.net/content/lwund0nshb/pdf/sf-167_treatment-kit-digital_online.pdf,1,M-40I,yes
F-167,Treatment Committee Kit,F-167,Spanish,SF-167,https://aaws.widen.net/content/lwund0nshb/pdf/sf-167_treatment-kit-digital_online.pdf,2,MG-13,yes
F-167,Treatment Committee Kit,F-167,Spanish,SF-167,https://aaws.widen.net/content/lwund0nshb/pdf/sf-167_treatment-kit-digital_online.pdf,3,MG-14,yes
F-167,Treatment Committee Kit,F-167,Spanish,SF-167,https://aaws.widen.net/content/lwund0nshb/pdf/sf-167_treatment-kit-digital_online.pdf,4,MG-16,yes
F-167,Treatment Committee Kit,F-167,Spanish,SF-167,https://aaws.widen.net/content/lwund0nshb/pdf/sf-167_treatment-kit-digital_online.pdf,5,MG-10,yes
F-167,Treatment Committee Kit,F-167,Spanish,SF-167,https://aaws.widen.net/content/lwund0nshb/pdf/sf-167_treatment-kit-digital_online.pdf,6,F-10,yes
F-167,Treatment Committee Kit,F-167,Spanish,SF-167,https://aaws.widen.net/content/lwund0nshb/pdf/sf-167_treatment-kit-digital_online.pdf,7,P-69,no
F-167,Treatment Committee Kit,F-167,Spanish,SF-167,https://aaws.widen.net/content/lwund0nshb/pdf/sf-167_treatment-kit-digital_online.pdf,8,P-27,yes
F-167,Treatment Committee Kit,F-167,Spanish,SF-167,https://aaws.widen.net/content/lwund0nshb/pdf/sf-167_treatment-kit-digital_online.pdf,9,F-107,yes
F-167,Treatment Committee Kit,F-167,Spanish,SF-167,https://aaws.widen.net/content/lwund0nshb/pdf/sf-167_treatment-kit-digital_online.pdf,10,P-49,yes
F-167,Treatment Committee Kit,F-167,Spanish,SF-167,https://aaws.widen.net/content/lwund0nshb/pdf/sf-167_treatment-kit-digital_online.pdf,11,F-183,yes
F-167,Treatment Committee Kit,F-167,Spanish,SF-167,https://aaws.widen.net/content/lwund0nshb/pdf/sf-167_treatment-kit-digital_online.pdf,12,F-184,yes
F-167,Treatment Committee Kit,F-167,Spanish,SF-167,https://aaws.widen.net/content/lwund0nshb/pdf/sf-167_treatment-kit-digital_online.pdf,13,F-2,yes
F-167,Treatment Committee Kit,F-167,Spanish,SF-167,https://aaws.widen.net/content/lwund0nshb/pdf/sf-167_treatment-kit-digital_online.pdf,14,F-4,yes
F-167,Treatment Committee Kit,F-167,Spanish,SF-167,https://aaws.widen.net/content/lwund0nshb/pdf/sf-167_treatment-kit-digital_online.pdf,15,F-17,yes
F-167,Treatment Committee Kit,F-167,Spanish,SF-167,https://aaws.widen.net/content/lwund0nshb/pdf/sf-167_treatment-kit-digital_online.pdf,16,P-1,yes
F-167,Treatment Committee Kit,F-167,Spanish,SF-167,https://aaws.widen.net/content/lwund0nshb/pdf/sf-167_treatment-kit-digital_online.pdf,17,P-15,yes
F-167,Treatment Committee Kit,F-167,Spanish,SF-167,https://aaws.widen.net/content/lwund0nshb/pdf/sf-167_treatment-kit-digital_online.pdf,18,P-16,yes
F-167,Treatment Committee Kit,F-167,Spanish,SF-167,https://aaws.widen.net/content/lwund0nshb/pdf/sf-167_treatment-kit-digital_online.pdf,19,P-24,yes
F-167,Treatment Committee Kit,F-167,Spanish,SF-167,https://aaws.widen.net/content/lwund0nshb/pdf/sf-167_treatment-kit-digital_online.pdf,20,P-40,yes
F-167,Treatment Committee Kit,F-167,Spanish,SF-167,https://aaws.widen.net/content/lwund0nshb/pdf/sf-167_treatment-kit-digital_online.pdf,21,P-42,yes
F-167,Treatment Committee Kit,F-167,Spanish,SF-167,https://aaws.widen.net/content/lwund0nshb/pdf/sf-167_treatment-kit-digital_online.pdf,22,P-43,yes
F-167,Treatment Committee Kit,F-167,Spanish,SF-167,https://aaws.widen.net/content/lwund0nshb/pdf/sf-167_treatment-kit-digital_online.pdf,23,P-11,yes
F-167,Treatment Committee Kit,F-167,Spanish,SF-167,https://aaws.widen.net/content/lwund0nshb/pdf/sf-167_treatment-kit-digital_online.pdf,24,P-35,yes
F-167,Treatment Committee Kit,F-167,Spanish,SF-167,https://aaws.widen.net/content/lwund0nshb/pdf/sf-167_treatment-kit-digital_online.pdf,25,F-8,yes
F-167,Treatment Committee Kit,F-167,Spanish,SF-167,https://aaws.widen.net/content/lwund0nshb/pdf/sf-167_treatment-kit-digital_online.pdf,26,F-13,yes
F-167,Treatment Committee Kit,F-167,Spanish,SF-167,https://aaws.widen.net/content/lwund0nshb/pdf/sf-167_treatment-kit-digital_online.pdf,27,F-210,yes
F-167,Treatment Committee Kit,F-167,Spanish,SF-167,https://aaws.widen.net/content/lwund0nshb/pdf/sf-167_treatment-kit-digital_online.pdf,28,P-46,yes
F-167,Treatment Committee Kit,F-167,Spanish,SF-167,https://aaws.widen.net/content/lwund0nshb/pdf/sf-167_treatment-kit-digital_online.pdf,29,P-32,yes
F-167,Treatment Committee Kit,F-167,Spanish,SF-167,https://aaws.widen.net/content/lwund0nshb/pdf/sf-167_treatment-kit-digital_online.pdf,30,P-51,yes
F-167,Treatment Committee Kit,F-167,Spanish,SF-167,https://aaws.widen.net/content/lwund0nshb/pdf/sf-167_treatment-kit-digital_online.pdf,31,P-86,yes
F-167,Treatment Committee Kit,F-167,Spanish,SF-167,https://aaws.widen.net/content/lwund0nshb/pdf/sf-167_treatment-kit-digital_online.pdf,32,P-84,yes
F-167,Treatment Committee Kit,F-167,Spanish,SF-167,https://aaws.widen.net/content/lwund0nshb/pdf/sf-167_treatment-kit-digital_online.pdf,33,P-87,yes
F-167,Treatment Committee Kit,F-167,Spanish,SF-167,https://aaws.widen.net/content/lwund0nshb/pdf/sf-167_treatment-kit-digital_online.pdf,34,P-21,yes
F-167,Treatment Committee Kit,F-167,Spanish,SF-167,https://aaws.widen.net/content/lwund0nshb/pdf/sf-167_treatment-kit-digital_online.pdf,35,P-4,yes
F-167,Treatment Committee Kit,F-167,Spanish,SF-167,https://aaws.widen.net/content/lwund0nshb/pdf/sf-167_treatment-kit-digital_online.pdf,36,B-28,yes
F-167,Treatment Committee Kit,F-167,Spanish,SF-167,https://aaws.widen.net/content/lwund0nshb/pdf/sf-167_treatment-kit-digital_online.pdf,37,P-90,yes
F-167,Treatment Committee Kit,F-167,Spanish,SF-167,https://aaws.widen.net/content/lwund0nshb/pdf/sf-167_treatment-kit-digital_online.pdf,38,P-83,yes
F-167,Treatment Committee Kit,F-167,Spanish,SF-167,https://aaws.widen.net/content/lwund0nshb/pdf/sf-167_treatment-kit-digital_online.pdf,39,P-50,yes
F-167,Treatment Committee Kit,F-167,Spanish,SF-167,https://aaws.widen.net/content/lwund0nshb/pdf/sf-167_treatment-kit-digital_online.pdf,40,B-90,no
F-167,Treatment Committee Kit,F-167,Spanish,SF-167,https://aaws.widen.net/content/lwund0nshb/pdf/sf-167_treatment-kit-digital_online.pdf,41,F-188,no
F-167,Treatment Committee Kit,F-167,Spanish,SF-167,https://aaws.widen.net/content/lwund0nshb/pdf/sf-167_treatment-kit-digital_online.pdf,42,F-202,no
F-167,Treatment Committee Kit,F-167,Spanish,SF-167,https://aaws.widen.net/content/lwund0nshb/pdf/sf-167_treatment-kit-digital_online.pdf,43,SMF-38,no
F-167,Treatment Committee Kit,F-167,Spanish,SF-167,https://aaws.widen.net/content/lwund0nshb/pdf/sf-167_treatment-kit-digital_online.pdf,44,F-74,no
F-167,Treatment Committee Kit,F-167,Spanish,SF-167,https://aaws.widen.net/content/lwund0nshb/pdf/sf-167_treatment-kit-digital_online.pdf,45,F-78,no
F-167,Treatment Committee Kit,F-167,French,FF-167,https://aaws.widen.net/content/jijhu46acj/pdf/ff-167_treatment_kit_online.pdf,1,M-40I,yes
F-167,Treatment Committee Kit,F-167,French,FF-167,https://aaws.widen.net/content/jijhu46acj/pdf/ff-167_treatment_kit_online.pdf,2,MG-13,yes
F-167,Treatment Committee Kit,F-167,French,FF-167,https://aaws.widen.net/content/jijhu46acj/pdf/ff-167_treatment_kit_online.pdf,3,MG-14,yes
F-167,Treatment Committee Kit,F-167,French,FF-167,https://aaws.widen.net/content/jijhu46acj/pdf/ff-167_treatment_kit_online.pdf,4,MG-16,yes
F-167,Treatment Committee Kit,F-167,French,FF-167,https://aaws.widen.net/content/jijhu46acj/pdf/ff-167_treatment_kit_online.pdf,5,MG-10,yes
F-167,Treatment Committee Kit,F-167,French,FF-167,https://aaws.widen.net/content/jijhu46acj/pdf/ff-167_treatment_kit_online.pdf,6,F-10,yes
F-167,Treatment Committee Kit,F-167,French,FF-167,https://aaws.widen.net/content/jijhu46acj/pdf/ff-167_treatment_kit_online.pdf,7,P-69,no
F-167,Treatment Committee Kit,F-167,French,FF-167,https://aaws.widen.net/content/jijhu46acj/pdf/ff-167_treatment_kit_online.pdf,8,P-27,yes
F-167,Treatment Committee Kit,F-167,French,FF-167,https://aaws.widen.net/content/jijhu46acj/pdf/ff-167_treatment_kit_online.pdf,9,F-107,yes
F-167,Treatment Committee Kit,F-167,French,FF-167,https://aaws.widen.net/content/jijhu46acj/pdf/ff-167_treatment_kit_online.pdf,10,P-49,yes
F-167,Treatment Committee Kit,F-167,French,FF-167,https://aaws.widen.net/content/jijhu46acj/pdf/ff-167_treatment_kit_online.pdf,11,F-183,yes
F-167,Treatment Committee Kit,F-167,French,FF-167,https://aaws.widen.net/content/jijhu46acj/pdf/ff-167_treatment_kit_online.pdf,12,F-184,yes
F-167,Treatment Committee Kit,F-167,French,FF-167,https://aaws.widen.net/content/jijhu46acj/pdf/ff-167_treatment_kit_online.pdf,13,F-2,yes
F-167,Treatment Committee Kit,F-167,French,FF-167,https://aaws.widen.net/content/jijhu46acj/pdf/ff-167_treatment_kit_online.pdf,14,F-4,yes
F-167,Treatment Committee Kit,F-167,French,FF-167,https://aaws.widen.net/content/jijhu46acj/pdf/ff-167_treatment_kit_online.pdf,15,F-17,yes
F-167,Treatment Committee Kit,F-167,French,FF-167,https://aaws.widen.net/content/jijhu46acj/pdf/ff-167_treatment_kit_online.pdf,16,P-1,yes
F-167,Treatment Committee Kit,F-167,French,FF-167,https://aaws.widen.net/content/jijhu46acj/pdf/ff-167_treatment_kit_online.pdf,17,P-15,yes
F-167,Treatment Committee Kit,F-167,French,FF-167,https://aaws.widen.net/content/jijhu46acj/pdf/ff-167_treatment_kit_online.pdf,18,P-16,yes
F-167,Treatment Committee Kit,F-167,French,FF-167,https://aaws.widen.net/content/jijhu46acj/pdf/ff-167_treatment_kit_online.pdf,19,P-24,yes
F-167,Treatment Committee Kit,F-167,French,FF-167,https://aaws.widen.net/content/jijhu46acj/pdf/ff-167_treatment_kit_online.pdf,20,P-40,yes
F-167,Treatment Committee Kit,F-167,French,FF-167,https://aaws.widen.net/content/jijhu46acj/pdf/ff-167_treatment_kit_online.pdf,21,P-42,yes
F-167,Treatment Committee Kit,F-167,French,FF-167,https://aaws.widen.net/content/jijhu46acj/pdf/ff-167_treatment_kit_online.pdf,22,P-43,yes
F-167,Treatment Committee Kit,F-167,French,FF-167,https://aaws.widen.net/content/jijhu46acj/pdf/ff-167_treatment_kit_online.pdf,23,P-11,yes
F-167,Treatment Committee Kit,F-167,French,FF-167,https://aaws.widen.net/content/jijhu46acj/pdf/ff-167_treatment_kit_online.pdf,24,P-35,yes
F-167,Treatment Committee Kit,F-167,French,FF-167,https://aaws.widen.net/content/jijhu46acj/pdf/ff-167_treatment_kit_online.pdf,25,F-8,yes
F-167,Treatment Committee Kit,F-167,French,FF-167,https://aaws.widen.net/content/jijhu46acj/pdf/ff-167_treatment_kit_online.pdf,26,F-13,yes
F-167,Treatment Committee Kit,F-167,French,FF-167,https://aaws.widen.net/content/jijhu46acj/pdf/ff-167_treatment_kit_online.pdf,27,F-210,yes
F-167,Treatment Committee Kit,F-167,French,FF-167,https://aaws.widen.net/content/jijhu46acj/pdf/ff-167_treatment_kit_online.pdf,28,P-46,yes
F-167,Treatment Committee Kit,F-167,French,FF-167,https://aaws.widen.net/content/jijhu46acj/pdf/ff-167_treatment_kit_online.pdf,29,P-32,yes
F-167,Treatment Committee Kit,F-167,French,FF-167,https://aaws.widen.net/content/jijhu46acj/pdf/ff-167_treatment_kit_online.pdf,30,P-51,yes
F-167,Treatment Committee Kit,F-167,French,FF-167,https://aaws.widen.net/content/jijhu46acj/pdf/ff-167_treatment_kit_online.pdf,31,P-86,yes
F-167,Treatment Committee Kit,F-167,French,FF-167,https://aaws.widen.net/content/jijhu46acj/pdf/ff-167_treatment_kit_online.pdf,32,P-84,yes
F-167,Treatment Committee Kit,F-167,French,FF-167,https://aaws.widen.net/content/jijhu46acj/pdf/ff-167_treatment_kit_online.pdf,33,P-87,yes
F-167,Treatment Committee Kit,F-167,French,FF-167,https://aaws.widen.net/content/jijhu46acj/pdf/ff-167_treatment_kit_online.pdf,34,P-21,yes
F-167,Treatment Committee Kit,F-167,French,FF-167,https://aaws.widen.net/content/jijhu46acj/pdf/ff-167_treatment_kit_online.pdf,35,P-4,yes
F-167,Treatment Committee Kit,F-167,French,FF-167,https://aaws.widen.net/content/jijhu46acj/pdf/ff-167_treatment_kit_online.pdf,36,B-28,yes
F-167,Treatment Committee Kit,F-167,French,FF-167,https://aaws.widen.net/content/jijhu46acj/pdf/ff-167_treatment_kit_online.pdf,37,P-90,yes
F-167,Treatment Committee Kit,F-167,French,FF-167,https://aaws.widen.net/content/jijhu46acj/pdf/ff-167_treatment_kit_online.pdf,38,P-83,yes
F-167,Treatment Committee Kit,F-167,French,FF-167,https://aaws.widen.net/content/jijhu46acj/pdf/ff-167_treatment_kit_online.pdf,39,P-50,yes
F-167,Treatment Committee Kit,F-167,French,FF-167,https://aaws.widen.net/content/jijhu46acj/pdf/ff-167_treatment_kit_online.pdf,40,B-90,no
F-167,Treatment Committee Kit,F-167,French,FF-167,https://aaws.widen.net/content/jijhu46acj/pdf/ff-167_treatment_kit_online.pdf,41,F-188,no
F-167,Treatment Committee Kit,F-167,French,FF-167,https://aaws.widen.net/content/jijhu46acj/pdf/ff-167_treatment_kit_online.pdf,42,F-202,no
F-167,Treatment Committee Kit,F-167,French,FF-167,https://aaws.widen.net/content/jijhu46acj/pdf/ff-167_treatment_kit_online.pdf,43,F-74,no
F-167,Treatment Committee Kit,F-167,French,FF-167,https://aaws.widen.net/content/jijhu46acj/pdf/ff-167_treatment_kit_online.pdf,44,F-78,no
F-182,Accessibilities Kit,F-182,English,F-182,https://aaws.widen.net/content/f7uqexhkux/pdf/f-182_accessibility_kit_online.pdf,1,M-48I,yes
F-182,Accessibilities Kit,F-182,English,F-182,https://aaws.widen.net/content/f7uqexhkux/pdf/f-182_accessibility_kit_online.pdf,2,MG-13,yes
F-182,Accessibilities Kit,F-182,English,F-182,https://aaws.widen.net/content/f7uqexhkux/pdf/f-182_accessibility_kit_online.pdf,3,MG-16,yes
F-182,Accessibilities Kit,F-182,English,F-182,https://aaws.widen.net/content/f7uqexhkux/pdf/f-182_accessibility_kit_online.pdf,4,MG-19,yes
F-182,Accessibilities Kit,F-182,English,F-182,https://aaws.widen.net/content/f7uqexhkux/pdf/f-182_accessibility_kit_online.pdf,5,F-10,yes
F-182,Accessibilities Kit,F-182,English,F-182,https://aaws.widen.net/content/f7uqexhkux/pdf/f-182_accessibility_kit_online.pdf,6,SMF-123,yes
F-182,Accessibilities Kit,F-182,English,F-182,https://aaws.widen.net/content/f7uqexhkux/pdf/f-182_accessibility_kit_online.pdf,7,SMF-208,yes
F-182,Accessibilities Kit,F-182,English,F-182,https://aaws.widen.net/content/f7uqexhkux/pdf/f-182_accessibility_kit_online.pdf,8,F-107,yes
F-182,Accessibilities Kit,F-182,English,F-182,https://aaws.widen.net/content/f7uqexhkux/pdf/f-182_accessibility_kit_online.pdf,9,F-227,yes
F-182,Accessibilities Kit,F-182,English,F-182,https://aaws.widen.net/content/f7uqexhkux/pdf/f-182_accessibility_kit_online.pdf,10,F-234,yes
F-182,Accessibilities Kit,F-182,English,F-182,https://aaws.widen.net/content/f7uqexhkux/pdf/f-182_accessibility_kit_online.pdf,11,P-36,yes
F-182,Accessibilities Kit,F-182,English,F-182,https://aaws.widen.net/content/f7uqexhkux/pdf/f-182_accessibility_kit_online.pdf,12,P-56,yes
F-182,Accessibilities Kit,F-182,English,F-182,https://aaws.widen.net/content/f7uqexhkux/pdf/f-182_accessibility_kit_online.pdf,13,P-57,yes
F-182,Accessibilities Kit,F-182,English,F-182,https://aaws.widen.net/content/f7uqexhkux/pdf/f-182_accessibility_kit_online.pdf,14,P-40,yes
F-182,Accessibilities Kit,F-182,English,F-182,https://aaws.widen.net/content/f7uqexhkux/pdf/f-182_accessibility_kit_online.pdf,15,P-55,yes
F-182,Accessibilities Kit,F-182,English,F-182,https://aaws.widen.net/content/f7uqexhkux/pdf/f-182_accessibility_kit_online.pdf,16,P-15,yes
F-182,Accessibilities Kit,F-182,English,F-182,https://aaws.widen.net/content/f7uqexhkux/pdf/f-182_accessibility_kit_online.pdf,17,F-13,yes
F-182,Accessibilities Kit,F-182,English,F-182,https://aaws.widen.net/content/f7uqexhkux/pdf/f-182_accessibility_kit_online.pdf,18,P-83,yes
F-182,Accessibilities Kit,F-182,English,F-182,https://aaws.widen.net/content/f7uqexhkux/pdf/f-182_accessibility_kit_online.pdf,19,P-86,yes
F-182,Accessibilities Kit,F-182,English,F-182,https://aaws.widen.net/content/f7uqexhkux/pdf/f-182_accessibility_kit_online.pdf,20,B-28,yes
F-182,Accessibilities Kit,F-182,English,F-182,https://aaws.widen.net/content/f7uqexhkux/pdf/f-182_accessibility_kit_online.pdf,21,P-50,yes
F-182,Accessibilities Kit,F-182,English,F-182,https://aaws.widen.net/content/f7uqexhkux/pdf/f-182_accessibility_kit_online.pdf,22,P-90,yes
F-182,Accessibilities Kit,F-182,English,F-182,https://aaws.widen.net/content/f7uqexhkux/pdf/f-182_accessibility_kit_online.pdf,23,P-51,yes
F-182,Accessibilities Kit,F-182,English,F-182,https://aaws.widen.net/content/f7uqexhkux/pdf/f-182_accessibility_kit_online.pdf,24,P-21,yes
F-182,Accessibilities Kit,F-182,English,F-182,https://aaws.widen.net/content/f7uqexhkux/pdf/f-182_accessibility_kit_online.pdf,25,P-32,yes
F-182,Accessibilities Kit,F-182,English,F-182,https://aaws.widen.net/content/f7uqexhkux/pdf/f-182_accessibility_kit_online.pdf,26,B-90,no
F-182,Accessibilities Kit,F-182,English,F-182,https://aaws.widen.net/content/f7uqexhkux/pdf/f-182_accessibility_kit_online.pdf,27,F-188,no
F-182,Accessibilities Kit,F-182,English,F-182,https://aaws.widen.net/content/f7uqexhkux/pdf/f-182_accessibility_kit_online.pdf,28,F-202,no
F-182,Accessibilities Kit,F-182,English,F-182,https://aaws.widen.net/content/f7uqexhkux/pdf/f-182_accessibility_kit_online.pdf,29,F-74,no
F-182,Accessibilities Kit,F-182,English,F-182,https://aaws.widen.net/content/f7uqexhkux/pdf/f-182_accessibility_kit_online.pdf,30,F-78,no
F-182,Accessibilities Kit,F-182,Spanish,SF-182,https://aaws.widen.net/content/i2e3t96uk7/pdf/sf-182_accessibility_kit_digital_online.pdf,1,M-48I,yes
F-182,Accessibilities Kit,F-182,Spanish,SF-182,https://aaws.widen.net/content/i2e3t96uk7/pdf/sf-182_accessibility_kit_digital_online.pdf,2,MG-13,yes
F-182,Accessibilities Kit,F-182,Spanish,SF-182,https://aaws.widen.net/content/i2e3t96uk7/pdf/sf-182_accessibility_kit_digital_online.pdf,3,MG-16,yes
F-182,Accessibilities Kit,F-182,Spanish,SF-182,https://aaws.widen.net/content/i2e3t96uk7/pdf/sf-182_accessibility_kit_digital_online.pdf,4,MG-19,yes
F-182,Accessibilities Kit,F-182,Spanish,SF-182,https://aaws.widen.net/content/i2e3t96uk7/pdf/sf-182_accessibility_kit_digital_online.pdf,5,F-10,yes
F-182,Accessibilities Kit,F-182,Spanish,SF-182,https://aaws.widen.net/content/i2e3t96uk7/pdf/sf-182_accessibility_kit_digital_online.pdf,6,SMF-123,yes
F-182,Accessibilities Kit,F-182,Spanish,SF-182,https://aaws.widen.net/content/i2e3t96uk7/pdf/sf-182_accessibility_kit_digital_online.pdf,7,F-107,yes
F-182,Accessibilities Kit,F-182,Spanish,SF-182,https://aaws.widen.net/content/i2e3t96uk7/pdf/sf-182_accessibility_kit_digital_online.pdf,8,F-240,yes
F-182,Accessibilities Kit,F-182,Spanish,SF-182,https://aaws.widen.net/content/i2e3t96uk7/pdf/sf-182_accessibility_kit_digital_online.pdf,9,F-227,yes
F-182,Accessibilities Kit,F-182,Spanish,SF-182,https://aaws.widen.net/content/i2e3t96uk7/pdf/sf-182_accessibility_kit_digital_online.pdf,10,F-234,yes
F-182,Accessibilities Kit,F-182,Spanish,SF-182,https://aaws.widen.net/content/i2e3t96uk7/pdf/sf-182_accessibility_kit_digital_online.pdf,11,P-36,yes
F-182,Accessibilities Kit,F-182,Spanish,SF-182,https://aaws.widen.net/content/i2e3t96uk7/pdf/sf-182_accessibility_kit_digital_online.pdf,12,P-56,yes
F-182,Accessibilities Kit,F-182,Spanish,SF-182,https://aaws.widen.net/content/i2e3t96uk7/pdf/sf-182_accessibility_kit_digital_online.pdf,13,P-57,yes
F-182,Accessibilities Kit,F-182,Spanish,SF-182,https://aaws.widen.net/content/i2e3t96uk7/pdf/sf-182_accessibility_kit_digital_online.pdf,14,P-40,yes
F-182,Accessibilities Kit,F-182,Spanish,SF-182,https://aaws.widen.net/content/i2e3t96uk7/pdf/sf-182_accessibility_kit_digital_online.pdf,15,P-55,yes
F-182,Accessibilities Kit,F-182,Spanish,SF-182,https://aaws.widen.net/content/i2e3t96uk7/pdf/sf-182_accessibility_kit_digital_online.pdf,16,P-15,yes
F-182,Accessibilities Kit,F-182,Spanish,SF-182,https://aaws.widen.net/content/i2e3t96uk7/pdf/sf-182_accessibility_kit_digital_online.pdf,17,F-13,yes
F-182,Accessibilities Kit,F-182,Spanish,SF-182,https://aaws.widen.net/content/i2e3t96uk7/pdf/sf-182_accessibility_kit_digital_online.pdf,18,P-83,yes
F-182,Accessibilities Kit,F-182,Spanish,SF-182,https://aaws.widen.net/content/i2e3t96uk7/pdf/sf-182_accessibility_kit_digital_online.pdf,19,P-86,yes
F-182,Accessibilities Kit,F-182,Spanish,SF-182,https://aaws.widen.net/content/i2e3t96uk7/pdf/sf-182_accessibility_kit_digital_online.pdf,20,B-28,yes
F-182,Accessibilities Kit,F-182,Spanish,SF-182,https://aaws.widen.net/content/i2e3t96uk7/pdf/sf-182_accessibility_kit_digital_online.pdf,21,P-50,yes
F-182,Accessibilities Kit,F-182,Spanish,SF-182,https://aaws.widen.net/content/i2e3t96uk7/pdf/sf-182_accessibility_kit_digital_online.pdf,22,P-90,yes
F-182,Accessibilities Kit,F-182,Spanish,SF-182,https://aaws.widen.net/content/i2e3t96uk7/pdf/sf-182_accessibility_kit_digital_online.pdf,23,P-51,yes
F-182,Accessibilities Kit,F-182,Spanish,SF-182,https://aaws.widen.net/content/i2e3t96uk7/pdf/sf-182_accessibility_kit_digital_online.pdf,24,P-21,yes
F-182,Accessibilities Kit,F-182,Spanish,SF-182,https://aaws.widen.net/content/i2e3t96uk7/pdf/sf-182_accessibility_kit_digital_online.pdf,25,P-32,yes
F-182,Accessibilities Kit,F-182,Spanish,SF-182,https://aaws.widen.net/content/i2e3t96uk7/pdf/sf-182_accessibility_kit_digital_online.pdf,26,B-90,no
F-182,Accessibilities Kit,F-182,Spanish,SF-182,https://aaws.widen.net/content/i2e3t96uk7/pdf/sf-182_accessibility_kit_digital_online.pdf,27,F-188,no
F-182,Accessibilities Kit,F-182,Spanish,SF-182,https://aaws.widen.net/content/i2e3t96uk7/pdf/sf-182_accessibility_kit_digital_online.pdf,28,F-202,no
F-182,Accessibilities Kit,F-182,Spanish,SF-182,https://aaws.widen.net/content/i2e3t96uk7/pdf/sf-182_accessibility_kit_digital_online.pdf,29,F-74,no
F-182,Accessibilities Kit,F-182,Spanish,SF-182,https://aaws.widen.net/content/i2e3t96uk7/pdf/sf-182_accessibility_kit_digital_online.pdf,30,F-78,no
F-182,Accessibilities Kit,F-182,Spanish,SF-182,https://aaws.widen.net/content/i2e3t96uk7/pdf/sf-182_accessibility_kit_digital_online.pdf,31,SMF-124,no
F-182,Accessibilities Kit,F-182,French,FF-182,https://aaws.widen.net/content/irbmjm3pk3/pdf/ff-182_accessibility_kit_online.pdf,1,M-48I,yes
F-182,Accessibilities Kit,F-182,French,FF-182,https://aaws.widen.net/content/irbmjm3pk3/pdf/ff-182_accessibility_kit_online.pdf,2,MG-13,yes
F-182,Accessibilities Kit,F-182,French,FF-182,https://aaws.widen.net/content/irbmjm3pk3/pdf/ff-182_accessibility_kit_online.pdf,3,MG-16,yes
F-182,Accessibilities Kit,F-182,French,FF-182,https://aaws.widen.net/content/irbmjm3pk3/pdf/ff-182_accessibility_kit_online.pdf,4,MG-19,yes
F-182,Accessibilities Kit,F-182,French,FF-182,https://aaws.widen.net/content/irbmjm3pk3/pdf/ff-182_accessibility_kit_online.pdf,5,F-10,yes
F-182,Accessibilities Kit,F-182,French,FF-182,https://aaws.widen.net/content/irbmjm3pk3/pdf/ff-182_accessibility_kit_online.pdf,6,SMF-123,yes
F-182,Accessibilities Kit,F-182,French,FF-182,https://aaws.widen.net/content/irbmjm3pk3/pdf/ff-182_accessibility_kit_online.pdf,7,F-107,yes
F-182,Accessibilities Kit,F-182,French,FF-182,https://aaws.widen.net/content/irbmjm3pk3/pdf/ff-182_accessibility_kit_online.pdf,8,F-227,yes
F-182,Accessibilities Kit,F-182,French,FF-182,https://aaws.widen.net/content/irbmjm3pk3/pdf/ff-182_accessibility_kit_online.pdf,9,F-234,yes
F-182,Accessibilities Kit,F-182,French,FF-182,https://aaws.widen.net/content/irbmjm3pk3/pdf/ff-182_accessibility_kit_online.pdf,10,P-36,yes
F-182,Accessibilities Kit,F-182,French,FF-182,https://aaws.widen.net/content/irbmjm3pk3/pdf/ff-182_accessibility_kit_online.pdf,11,P-56,yes
F-182,Accessibilities Kit,F-182,French,FF-182,https://aaws.widen.net/content/irbmjm3pk3/pdf/ff-182_accessibility_kit_online.pdf,12,P-57,yes
F-182,Accessibilities Kit,F-182,French,FF-182,https://aaws.widen.net/content/irbmjm3pk3/pdf/ff-182_accessibility_kit_online.pdf,13,P-40,yes
F-182,Accessibilities Kit,F-182,French,FF-182,https://aaws.widen.net/content/irbmjm3pk3/pdf/ff-182_accessibility_kit_online.pdf,14,P-55,yes
F-182,Accessibilities Kit,F-182,French,FF-182,https://aaws.widen.net/content/irbmjm3pk3/pdf/ff-182_accessibility_kit_online.pdf,15,P-15,yes
F-182,Accessibilities Kit,F-182,French,FF-182,https://aaws.widen.net/content/irbmjm3pk3/pdf/ff-182_accessibility_kit_online.pdf,16,F-13,yes
F-182,Accessibilities Kit,F-182,French,FF-182,https://aaws.widen.net/content/irbmjm3pk3/pdf/ff-182_accessibility_kit_online.pdf,17,P-83,yes
F-182,Accessibilities Kit,F-182,French,FF-182,https://aaws.widen.net/content/irbmjm3pk3/pdf/ff-182_accessibility_kit_online.pdf,18,P-86,yes
F-182,Accessibilities Kit,F-182,French,FF-182,https://aaws.widen.net/content/irbmjm3pk3/pdf/ff-182_accessibility_kit_online.pdf,19,B-28,yes
F-182,Accessibilities Kit,F-182,French,FF-182,https://aaws.widen.net/content/irbmjm3pk3/pdf/ff-182_accessibility_kit_online.pdf,20,P-50,yes
F-182,Accessibilities Kit,F-182,French,FF-182,https://aaws.widen.net/content/irbmjm3pk3/pdf/ff-182_accessibility_kit_online.pdf,21,P-90,yes
F-182,Accessibilities Kit,F-182,French,FF-182,https://aaws.widen.net/content/irbmjm3pk3/pdf/ff-182_accessibility_kit_online.pdf,22,P-51,yes
F-182,Accessibilities Kit,F-182,French,FF-182,https://aaws.widen.net/content/irbmjm3pk3/pdf/ff-182_accessibility_kit_online.pdf,23,P-21,yes
F-182,Accessibilities Kit,F-182,French,FF-182,https://aaws.widen.net/content/irbmjm3pk3/pdf/ff-182_accessibility_kit_online.pdf,24,P-32,yes
F-182,Accessibilities Kit,F-182,French,FF-182,https://aaws.widen.net/content/irbmjm3pk3/pdf/ff-182_accessibility_kit_online.pdf,25,B-90,no
F-182,Accessibilities Kit,F-182,French,FF-182,https://aaws.widen.net/content/irbmjm3pk3/pdf/ff-182_accessibility_kit_online.pdf,26,F-188,no
F-182,Accessibilities Kit,F-182,French,FF-182,https://aaws.widen.net/content/irbmjm3pk3/pdf/ff-182_accessibility_kit_online.pdf,27,F-202,no
F-182,Accessibilities Kit,F-182,French,FF-182,https://aaws.widen.net/content/irbmjm3pk3/pdf/ff-182_accessibility_kit_online.pdf,28,F-74,no
F-182,Accessibilities Kit,F-182,French,FF-182,https://aaws.widen.net/content/irbmjm3pk3/pdf/ff-182_accessibility_kit_online.pdf,29,F-78,no
F-227,Remote Communities Kit,F-227,English,F-227,https://aaws.widen.net/content/jmr9apapqs/pdf/f-227-remote_communities_resource_list_online.pdf,1,M-48I,yes
F-227,Remote Communities Kit,F-227,English,F-227,https://aaws.widen.net/content/jmr9apapqs/pdf/f-227-remote_communities_resource_list_online.pdf,2,MG-19,yes
F-227,Remote Communities Kit,F-227,English,F-227,https://aaws.widen.net/content/jmr9apapqs/pdf/f-227-remote_communities_resource_list_online.pdf,3,SMF-123,yes
F-227,Remote Communities Kit,F-227,English,F-227,https://aaws.widen.net/content/jmr9apapqs/pdf/f-227-remote_communities_resource_list_online.pdf,4,F-107,yes
F-227,Remote Communities Kit,F-227,English,F-227,https://aaws.widen.net/content/jmr9apapqs/pdf/f-227-remote_communities_resource_list_online.pdf,5,F-240,yes
F-227,Remote Communities Kit,F-227,English,F-227,https://aaws.widen.net/content/jmr9apapqs/pdf/f-227-remote_communities_resource_list_online.pdf,6,F-234,yes
F-227,Remote Communities Kit,F-227,English,F-227,https://aaws.widen.net/content/jmr9apapqs/pdf/f-227-remote_communities_resource_list_online.pdf,7,P-40,yes
F-227,Remote Communities Kit,F-227,English,F-227,https://aaws.widen.net/content/jmr9apapqs/pdf/f-227-remote_communities_resource_list_online.pdf,8,F-2,yes
F-227,Remote Communities Kit,F-227,English,F-227,https://aaws.widen.net/content/jmr9apapqs/pdf/f-227-remote_communities_resource_list_online.pdf,9,P-11,yes
F-227,Remote Communities Kit,F-227,English,F-227,https://aaws.widen.net/content/jmr9apapqs/pdf/f-227-remote_communities_resource_list_online.pdf,10,F-8,yes
F-227,Remote Communities Kit,F-227,English,F-227,https://aaws.widen.net/content/jmr9apapqs/pdf/f-227-remote_communities_resource_list_online.pdf,11,P-15,yes
F-227,Remote Communities Kit,F-227,English,F-227,https://aaws.widen.net/content/jmr9apapqs/pdf/f-227-remote_communities_resource_list_online.pdf,12,P-21,yes
F-227,Remote Communities Kit,F-227,English,F-227,https://aaws.widen.net/content/jmr9apapqs/pdf/f-227-remote_communities_resource_list_online.pdf,13,P-51,yes
F-227,Remote Communities Kit,F-227,English,F-227,https://aaws.widen.net/content/jmr9apapqs/pdf/f-227-remote_communities_resource_list_online.pdf,14,P-90,yes
F-227,Remote Communities Kit,F-227,English,F-227,https://aaws.widen.net/content/jmr9apapqs/pdf/f-227-remote_communities_resource_list_online.pdf,15,P-50,yes
F-227,Remote Communities Kit,F-227,English,F-227,https://aaws.widen.net/content/jmr9apapqs/pdf/f-227-remote_communities_resource_list_online.pdf,16,B-28,yes
F-227,Remote Communities Kit,F-227,English,F-227,https://aaws.widen.net/content/jmr9apapqs/pdf/f-227-remote_communities_resource_list_online.pdf,17,P-13,yes
F-227,Remote Communities Kit,F-227,English,F-227,https://aaws.widen.net/content/jmr9apapqs/pdf/f-227-remote_communities_resource_list_online.pdf,18,P-84,yes
F-227,Remote Communities Kit,F-227,English,F-227,https://aaws.widen.net/content/jmr9apapqs/pdf/f-227-remote_communities_resource_list_online.pdf,19,P-87,yes
F-227,Remote Communities Kit,F-227,English,F-227,https://aaws.widen.net/content/jmr9apapqs/pdf/f-227-remote_communities_resource_list_online.pdf,20,P-32,yes
F-227,Remote Communities Kit,F-227,English,F-227,https://aaws.widen.net/content/jmr9apapqs/pdf/f-227-remote_communities_resource_list_online.pdf,21,P-5,yes
F-227,Remote Communities Kit,F-227,English,F-227,https://aaws.widen.net/content/jmr9apapqs/pdf/f-227-remote_communities_resource_list_online.pdf,22,P-86,yes
F-227,Remote Communities Kit,F-227,English,F-227,https://aaws.widen.net/content/jmr9apapqs/pdf/f-227-remote_communities_resource_list_online.pdf,23,P-47,yes
F-227,Remote Communities Kit,F-227,English,F-227,https://aaws.widen.net/content/jmr9apapqs/pdf/f-227-remote_communities_resource_list_online.pdf,24,P-4,yes
F-227,Remote Communities Kit,F-227,English,F-227,https://aaws.widen.net/content/jmr9apapqs/pdf/f-227-remote_communities_resource_list_online.pdf,25,P-46,yes
F-227,Remote Communities Kit,F-227,English,F-227,https://aaws.widen.net/content/jmr9apapqs/pdf/f-227-remote_communities_resource_list_online.pdf,26,P-23,yes
F-227,Remote Communities Kit,F-227,Spanish,SF-227,https://aaws.widen.net/content/69s6sp654a/pdf/sf-227_remote_communities_resource_list_online.pdf,1,M-48I,yes
F-227,Remote Communities Kit,F-227,Spanish,SF-227,https://aaws.widen.net/content/69s6sp654a/pdf/sf-227_remote_communities_resource_list_online.pdf,2,MG-19,yes
F-227,Remote Communities Kit,F-227,Spanish,SF-227,https://aaws.widen.net/content/69s6sp654a/pdf/sf-227_remote_communities_resource_list_online.pdf,3,SMF-123,yes
F-227,Remote Communities Kit,F-227,Spanish,SF-227,https://aaws.widen.net/content/69s6sp654a/pdf/sf-227_remote_communities_resource_list_online.pdf,4,F-107,yes
F-227,Remote Communities Kit,F-227,Spanish,SF-227,https://aaws.widen.net/content/69s6sp654a/pdf/sf-227_remote_communities_resource_list_online.pdf,5,F-234,yes
F-227,Remote Communities Kit,F-227,Spanish,SF-227,https://aaws.widen.net/content/69s6sp654a/pdf/sf-227_remote_communities_resource_list_online.pdf,6,P-40,yes
F-227,Remote Communities Kit,F-227,Spanish,SF-227,https://aaws.widen.net/content/69s6sp654a/pdf/sf-227_remote_communities_resource_list_online.pdf,7,F-2,yes
F-227,Remote Communities Kit,F-227,Spanish,SF-227,https://aaws.widen.net/content/69s6sp654a/pdf/sf-227_remote_communities_resource_list_online.pdf,8,P-11,yes
F-227,Remote Communities Kit,F-227,Spanish,SF-227,https://aaws.widen.net/content/69s6sp654a/pdf/sf-227_remote_communities_resource_list_online.pdf,9,F-8,yes
F-227,Remote Communities Kit,F-227,Spanish,SF-227,https://aaws.widen.net/content/69s6sp654a/pdf/sf-227_remote_communities_resource_list_online.pdf,10,P-15,yes
F-227,Remote Communities Kit,F-227,Spanish,SF-227,https://aaws.widen.net/content/69s6sp654a/pdf/sf-227_remote_communities_resource_list_online.pdf,11,P-21,yes
F-227,Remote Communities Kit,F-227,Spanish,SF-227,https://aaws.widen.net/content/69s6sp654a/pdf/sf-227_remote_communities_resource_list_online.pdf,12,P-51,yes
F-227,Remote Communities Kit,F-227,Spanish,SF-227,https://aaws.widen.net/content/69s6sp654a/pdf/sf-227_remote_communities_resource_list_online.pdf,13,P-90,yes
F-227,Remote Communities Kit,F-227,Spanish,SF-227,https://aaws.widen.net/content/69s6sp654a/pdf/sf-227_remote_communities_resource_list_online.pdf,14,P-50,yes
F-227,Remote Communities Kit,F-227,Spanish,SF-227,https://aaws.widen.net/content/69s6sp654a/pdf/sf-227_remote_communities_resource_list_online.pdf,15,B-28,yes
F-227,Remote Communities Kit,F-227,Spanish,SF-227,https://aaws.widen.net/content/69s6sp654a/pdf/sf-227_remote_communities_resource_list_online.pdf,16,P-13,yes
F-227,Remote Communities Kit,F-227,Spanish,SF-227,https://aaws.widen.net/content/69s6sp654a/pdf/sf-227_remote_communities_resource_list_online.pdf,17,P-84,yes
F-227,Remote Communities Kit,F-227,Spanish,SF-227,https://aaws.widen.net/content/69s6sp654a/pdf/sf-227_remote_communities_resource_list_online.pdf,18,P-87,yes
F-227,Remote Communities Kit,F-227,Spanish,SF-227,https://aaws.widen.net/content/69s6sp654a/pdf/sf-227_remote_communities_resource_list_online.pdf,19,P-32,yes
F-227,Remote Communities Kit,F-227,Spanish,SF-227,https://aaws.widen.net/content/69s6sp654a/pdf/sf-227_remote_communities_resource_list_online.pdf,20,P-5,yes
F-227,Remote Communities Kit,F-227,Spanish,SF-227,https://aaws.widen.net/content/69s6sp654a/pdf/sf-227_remote_communities_resource_list_online.pdf,21,P-86,yes
F-227,Remote Communities Kit,F-227,Spanish,SF-227,https://aaws.widen.net/content/69s6sp654a/pdf/sf-227_remote_communities_resource_list_online.pdf,22,P-47,yes
F-227,Remote Communities Kit,F-227,Spanish,SF-227,https://aaws.widen.net/content/69s6sp654a/pdf/sf-227_remote_communities_resource_list_online.pdf,23,P-4,yes
F-227,Remote Communities Kit,F-227,Spanish,SF-227,https://aaws.widen.net/content/69s6sp654a/pdf/sf-227_remote_communities_resource_list_online.pdf,24,P-46,yes
F-227,Remote Communities Kit,F-227,Spanish,SF-227,https://aaws.widen.net/content/69s6sp654a/pdf/sf-227_remote_communities_resource_list_online.pdf,25,P-23,yes
F-227,Remote Communities Kit,F-227,French,FF-227,https://aaws.widen.net/content/su2zaswajl/pdf/ff-227_remote_communities_resource_list_online.pdf,1,M-48I,yes
F-227,Remote Communities Kit,F-227,French,FF-227,https://aaws.widen.net/content/su2zaswajl/pdf/ff-227_remote_communities_resource_list_online.pdf,2,MG-19,yes
F-227,Remote Communities Kit,F-227,French,FF-227,https://aaws.widen.net/content/su2zaswajl/pdf/ff-227_remote_communities_resource_list_online.pdf,3,SMF-123,yes
F-227,Remote Communities Kit,F-227,French,FF-227,https://aaws.widen.net/content/su2zaswajl/pdf/ff-227_remote_communities_resource_list_online.pdf,4,F-107,yes
F-227,Remote Communities Kit,F-227,French,FF-227,https://aaws.widen.net/content/su2zaswajl/pdf/ff-227_remote_communities_resource_list_online.pdf,5,F-234,yes
F-227,Remote Communities Kit,F-227,French,FF-227,https://aaws.widen.net/content/su2zaswajl/pdf/ff-227_remote_communities_resource_list_online.pdf,6,P-40,yes
F-227,Remote Communities Kit,F-227,French,FF-227,https://aaws.widen.net/content/su2zaswajl/pdf/ff-227_remote_communities_resource_list_online.pdf,7,F-2,yes
F-227,Remote Communities Kit,F-227,French,FF-227,https://aaws.widen.net/content/su2zaswajl/pdf/ff-227_remote_communities_resource_list_online.pdf,8,P-11,yes
F-227,Remote Communities Kit,F-227,French,FF-227,https://aaws.widen.net/content/su2zaswajl/pdf/ff-227_remote_communities_resource_list_online.pdf,9,F-8,yes
F-227,Remote Communities Kit,F-227,French,FF-227,https://aaws.widen.net/content/su2zaswajl/pdf/ff-227_remote_communities_resource_list_online.pdf,10,P-15,yes
F-227,Remote Communities Kit,F-227,French,FF-227,https://aaws.widen.net/content/su2zaswajl/pdf/ff-227_remote_communities_resource_list_online.pdf,11,P-21,yes
F-227,Remote Communities Kit,F-227,French,FF-227,https://aaws.widen.net/content/su2zaswajl/pdf/ff-227_remote_communities_resource_list_online.pdf,12,P-51,yes
F-227,Remote Communities Kit,F-227,French,FF-227,https://aaws.widen.net/content/su2zaswajl/pdf/ff-227_remote_communities_resource_list_online.pdf,13,P-90,yes
F-227,Remote Communities Kit,F-227,French,FF-227,https://aaws.widen.net/content/su2zaswajl/pdf/ff-227_remote_communities_resource_list_online.pdf,14,P-50,yes
F-227,Remote Communities Kit,F-227,French,FF-227,https://aaws.widen.net/content/su2zaswajl/pdf/ff-227_remote_communities_resource_list_online.pdf,15,B-28,yes
F-227,Remote Communities Kit,F-227,French,FF-227,https://aaws.widen.net/content/su2zaswajl/pdf/ff-227_remote_communities_resource_list_online.pdf,16,P-13,yes
F-227,Remote Communities Kit,F-227,French,FF-227,https://aaws.widen.net/content/su2zaswajl/pdf/ff-227_remote_communities_resource_list_online.pdf,17,P-84,yes
F-227,Remote Communities Kit,F-227,French,FF-227,https://aaws.widen.net/content/su2zaswajl/pdf/ff-227_remote_communities_resource_list_online.pdf,18,P-87,yes
F-227,Remote Communities Kit,F-227,French,FF-227,https://aaws.widen.net/content/su2zaswajl/pdf/ff-227_remote_communities_resource_list_online.pdf,19,P-32,yes
F-227,Remote Communities Kit,F-227,French,FF-227,https://aaws.widen.net/content/su2zaswajl/pdf/ff-227_remote_communities_resource_list_online.pdf,20,P-5,yes
F-227,Remote Communities Kit,F-227,French,FF-227,https://aaws.widen.net/content/su2zaswajl/pdf/ff-227_remote_communities_resource_list_online.pdf,21,P-86,yes
F-227,Remote Communities Kit,F-227,French,FF-227,https://aaws.widen.net/content/su2zaswajl/pdf/ff-227_remote_communities_resource_list_online.pdf,22,P-47,yes
F-227,Remote Communities Kit,F-227,French,FF-227,https://aaws.widen.net/content/su2zaswajl/pdf/ff-227_remote_communities_resource_list_online.pdf,23,P-4,yes
F-227,Remote Communities Kit,F-227,French,FF-227,https://aaws.widen.net/content/su2zaswajl/pdf/ff-227_remote_communities_resource_list_online.pdf,24,P-46,yes
F-227,Remote Communities Kit,F-227,French,FF-227,https://aaws.widen.net/content/su2zaswajl/pdf/ff-227_remote_communities_resource_list_online.pdf,25,P-23,yes
F-234,Cooperation with the Elder Community Resource,F-234,English,F-234,https://aaws.widen.net/content/6x7jmrg0vo/pdf/f-234_elder_community_resource_list_online.pdf,1,B-16,no
F-234,Cooperation with the Elder Community Resource,F-234,English,F-234,https://aaws.widen.net/content/6x7jmrg0vo/pdf/f-234_elder_community_resource_list_online.pdf,2,B-14,no
F-234,Cooperation with the Elder Community Resource,F-234,English,F-234,https://aaws.widen.net/content/6x7jmrg0vo/pdf/f-234_elder_community_resource_list_online.pdf,3,B-25,no
F-234,Cooperation with the Elder Community Resource,F-234,English,F-234,https://aaws.widen.net/content/6x7jmrg0vo/pdf/f-234_elder_community_resource_list_online.pdf,4,B-26,no
F-234,Cooperation with the Elder Community Resource,F-234,English,F-234,https://aaws.widen.net/content/6x7jmrg0vo/pdf/f-234_elder_community_resource_list_online.pdf,5,B-27,no
F-234,Cooperation with the Elder Community Resource,F-234,English,F-234,https://aaws.widen.net/content/6x7jmrg0vo/pdf/f-234_elder_community_resource_list_online.pdf,6,B-28,yes
F-234,Cooperation with the Elder Community Resource,F-234,English,F-234,https://aaws.widen.net/content/6x7jmrg0vo/pdf/f-234_elder_community_resource_list_online.pdf,7,P-56,yes
F-234,Cooperation with the Elder Community Resource,F-234,English,F-234,https://aaws.widen.net/content/6x7jmrg0vo/pdf/f-234_elder_community_resource_list_online.pdf,8,P-57,yes
F-234,Cooperation with the Elder Community Resource,F-234,English,F-234,https://aaws.widen.net/content/6x7jmrg0vo/pdf/f-234_elder_community_resource_list_online.pdf,9,P-36,yes
F-234,Cooperation with the Elder Community Resource,F-234,English,F-234,https://aaws.widen.net/content/6x7jmrg0vo/pdf/f-234_elder_community_resource_list_online.pdf,10,F-2,yes
F-234,Cooperation with the Elder Community Resource,F-234,English,F-234,https://aaws.widen.net/content/6x7jmrg0vo/pdf/f-234_elder_community_resource_list_online.pdf,11,B-90,no
F-234,Cooperation with the Elder Community Resource,F-234,English,F-234,https://aaws.widen.net/content/6x7jmrg0vo/pdf/f-234_elder_community_resource_list_online.pdf,12,P-55,yes
F-234,Cooperation with the Elder Community Resource,F-234,English,F-234,https://aaws.widen.net/content/6x7jmrg0vo/pdf/f-234_elder_community_resource_list_online.pdf,13,P-11,yes
F-234,Cooperation with the Elder Community Resource,F-234,English,F-234,https://aaws.widen.net/content/6x7jmrg0vo/pdf/f-234_elder_community_resource_list_online.pdf,14,F-8,yes
F-234,Cooperation with the Elder Community Resource,F-234,English,F-234,https://aaws.widen.net/content/6x7jmrg0vo/pdf/f-234_elder_community_resource_list_online.pdf,15,P-21,yes
F-234,Cooperation with the Elder Community Resource,F-234,English,F-234,https://aaws.widen.net/content/6x7jmrg0vo/pdf/f-234_elder_community_resource_list_online.pdf,16,P-51,yes
F-234,Cooperation with the Elder Community Resource,F-234,English,F-234,https://aaws.widen.net/content/6x7jmrg0vo/pdf/f-234_elder_community_resource_list_online.pdf,17,P-50,yes
F-234,Cooperation with the Elder Community Resource,F-234,English,F-234,https://aaws.widen.net/content/6x7jmrg0vo/pdf/f-234_elder_community_resource_list_online.pdf,18,P-13,yes
F-234,Cooperation with the Elder Community Resource,F-234,English,F-234,https://aaws.widen.net/content/6x7jmrg0vo/pdf/f-234_elder_community_resource_list_online.pdf,19,P-84,yes
F-234,Cooperation with the Elder Community Resource,F-234,English,F-234,https://aaws.widen.net/content/6x7jmrg0vo/pdf/f-234_elder_community_resource_list_online.pdf,20,P-87,yes
F-234,Cooperation with the Elder Community Resource,F-234,English,F-234,https://aaws.widen.net/content/6x7jmrg0vo/pdf/f-234_elder_community_resource_list_online.pdf,21,P-32,yes
F-234,Cooperation with the Elder Community Resource,F-234,English,F-234,https://aaws.widen.net/content/6x7jmrg0vo/pdf/f-234_elder_community_resource_list_online.pdf,22,P-5,yes
F-234,Cooperation with the Elder Community Resource,F-234,English,F-234,https://aaws.widen.net/content/6x7jmrg0vo/pdf/f-234_elder_community_resource_list_online.pdf,23,P-90,yes
F-234,Cooperation with the Elder Community Resource,F-234,English,F-234,https://aaws.widen.net/content/6x7jmrg0vo/pdf/f-234_elder_community_resource_list_online.pdf,24,P-86,yes
F-234,Cooperation with the Elder Community Resource,F-234,English,F-234,https://aaws.widen.net/content/6x7jmrg0vo/pdf/f-234_elder_community_resource_list_online.pdf,25,P-15,yes
F-234,Cooperation with the Elder Community Resource,F-234,English,F-234,https://aaws.widen.net/content/6x7jmrg0vo/pdf/f-234_elder_community_resource_list_online.pdf,26,P-47,yes
F-234,Cooperation with the Elder Community Resource,F-234,English,F-234,https://aaws.widen.net/content/6x7jmrg0vo/pdf/f-234_elder_community_resource_list_online.pdf,27,M-48I,yes
F-234,Cooperation with the Elder Community Resource,F-234,English,F-234,https://aaws.widen.net/content/6x7jmrg0vo/pdf/f-234_elder_community_resource_list_online.pdf,28,SMF-123,yes
F-234,Cooperation with the Elder Community Resource,F-234,English,F-234,https://aaws.widen.net/content/6x7jmrg0vo/pdf/f-234_elder_community_resource_list_online.pdf,29,F-107,yes
F-234,Cooperation with the Elder Community Resource,F-234,English,F-234,https://aaws.widen.net/content/6x7jmrg0vo/pdf/f-234_elder_community_resource_list_online.pdf,30,F-227,yes
F-234,Cooperation with the Elder Community Resource,F-234,English,F-234,https://aaws.widen.net/content/6x7jmrg0vo/pdf/f-234_elder_community_resource_list_online.pdf,31,P-40,yes
F-234,Cooperation with the Elder Community Resource,F-234,English,F-234,https://aaws.widen.net/content/6x7jmrg0vo/pdf/f-234_elder_community_resource_list_online.pdf,32,P-46,yes
F-234,Cooperation with the Elder Community Resource,F-234,English,F-234,https://aaws.widen.net/content/6x7jmrg0vo/pdf/f-234_elder_community_resource_list_online.pdf,33,P-23,yes
F-234,Cooperation with the Elder Community Resource,F-234,Spanish,SF-234,https://aaws.widen.net/content/jt6b20qzzj/pdf/sf-234_elder_community_resource_list_digital_online.pdf,1,B-16,no
F-234,Cooperation with the Elder Community Resource,F-234,Spanish,SF-234,https://aaws.widen.net/content/jt6b20qzzj/pdf/sf-234_elder_community_resource_list_digital_online.pdf,2,B-14,no
F-234,Cooperation with the Elder Community Resource,F-234,Spanish,SF-234,https://aaws.widen.net/content/jt6b20qzzj/pdf/sf-234_elder_community_resource_list_digital_online.pdf,3,B-25,no
F-234,Cooperation with the Elder Community Resource,F-234,Spanish,SF-234,https://aaws.widen.net/content/jt6b20qzzj/pdf/sf-234_elder_community_resource_list_digital_online.pdf,4,B-26,no
F-234,Cooperation with the Elder Community Resource,F-234,Spanish,SF-234,https://aaws.widen.net/content/jt6b20qzzj/pdf/sf-234_elder_community_resource_list_digital_online.pdf,5,B-27,no
F-234,Cooperation with the Elder Community Resource,F-234,Spanish,SF-234,https://aaws.widen.net/content/jt6b20qzzj/pdf/sf-234_elder_community_resource_list_digital_online.pdf,6,B-28,yes
F-234,Cooperation with the Elder Community Resource,F-234,Spanish,SF-234,https://aaws.widen.net/content/jt6b20qzzj/pdf/sf-234_elder_community_resource_list_digital_online.pdf,7,P-56,yes
F-234,Cooperation with the Elder Community Resource,F-234,Spanish,SF-234,https://aaws.widen.net/content/jt6b20qzzj/pdf/sf-234_elder_community_resource_list_digital_online.pdf,8,P-57,yes
F-234,Cooperation with the Elder Community Resource,F-234,Spanish,SF-234,https://aaws.widen.net/content/jt6b20qzzj/pdf/sf-234_elder_community_resource_list_digital_online.pdf,9,P-36,yes
F-234,Cooperation with the Elder Community Resource,F-234,Spanish,SF-234,https://aaws.widen.net/content/jt6b20qzzj/pdf/sf-234_elder_community_resource_list_digital_online.pdf,10,F-2,yes
F-234,Cooperation with the Elder Community Resource,F-234,Spanish,SF-234,https://aaws.widen.net/content/jt6b20qzzj/pdf/sf-234_elder_community_resource_list_digital_online.pdf,11,B-90,no
F-234,Cooperation with the Elder Community Resource,F-234,Spanish,SF-234,https://aaws.widen.net/content/jt6b20qzzj/pdf/sf-234_elder_community_resource_list_digital_online.pdf,12,P-55,yes
F-234,Cooperation with the Elder Community Resource,F-234,Spanish,SF-234,https://aaws.widen.net/content/jt6b20qzzj/pdf/sf-234_elder_community_resource_list_digital_online.pdf,13,P-11,yes
F-234,Cooperation with the Elder Community Resource,F-234,Spanish,SF-234,https://aaws.widen.net/content/jt6b20qzzj/pdf/sf-234_elder_community_resource_list_digital_online.pdf,14,F-8,yes
F-234,Cooperation with the Elder Community Resource,F-234,Spanish,SF-234,https://aaws.widen.net/content/jt6b20qzzj/pdf/sf-234_elder_community_resource_list_digital_online.pdf,15,P-21,yes
F-234,Cooperation with the Elder Community Resource,F-234,Spanish,SF-234,https://aaws.widen.net/content/jt6b20qzzj/pdf/sf-234_elder_community_resource_list_digital_online.pdf,16,P-51,yes
F-234,Cooperation with the Elder Community Resource,F-234,Spanish,SF-234,https://aaws.widen.net/content/jt6b20qzzj/pdf/sf-234_elder_community_resource_list_digital_online.pdf,17,P-50,yes
F-234,Cooperation with the Elder Community Resource,F-234,Spanish,SF-234,https://aaws.widen.net/content/jt6b20qzzj/pdf/sf-234_elder_community_resource_list_digital_online.pdf,18,P-13,yes
F-234,Cooperation with the Elder Community Resource,F-234,Spanish,SF-234,https://aaws.widen.net/content/jt6b20qzzj/pdf/sf-234_elder_community_resource_list_digital_online.pdf,19,P-84,yes
F-234,Cooperation with the Elder Community Resource,F-234,Spanish,SF-234,https://aaws.widen.net/content/jt6b20qzzj/pdf/sf-234_elder_community_resource_list_digital_online.pdf,20,P-87,yes
F-234,Cooperation with the Elder Community Resource,F-234,Spanish,SF-234,https://aaws.widen.net/content/jt6b20qzzj/pdf/sf-234_elder_community_resource_list_digital_online.pdf,21,P-32,yes
F-234,Cooperation with the Elder Community Resource,F-234,Spanish,SF-234,https://aaws.widen.net/content/jt6b20qzzj/pdf/sf-234_elder_community_resource_list_digital_online.pdf,22,P-5,yes
F-234,Cooperation with the Elder Community Resource,F-234,Spanish,SF-234,https://aaws.widen.net/content/jt6b20qzzj/pdf/sf-234_elder_community_resource_list_digital_online.pdf,23,P-90,yes
F-234,Cooperation with the Elder Community Resource,F-234,Spanish,SF-234,https://aaws.widen.net/content/jt6b20qzzj/pdf/sf-234_elder_community_resource_list_digital_online.pdf,24,P-86,yes
F-234,Cooperation with the Elder Community Resource,F-234,Spanish,SF-234,https://aaws.widen.net/content/jt6b20qzzj/pdf/sf-234_elder_community_resource_list_digital_online.pdf,25,P-15,yes
F-234,Cooperation with the Elder Community Resource,F-234,Spanish,SF-234,https://aaws.widen.net/content/jt6b20qzzj/pdf/sf-234_elder_community_resource_list_digital_online.pdf,26,P-47,yes
F-234,Cooperation with the Elder Community Resource,F-234,Spanish,SF-234,https://aaws.widen.net/content/jt6b20qzzj/pdf/sf-234_elder_community_resource_list_digital_online.pdf,27,M-48I,yes
F-234,Cooperation with the Elder Community Resource,F-234,Spanish,SF-234,https://aaws.widen.net/content/jt6b20qzzj/pdf/sf-234_elder_community_resource_list_digital_online.pdf,28,SMF-123,yes
F-234,Cooperation with the Elder Community Resource,F-234,Spanish,SF-234,https://aaws.widen.net/content/jt6b20qzzj/pdf/sf-234_elder_community_resource_list_digital_online.pdf,29,F-107,yes
F-234,Cooperation with the Elder Community Resource,F-234,Spanish,SF-234,https://aaws.widen.net/content/jt6b20qzzj/pdf/sf-234_elder_community_resource_list_digital_online.pdf,30,F-227,yes
F-234,Cooperation with the Elder Community Resource,F-234,Spanish,SF-234,https://aaws.widen.net/content/jt6b20qzzj/pdf/sf-234_elder_community_resource_list_digital_online.pdf,31,P-40,yes
F-234,Cooperation with the Elder Community Resource,F-234,Spanish,SF-234,https://aaws.widen.net/content/jt6b20qzzj/pdf/sf-234_elder_community_resource_list_digital_online.pdf,32,P-46,yes
F-234,Cooperation with the Elder Community Resource,F-234,Spanish,SF-234,https://aaws.widen.net/content/jt6b20qzzj/pdf/sf-234_elder_community_resource_list_digital_online.pdf,33,P-23,yes
F-234,Cooperation with the Elder Community Resource,F-234,French,FF-234,https://aaws.widen.net/content/hekxzzs0a6/pdf/ff-234_elder_community_resource_list_online.pdf,1,B-16,no
F-234,Cooperation with the Elder Community Resource,F-234,French,FF-234,https://aaws.widen.net/content/hekxzzs0a6/pdf/ff-234_elder_community_resource_list_online.pdf,2,B-14,no
F-234,Cooperation with the Elder Community Resource,F-234,French,FF-234,https://aaws.widen.net/content/hekxzzs0a6/pdf/ff-234_elder_community_resource_list_online.pdf,3,B-25,no
F-234,Cooperation with the Elder Community Resource,F-234,French,FF-234,https://aaws.widen.net/content/hekxzzs0a6/pdf/ff-234_elder_community_resource_list_online.pdf,4,B-26,no
F-234,Cooperation with the Elder Community Resource,F-234,French,FF-234,https://aaws.widen.net/content/hekxzzs0a6/pdf/ff-234_elder_community_resource_list_online.pdf,5,B-27,no
F-234,Cooperation with the Elder Community Resource,F-234,French,FF-234,https://aaws.widen.net/content/hekxzzs0a6/pdf/ff-234_elder_community_resource_list_online.pdf,6,B-28,yes
F-234,Cooperation with the Elder Community Resource,F-234,French,FF-234,https://aaws.widen.net/content/hekxzzs0a6/pdf/ff-234_elder_community_resource_list_online.pdf,7,P-56,yes
F-234,Cooperation with the Elder Community Resource,F-234,French,FF-234,https://aaws.widen.net/content/hekxzzs0a6/pdf/ff-234_elder_community_resource_list_online.pdf,8,P-57,yes
F-234,Cooperation with the Elder Community Resource,F-234,French,FF-234,https://aaws.widen.net/content/hekxzzs0a6/pdf/ff-234_elder_community_resource_list_online.pdf,9,P-36,yes
F-234,Cooperation with the Elder Community Resource,F-234,French,FF-234,https://aaws.widen.net/content/hekxzzs0a6/pdf/ff-234_elder_community_resource_list_online.pdf,10,F-2,yes
F-234,Cooperation with the Elder Community Resource,F-234,French,FF-234,https://aaws.widen.net/content/hekxzzs0a6/pdf/ff-234_elder_community_resource_list_online.pdf,11,B-90,no
F-234,Cooperation with the Elder Community Resource,F-234,French,FF-234,https://aaws.widen.net/content/hekxzzs0a6/pdf/ff-234_elder_community_resource_list_online.pdf,12,P-55,yes
F-234,Cooperation with the Elder Community Resource,F-234,French,FF-234,https://aaws.widen.net/content/hekxzzs0a6/pdf/ff-234_elder_community_resource_list_online.pdf,13,P-11,yes
F-234,Cooperation with the Elder Community Resource,F-234,French,FF-234,https://aaws.widen.net/content/hekxzzs0a6/pdf/ff-234_elder_community_resource_list_online.pdf,14,F-8,yes
F-234,Cooperation with the Elder Community Resource,F-234,French,FF-234,https://aaws.widen.net/content/hekxzzs0a6/pdf/ff-234_elder_community_resource_list_online.pdf,15,P-21,yes
F-234,Cooperation with the Elder Community Resource,F-234,French,FF-234,https://aaws.widen.net/content/hekxzzs0a6/pdf/ff-234_elder_community_resource_list_online.pdf,16,P-51,yes
F-234,Cooperation with the Elder Community Resource,F-234,French,FF-234,https://aaws.widen.net/content/hekxzzs0a6/pdf/ff-234_elder_community_resource_list_online.pdf,17,P-50,yes
F-234,Cooperation with the Elder Community Resource,F-234,French,FF-234,https://aaws.widen.net/content/hekxzzs0a6/pdf/ff-234_elder_community_resource_list_online.pdf,18,P-13,yes
F-234,Cooperation with the Elder Community Resource,F-234,French,FF-234,https://aaws.widen.net/content/hekxzzs0a6/pdf/ff-234_elder_community_resource_list_online.pdf,19,P-84,yes
F-234,Cooperation with the Elder Community Resource,F-234,French,FF-234,https://aaws.widen.net/content/hekxzzs0a6/pdf/ff-234_elder_community_resource_list_online.pdf,20,P-87,yes
F-234,Cooperation with the Elder Community Resource,F-234,French,FF-234,https://aaws.widen.net/content/hekxzzs0a6/pdf/ff-234_elder_community_resource_list_online.pdf,21,P-32,yes
F-234,Cooperation with the Elder Community Resource,F-234,French,FF-234,https://aaws.widen.net/content/hekxzzs0a6/pdf/ff-234_elder_community_resource_list_online.pdf,22,P-5,yes
F-234,Cooperation with the Elder Community Resource,F-234,French,FF-234,https://aaws.widen.net/content/hekxzzs0a6/pdf/ff-234_elder_community_resource_list_online.pdf,23,P-90,yes
F-234,Cooperation with the Elder Community Resource,F-234,French,FF-234,https://aaws.widen.net/content/hekxzzs0a6/pdf/ff-234_elder_community_resource_list_online.pdf,24,P-86,yes
F-234,Cooperation with the Elder Community Resource,F-234,French,FF-234,https://aaws.widen.net/content/hekxzzs0a6/pdf/ff-234_elder_community_resource_list_online.pdf,25,P-15,yes
F-234,Cooperation with the Elder Community Resource,F-234,French,FF-234,https://aaws.widen.net/content/hekxzzs0a6/pdf/ff-234_elder_community_resource_list_online.pdf,26,P-47,yes
F-234,Cooperation with the Elder Community Resource,F-234,French,FF-234,https://aaws.widen.net/content/hekxzzs0a6/pdf/ff-234_elder_community_resource_list_online.pdf,27,M-48I,yes
F-234,Cooperation with the Elder Community Resource,F-234,French,FF-234,https://aaws.widen.net/content/hekxzzs0a6/pdf/ff-234_elder_community_resource_list_online.pdf,28,SMF-123,yes
F-234,Cooperation with the Elder Community Resource,F-234,French,FF-234,https://aaws.widen.net/content/hekxzzs0a6/pdf/ff-234_elder_community_resource_list_online.pdf,29,F-107,yes
F-234,Cooperation with the Elder Community Resource,F-234,French,FF-234,https://aaws.widen.net/content/hekxzzs0a6/pdf/ff-234_elder_community_resource_list_online.pdf,30,F-227,yes
F-234,Cooperation with the Elder Community Resource,F-234,French,FF-234,https://aaws.widen.net/content/hekxzzs0a6/pdf/ff-234_elder_community_resource_list_online.pdf,31,P-40,yes
F-234,Cooperation with the Elder Community Resource,F-234,French,FF-234,https://aaws.widen.net/content/hekxzzs0a6/pdf/ff-234_elder_community_resource_list_online.pdf,32,P-46,yes
F-234,Cooperation with the Elder Community Resource,F-234,French,FF-234,https://aaws.widen.net/content/hekxzzs0a6/pdf/ff-234_elder_community_resource_list_online.pdf,33,P-23,yes
F-65,Public Information Kit,F-65,English,F-65,https://aaws.widen.net/content/akjatmvhq8/pdf/f-65-public_information_kit_online.pdf,1,M-27I,yes
F-65,Public Information Kit,F-65,English,F-65,https://aaws.widen.net/content/akjatmvhq8/pdf/f-65-public_information_kit_online.pdf,2,MG-05,no
F-65,Public Information Kit,F-65,English,F-65,https://aaws.widen.net/content/akjatmvhq8/pdf/f-65-public_information_kit_online.pdf,3,MG-07,no
F-65,Public Information Kit,F-65,English,F-65,https://aaws.widen.net/content/akjatmvhq8/pdf/f-65-public_information_kit_online.pdf,4,MG-10,yes
F-65,Public Information Kit,F-65,English,F-65,https://aaws.widen.net/content/akjatmvhq8/pdf/f-65-public_information_kit_online.pdf,5,MG-11,yes
F-65,Public Information Kit,F-65,English,F-65,https://aaws.widen.net/content/akjatmvhq8/pdf/f-65-public_information_kit_online.pdf,6,MG-13,yes
F-65,Public Information Kit,F-65,English,F-65,https://aaws.widen.net/content/akjatmvhq8/pdf/f-65-public_information_kit_online.pdf,7,MG-16,yes
F-65,Public Information Kit,F-65,English,F-65,https://aaws.widen.net/content/akjatmvhq8/pdf/f-65-public_information_kit_online.pdf,8,MG-18,yes
F-65,Public Information Kit,F-65,English,F-65,https://aaws.widen.net/content/akjatmvhq8/pdf/f-65-public_information_kit_online.pdf,9,F-2,yes
F-65,Public Information Kit,F-65,English,F-65,https://aaws.widen.net/content/akjatmvhq8/pdf/f-65-public_information_kit_online.pdf,10,F-20,yes
F-65,Public Information Kit,F-65,English,F-65,https://aaws.widen.net/content/akjatmvhq8/pdf/f-65-public_information_kit_online.pdf,11,SMF-53,yes
F-65,Public Information Kit,F-65,English,F-65,https://aaws.widen.net/content/akjatmvhq8/pdf/f-65-public_information_kit_online.pdf,12,SMF-94,yes
F-65,Public Information Kit,F-65,English,F-65,https://aaws.widen.net/content/akjatmvhq8/pdf/f-65-public_information_kit_online.pdf,13,SMF-101,yes
F-65,Public Information Kit,F-65,English,F-65,https://aaws.widen.net/content/akjatmvhq8/pdf/f-65-public_information_kit_online.pdf,14,SMF-197,yes
F-65,Public Information Kit,F-65,English,F-65,https://aaws.widen.net/content/akjatmvhq8/pdf/f-65-public_information_kit_online.pdf,15,F-235,no
F-65,Public Information Kit,F-65,English,F-65,https://aaws.widen.net/content/akjatmvhq8/pdf/f-65-public_information_kit_online.pdf,16,F-1,yes
F-65,Public Information Kit,F-65,English,F-65,https://aaws.widen.net/content/akjatmvhq8/pdf/f-65-public_information_kit_online.pdf,17,F-4,yes
F-65,Public Information Kit,F-65,English,F-65,https://aaws.widen.net/content/akjatmvhq8/pdf/f-65-public_information_kit_online.pdf,18,B-28,yes
F-65,Public Information Kit,F-65,English,F-65,https://aaws.widen.net/content/akjatmvhq8/pdf/f-65-public_information_kit_online.pdf,19,P-4,yes
F-65,Public Information Kit,F-65,English,F-65,https://aaws.widen.net/content/akjatmvhq8/pdf/f-65-public_information_kit_online.pdf,20,P-25,yes
F-65,Public Information Kit,F-65,English,F-65,https://aaws.widen.net/content/akjatmvhq8/pdf/f-65-public_information_kit_online.pdf,21,P-29,yes
F-65,Public Information Kit,F-65,English,F-65,https://aaws.widen.net/content/akjatmvhq8/pdf/f-65-public_information_kit_online.pdf,22,P-31,yes
F-65,Public Information Kit,F-65,English,F-65,https://aaws.widen.net/content/akjatmvhq8/pdf/f-65-public_information_kit_online.pdf,23,P-35,yes
F-65,Public Information Kit,F-65,English,F-65,https://aaws.widen.net/content/akjatmvhq8/pdf/f-65-public_information_kit_online.pdf,24,P-40,yes
F-65,Public Information Kit,F-65,English,F-65,https://aaws.widen.net/content/akjatmvhq8/pdf/f-65-public_information_kit_online.pdf,25,P-42,yes
F-65,Public Information Kit,F-65,English,F-65,https://aaws.widen.net/content/akjatmvhq8/pdf/f-65-public_information_kit_online.pdf,26,P-47,yes
F-65,Public Information Kit,F-65,English,F-65,https://aaws.widen.net/content/akjatmvhq8/pdf/f-65-public_information_kit_online.pdf,27,P-48,yes
F-65,Public Information Kit,F-65,English,F-65,https://aaws.widen.net/content/akjatmvhq8/pdf/f-65-public_information_kit_online.pdf,28,P-83,yes
F-65,Public Information Kit,F-65,English,F-65,https://aaws.widen.net/content/akjatmvhq8/pdf/f-65-public_information_kit_online.pdf,29,F-10,yes
F-65,Public Information Kit,F-65,English,F-65,https://aaws.widen.net/content/akjatmvhq8/pdf/f-65-public_information_kit_online.pdf,30,F-21,no
F-65,Public Information Kit,F-65,English,F-65,https://aaws.widen.net/content/akjatmvhq8/pdf/f-65-public_information_kit_online.pdf,31,M-271,no
F-65,Public Information Kit,F-65,English,F-65,https://aaws.widen.net/content/akjatmvhq8/pdf/f-65-public_information_kit_online.pdf,32,F-87,no
F-65,Public Information Kit,F-65,English,F-65,https://aaws.widen.net/content/akjatmvhq8/pdf/f-65-public_information_kit_online.pdf,33,F-86,no
F-65,Public Information Kit,F-65,English,F-65,https://aaws.widen.net/content/akjatmvhq8/pdf/f-65-public_information_kit_online.pdf,34,F-41,no
F-65,Public Information Kit,F-65,English,F-65,https://aaws.widen.net/content/akjatmvhq8/pdf/f-65-public_information_kit_online.pdf,35,F-188,no
F-65,Public Information Kit,F-65,Spanish,SF-65,https://aaws.widen.net/content/tbahgeoepu/pdf/sf-65_public_information_kit_online.pdf,1,M-27I,yes
F-65,Public Information Kit,F-65,Spanish,SF-65,https://aaws.widen.net/content/tbahgeoepu/pdf/sf-65_public_information_kit_online.pdf,2,MG-05,no
F-65,Public Information Kit,F-65,Spanish,SF-65,https://aaws.widen.net/content/tbahgeoepu/pdf/sf-65_public_information_kit_online.pdf,3,MG-07,no
F-65,Public Information Kit,F-65,Spanish,SF-65,https://aaws.widen.net/content/tbahgeoepu/pdf/sf-65_public_information_kit_online.pdf,4,MG-10,yes
F-65,Public Information Kit,F-65,Spanish,SF-65,https://aaws.widen.net/content/tbahgeoepu/pdf/sf-65_public_information_kit_online.pdf,5,MG-11,yes
F-65,Public Information Kit,F-65,Spanish,SF-65,https://aaws.widen.net/content/tbahgeoepu/pdf/sf-65_public_information_kit_online.pdf,6,MG-13,yes
F-65,Public Information Kit,F-65,Spanish,SF-65,https://aaws.widen.net/content/tbahgeoepu/pdf/sf-65_public_information_kit_online.pdf,7,MG-16,yes
F-65,Public Information Kit,F-65,Spanish,SF-65,https://aaws.widen.net/content/tbahgeoepu/pdf/sf-65_public_information_kit_online.pdf,8,MG-18,yes
F-65,Public Information Kit,F-65,Spanish,SF-65,https://aaws.widen.net/content/tbahgeoepu/pdf/sf-65_public_information_kit_online.pdf,9,F-2,yes
F-65,Public Information Kit,F-65,Spanish,SF-65,https://aaws.widen.net/content/tbahgeoepu/pdf/sf-65_public_information_kit_online.pdf,10,F-20,yes
F-65,Public Information Kit,F-65,Spanish,SF-65,https://aaws.widen.net/content/tbahgeoepu/pdf/sf-65_public_information_kit_online.pdf,11,F-235,no
F-65,Public Information Kit,F-65,Spanish,SF-65,https://aaws.widen.net/content/tbahgeoepu/pdf/sf-65_public_information_kit_online.pdf,12,F-1,yes
F-65,Public Information Kit,F-65,Spanish,SF-65,https://aaws.widen.net/content/tbahgeoepu/pdf/sf-65_public_information_kit_online.pdf,13,F-4,yes
F-65,Public Information Kit,F-65,Spanish,SF-65,https://aaws.widen.net/content/tbahgeoepu/pdf/sf-65_public_information_kit_online.pdf,14,B-28,yes
F-65,Public Information Kit,F-65,Spanish,SF-65,https://aaws.widen.net/content/tbahgeoepu/pdf/sf-65_public_information_kit_online.pdf,15,P-4,yes
F-65,Public Information Kit,F-65,Spanish,SF-65,https://aaws.widen.net/content/tbahgeoepu/pdf/sf-65_public_information_kit_online.pdf,16,P-25,yes
F-65,Public Information Kit,F-65,Spanish,SF-65,https://aaws.widen.net/content/tbahgeoepu/pdf/sf-65_public_information_kit_online.pdf,17,P-29,yes
F-65,Public Information Kit,F-65,Spanish,SF-65,https://aaws.widen.net/content/tbahgeoepu/pdf/sf-65_public_information_kit_online.pdf,18,P-31,yes
F-65,Public Information Kit,F-65,Spanish,SF-65,https://aaws.widen.net/content/tbahgeoepu/pdf/sf-65_public_information_kit_online.pdf,19,P-35,yes
F-65,Public Information Kit,F-65,Spanish,SF-65,https://aaws.widen.net/content/tbahgeoepu/pdf/sf-65_public_information_kit_online.pdf,20,P-40,yes
F-65,Public Information Kit,F-65,Spanish,SF-65,https://aaws.widen.net/content/tbahgeoepu/pdf/sf-65_public_information_kit_online.pdf,21,P-42,yes
F-65,Public Information Kit,F-65,Spanish,SF-65,https://aaws.widen.net/content/tbahgeoepu/pdf/sf-65_public_information_kit_online.pdf,22,P-47,yes
F-65,Public Information Kit,F-65,Spanish,SF-65,https://aaws.widen.net/content/tbahgeoepu/pdf/sf-65_public_information_kit_online.pdf,23,P-48,yes
F-65,Public Information Kit,F-65,Spanish,SF-65,https://aaws.widen.net/content/tbahgeoepu/pdf/sf-65_public_information_kit_online.pdf,24,P-83,yes
F-65,Public Information Kit,F-65,Spanish,SF-65,https://aaws.widen.net/content/tbahgeoepu/pdf/sf-65_public_information_kit_online.pdf,25,F-10,yes
F-65,Public Information Kit,F-65,Spanish,SF-65,https://aaws.widen.net/content/tbahgeoepu/pdf/sf-65_public_information_kit_online.pdf,26,F-21,no
F-65,Public Information Kit,F-65,Spanish,SF-65,https://aaws.widen.net/content/tbahgeoepu/pdf/sf-65_public_information_kit_online.pdf,27,M-271,no
F-65,Public Information Kit,F-65,Spanish,SF-65,https://aaws.widen.net/content/tbahgeoepu/pdf/sf-65_public_information_kit_online.pdf,28,F-87,no
F-65,Public Information Kit,F-65,Spanish,SF-65,https://aaws.widen.net/content/tbahgeoepu/pdf/sf-65_public_information_kit_online.pdf,29,F-86,no
F-65,Public Information Kit,F-65,Spanish,SF-65,https://aaws.widen.net/content/tbahgeoepu/pdf/sf-65_public_information_kit_online.pdf,30,F-41,no
F-65,Public Information Kit,F-65,Spanish,SF-65,https://aaws.widen.net/content/tbahgeoepu/pdf/sf-65_public_information_kit_online.pdf,31,F-188,no
F-65,Public Information Kit,F-65,French,FF-65,https://aaws.widen.net/content/zywlrgi7lc/pdf/ff-65-public_information_kit_digital_online.pdf,1,M-27I,yes
F-65,Public Information Kit,F-65,French,FF-65,https://aaws.widen.net/content/zywlrgi7lc/pdf/ff-65-public_information_kit_digital_online.pdf,2,MG-05,no
F-65,Public Information Kit,F-65,French,FF-65,https://aaws.widen.net/content/zywlrgi7lc/pdf/ff-65-public_information_kit_digital_online.pdf,3,MG-07,no
F-65,Public Information Kit,F-65,French,FF-65,https://aaws.widen.net/content/zywlrgi7lc/pdf/ff-65-public_information_kit_digital_online.pdf,4,MG-10,yes
F-65,Public Information Kit,F-65,French,FF-65,https://aaws.widen.net/content/zywlrgi7lc/pdf/ff-65-public_information_kit_digital_online.pdf,5,MG-11,yes
F-65,Public Information Kit,F-65,French,FF-65,https://aaws.widen.net/content/zywlrgi7lc/pdf/ff-65-public_information_kit_digital_online.pdf,6,MG-13,yes
F-65,Public Information Kit,F-65,French,FF-65,https://aaws.widen.net/content/zywlrgi7lc/pdf/ff-65-public_information_kit_digital_online.pdf,7,MG-16,yes
F-65,Public Information Kit,F-65,French,FF-65,https://aaws.widen.net/content/zywlrgi7lc/pdf/ff-65-public_information_kit_digital_online.pdf,8,MG-18,yes
F-65,Public Information Kit,F-65,French,FF-65,https://aaws.widen.net/content/zywlrgi7lc/pdf/ff-65-public_information_kit_digital_online.pdf,9,F-2,yes
F-65,Public Information Kit,F-65,French,FF-65,https://aaws.widen.net/content/zywlrgi7lc/pdf/ff-65-public_information_kit_digital_online.pdf,10,F-20,yes
F-65,Public Information Kit,F-65,French,FF-65,https://aaws.widen.net/content/zywlrgi7lc/pdf/ff-65-public_information_kit_digital_online.pdf,11,F-235,no
F-65,Public Information Kit,F-65,French,FF-65,https://aaws.widen.net/content/zywlrgi7lc/pdf/ff-65-public_information_kit_digital_online.pdf,12,F-1,yes
F-65,Public Information Kit,F-65,French,FF-65,https://aaws.widen.net/content/zywlrgi7lc/pdf/ff-65-public_information_kit_digital_online.pdf,13,F-4,yes
F-65,Public Information Kit,F-65,French,FF-65,https://aaws.widen.net/content/zywlrgi7lc/pdf/ff-65-public_information_kit_digital_online.pdf,14,B-28,yes
F-65,Public Information Kit,F-65,French,FF-65,https://aaws.widen.net/content/zywlrgi7lc/pdf/ff-65-public_information_kit_digital_online.pdf,15,P-4,yes
F-65,Public Information Kit,F-65,French,FF-65,https://aaws.widen.net/content/zywlrgi7lc/pdf/ff-65-public_information_kit_digital_online.pdf,16,P-25,yes
F-65,Public Information Kit,F-65,French,FF-65,https://aaws.widen.net/content/zywlrgi7lc/pdf/ff-65-public_information_kit_digital_online.pdf,17,P-29,yes
F-65,Public Information Kit,F-65,French,FF-65,https://aaws.widen.net/content/zywlrgi7lc/pdf/ff-65-public_information_kit_digital_online.pdf,18,P-31,yes
F-65,Public Information Kit,F-65,French,FF-65,https://aaws.widen.net/content/zywlrgi7lc/pdf/ff-65-public_information_kit_digital_online.pdf,19,P-35,yes
F-65,Public Information Kit,F-65,French,FF-65,https://aaws.widen.net/content/zywlrgi7lc/pdf/ff-65-public_information_kit_digital_online.pdf,20,P-40,yes
F-65,Public Information Kit,F-65,French,FF-65,https://aaws.widen.net/content/zywlrgi7lc/pdf/ff-65-public_information_kit_digital_online.pdf,21,P-42,yes
F-65,Public Information Kit,F-65,French,FF-65,https://aaws.widen.net/content/zywlrgi7lc/pdf/ff-65-public_information_kit_digital_online.pdf,22,P-47,yes
F-65,Public Information Kit,F-65,French,FF-65,https://aaws.widen.net/content/zywlrgi7lc/pdf/ff-65-public_information_kit_digital_online.pdf,23,P-48,yes
F-65,Public Information Kit,F-65,French,FF-65,https://aaws.widen.net/content/zywlrgi7lc/pdf/ff-65-public_information_kit_digital_online.pdf,24,P-83,yes
F-65,Public Information Kit,F-65,French,FF-65,https://aaws.widen.net/content/zywlrgi7lc/pdf/ff-65-public_information_kit_digital_online.pdf,25,F-10,yes
F-65,Public Information Kit,F-65,French,FF-65,https://aaws.widen.net/content/zywlrgi7lc/pdf/ff-65-public_information_kit_digital_online.pdf,26,F-21,no
F-65,Public Information Kit,F-65,French,FF-65,https://aaws.widen.net/content/zywlrgi7lc/pdf/ff-65-public_information_kit_digital_online.pdf,27,M-271,no
F-65,Public Information Kit,F-65,French,FF-65,https://aaws.widen.net/content/zywlrgi7lc/pdf/ff-65-public_information_kit_digital_online.pdf,28,F-87,no
F-65,Public Information Kit,F-65,French,FF-65,https://aaws.widen.net/content/zywlrgi7lc/pdf/ff-65-public_information_kit_digital_online.pdf,29,F-86,no
F-65,Public Information Kit,F-65,French,FF-65,https://aaws.widen.net/content/zywlrgi7lc/pdf/ff-65-public_information_kit_digital_online.pdf,30,F-41,no
F-65,Public Information Kit,F-65,French,FF-65,https://aaws.widen.net/content/zywlrgi7lc/pdf/ff-65-public_information_kit_digital_online.pdf,31,F-188,no
F-66,CPC Kit,F-66,English,F-66,https://aaws.widen.net/content/dm0p1pmau2/pdf/f-66_cpc_kit_online.pdf,1,F-175,yes
F-66,CPC Kit,F-66,English,F-66,https://aaws.widen.net/content/dm0p1pmau2/pdf/f-66_cpc_kit_online.pdf,2,M-41I,yes
F-66,CPC Kit,F-66,English,F-66,https://aaws.widen.net/content/dm0p1pmau2/pdf/f-66_cpc_kit_online.pdf,3,MG-5,yes
F-66,CPC Kit,F-66,English,F-66,https://aaws.widen.net/content/dm0p1pmau2/pdf/f-66_cpc_kit_online.pdf,4,MG-7,yes
F-66,CPC Kit,F-66,English,F-66,https://aaws.widen.net/content/dm0p1pmau2/pdf/f-66_cpc_kit_online.pdf,5,MG-8,yes
F-66,CPC Kit,F-66,English,F-66,https://aaws.widen.net/content/dm0p1pmau2/pdf/f-66_cpc_kit_online.pdf,6,MG-10,yes
F-66,CPC Kit,F-66,English,F-66,https://aaws.widen.net/content/dm0p1pmau2/pdf/f-66_cpc_kit_online.pdf,7,MG-11,yes
F-66,CPC Kit,F-66,English,F-66,https://aaws.widen.net/content/dm0p1pmau2/pdf/f-66_cpc_kit_online.pdf,8,MG-16,yes
F-66,CPC Kit,F-66,English,F-66,https://aaws.widen.net/content/dm0p1pmau2/pdf/f-66_cpc_kit_online.pdf,9,SMF-94,yes
F-66,CPC Kit,F-66,English,F-66,https://aaws.widen.net/content/dm0p1pmau2/pdf/f-66_cpc_kit_online.pdf,10,F-2,yes
F-66,CPC Kit,F-66,English,F-66,https://aaws.widen.net/content/dm0p1pmau2/pdf/f-66_cpc_kit_online.pdf,11,F-13B,no
F-66,CPC Kit,F-66,English,F-66,https://aaws.widen.net/content/dm0p1pmau2/pdf/f-66_cpc_kit_online.pdf,12,F-106,yes
F-66,CPC Kit,F-66,English,F-66,https://aaws.widen.net/content/dm0p1pmau2/pdf/f-66_cpc_kit_online.pdf,13,F-177,no
F-66,CPC Kit,F-66,English,F-66,https://aaws.widen.net/content/dm0p1pmau2/pdf/f-66_cpc_kit_online.pdf,14,F-190,yes
F-66,CPC Kit,F-66,English,F-66,https://aaws.widen.net/content/dm0p1pmau2/pdf/f-66_cpc_kit_online.pdf,15,F-210,yes
F-66,CPC Kit,F-66,English,F-66,https://aaws.widen.net/content/dm0p1pmau2/pdf/f-66_cpc_kit_online.pdf,16,F-235,no
F-66,CPC Kit,F-66,English,F-66,https://aaws.widen.net/content/dm0p1pmau2/pdf/f-66_cpc_kit_online.pdf,17,F-13,yes
F-66,CPC Kit,F-66,English,F-66,https://aaws.widen.net/content/dm0p1pmau2/pdf/f-66_cpc_kit_online.pdf,18,F-10,yes
F-66,CPC Kit,F-66,English,F-66,https://aaws.widen.net/content/dm0p1pmau2/pdf/f-66_cpc_kit_online.pdf,19,P-11,yes
F-66,CPC Kit,F-66,English,F-66,https://aaws.widen.net/content/dm0p1pmau2/pdf/f-66_cpc_kit_online.pdf,20,P-23,yes
F-66,CPC Kit,F-66,English,F-66,https://aaws.widen.net/content/dm0p1pmau2/pdf/f-66_cpc_kit_online.pdf,21,P-25,yes
F-66,CPC Kit,F-66,English,F-66,https://aaws.widen.net/content/dm0p1pmau2/pdf/f-66_cpc_kit_online.pdf,22,P-26,yes
F-66,CPC Kit,F-66,English,F-66,https://aaws.widen.net/content/dm0p1pmau2/pdf/f-66_cpc_kit_online.pdf,23,P-29,yes
F-66,CPC Kit,F-66,English,F-66,https://aaws.widen.net/content/dm0p1pmau2/pdf/f-66_cpc_kit_online.pdf,24,P-31,yes
F-66,CPC Kit,F-66,English,F-66,https://aaws.widen.net/content/dm0p1pmau2/pdf/f-66_cpc_kit_online.pdf,25,P-35,yes
F-66,CPC Kit,F-66,English,F-66,https://aaws.widen.net/content/dm0p1pmau2/pdf/f-66_cpc_kit_online.pdf,26,P-40,yes
F-66,CPC Kit,F-66,English,F-66,https://aaws.widen.net/content/dm0p1pmau2/pdf/f-66_cpc_kit_online.pdf,27,P-42,yes
F-66,CPC Kit,F-66,English,F-66,https://aaws.widen.net/content/dm0p1pmau2/pdf/f-66_cpc_kit_online.pdf,28,P-43,yes
F-66,CPC Kit,F-66,English,F-66,https://aaws.widen.net/content/dm0p1pmau2/pdf/f-66_cpc_kit_online.pdf,29,P-46,yes
F-66,CPC Kit,F-66,English,F-66,https://aaws.widen.net/content/dm0p1pmau2/pdf/f-66_cpc_kit_online.pdf,30,P-47,yes
F-66,CPC Kit,F-66,English,F-66,https://aaws.widen.net/content/dm0p1pmau2/pdf/f-66_cpc_kit_online.pdf,31,P-48,yes
F-66,CPC Kit,F-66,English,F-66,https://aaws.widen.net/content/dm0p1pmau2/pdf/f-66_cpc_kit_online.pdf,32,P-54,yes
F-66,CPC Kit,F-66,English,F-66,https://aaws.widen.net/content/dm0p1pmau2/pdf/f-66_cpc_kit_online.pdf,33,F-200,no
F-66,CPC Kit,F-66,English,F-66,https://aaws.widen.net/content/dm0p1pmau2/pdf/f-66_cpc_kit_online.pdf,34,F-201,no
F-66,CPC Kit,F-66,English,F-66,https://aaws.widen.net/content/dm0p1pmau2/pdf/f-66_cpc_kit_online.pdf,35,F-80,no
F-66,CPC Kit,F-66,English,F-66,https://aaws.widen.net/content/dm0p1pmau2/pdf/f-66_cpc_kit_online.pdf,36,F-76,no
F-66,CPC Kit,F-66,English,F-66,https://aaws.widen.net/content/dm0p1pmau2/pdf/f-66_cpc_kit_online.pdf,37,F-41,no
F-66,CPC Kit,F-66,English,F-66,https://aaws.widen.net/content/dm0p1pmau2/pdf/f-66_cpc_kit_online.pdf,38,F-188,no
F-66,CPC Kit,F-66,English,F-66,https://aaws.widen.net/content/dm0p1pmau2/pdf/f-66_cpc_kit_online.pdf,39,F-202,no
F-66,CPC Kit,F-66,Spanish,SF-66,https://aaws.widen.net/content/ga3pnoxvtv/pdf/sf-66_cpc_kit_online.pdf,1,F-175,yes
F-66,CPC Kit,F-66,Spanish,SF-66,https://aaws.widen.net/content/ga3pnoxvtv/pdf/sf-66_cpc_kit_online.pdf,2,M-41I,yes
F-66,CPC Kit,F-66,Spanish,SF-66,https://aaws.widen.net/content/ga3pnoxvtv/pdf/sf-66_cpc_kit_online.pdf,3,MG-5,yes
F-66,CPC Kit,F-66,Spanish,SF-66,https://aaws.widen.net/content/ga3pnoxvtv/pdf/sf-66_cpc_kit_online.pdf,4,MG-7,yes
F-66,CPC Kit,F-66,Spanish,SF-66,https://aaws.widen.net/content/ga3pnoxvtv/pdf/sf-66_cpc_kit_online.pdf,5,MG-8,yes
F-66,CPC Kit,F-66,Spanish,SF-66,https://aaws.widen.net/content/ga3pnoxvtv/pdf/sf-66_cpc_kit_online.pdf,6,MG-10,yes
F-66,CPC Kit,F-66,Spanish,SF-66,https://aaws.widen.net/content/ga3pnoxvtv/pdf/sf-66_cpc_kit_online.pdf,7,MG-11,yes
F-66,CPC Kit,F-66,Spanish,SF-66,https://aaws.widen.net/content/ga3pnoxvtv/pdf/sf-66_cpc_kit_online.pdf,8,MG-16,yes
F-66,CPC Kit,F-66,Spanish,SF-66,https://aaws.widen.net/content/ga3pnoxvtv/pdf/sf-66_cpc_kit_online.pdf,9,F-2,yes
F-66,CPC Kit,F-66,Spanish,SF-66,https://aaws.widen.net/content/ga3pnoxvtv/pdf/sf-66_cpc_kit_online.pdf,10,F-13B,no
F-66,CPC Kit,F-66,Spanish,SF-66,https://aaws.widen.net/content/ga3pnoxvtv/pdf/sf-66_cpc_kit_online.pdf,11,F-106,yes
F-66,CPC Kit,F-66,Spanish,SF-66,https://aaws.widen.net/content/ga3pnoxvtv/pdf/sf-66_cpc_kit_online.pdf,12,F-190,yes
F-66,CPC Kit,F-66,Spanish,SF-66,https://aaws.widen.net/content/ga3pnoxvtv/pdf/sf-66_cpc_kit_online.pdf,13,F-210,yes
F-66,CPC Kit,F-66,Spanish,SF-66,https://aaws.widen.net/content/ga3pnoxvtv/pdf/sf-66_cpc_kit_online.pdf,14,F-235,no
F-66,CPC Kit,F-66,Spanish,SF-66,https://aaws.widen.net/content/ga3pnoxvtv/pdf/sf-66_cpc_kit_online.pdf,15,F-13,yes
F-66,CPC Kit,F-66,Spanish,SF-66,https://aaws.widen.net/content/ga3pnoxvtv/pdf/sf-66_cpc_kit_online.pdf,16,F-10,yes
F-66,CPC Kit,F-66,Spanish,SF-66,https://aaws.widen.net/content/ga3pnoxvtv/pdf/sf-66_cpc_kit_online.pdf,17,P-11,yes
F-66,CPC Kit,F-66,Spanish,SF-66,https://aaws.widen.net/content/ga3pnoxvtv/pdf/sf-66_cpc_kit_online.pdf,18,P-23,yes
F-66,CPC Kit,F-66,Spanish,SF-66,https://aaws.widen.net/content/ga3pnoxvtv/pdf/sf-66_cpc_kit_online.pdf,19,P-25,yes
F-66,CPC Kit,F-66,Spanish,SF-66,https://aaws.widen.net/content/ga3pnoxvtv/pdf/sf-66_cpc_kit_online.pdf,20,P-26,yes
F-66,CPC Kit,F-66,Spanish,SF-66,https://aaws.widen.net/content/ga3pnoxvtv/pdf/sf-66_cpc_kit_online.pdf,21,P-29,yes
F-66,CPC Kit,F-66,Spanish,SF-66,https://aaws.widen.net/content/ga3pnoxvtv/pdf/sf-66_cpc_kit_online.pdf,22,P-31,yes
F-66,CPC Kit,F-66,Spanish,SF-66,https://aaws.widen.net/content/ga3pnoxvtv/pdf/sf-66_cpc_kit_online.pdf,23,P-35,yes
F-66,CPC Kit,F-66,Spanish,SF-66,https://aaws.widen.net/content/ga3pnoxvtv/pdf/sf-66_cpc_kit_online.pdf,24,P-40,yes
F-66,CPC Kit,F-66,Spanish,SF-66,https://aaws.widen.net/content/ga3pnoxvtv/pdf/sf-66_cpc_kit_online.pdf,25,P-42,yes
F-66,CPC Kit,F-66,Spanish,SF-66,https://aaws.widen.net/content/ga3pnoxvtv/pdf/sf-66_cpc_kit_online.pdf,26,P-43,yes
F-66,CPC Kit,F-66,Spanish,SF-66,https://aaws.widen.net/content/ga3pnoxvtv/pdf/sf-66_cpc_kit_online.pdf,27,P-46,yes
F-66,CPC Kit,F-66,Spanish,SF-66,https://aaws.widen.net/content/ga3pnoxvtv/pdf/sf-66_cpc_kit_online.pdf,28,P-47,yes
F-66,CPC Kit,F-66,Spanish,SF-66,https://aaws.widen.net/content/ga3pnoxvtv/pdf/sf-66_cpc_kit_online.pdf,29,P-48,yes
F-66,CPC Kit,F-66,Spanish,SF-66,https://aaws.widen.net/content/ga3pnoxvtv/pdf/sf-66_cpc_kit_online.pdf,30,P-54,yes
F-66,CPC Kit,F-66,Spanish,SF-66,https://aaws.widen.net/content/ga3pnoxvtv/pdf/sf-66_cpc_kit_online.pdf,31,F-200,no
F-66,CPC Kit,F-66,Spanish,SF-66,https://aaws.widen.net/content/ga3pnoxvtv/pdf/sf-66_cpc_kit_online.pdf,32,F-201,no
F-66,CPC Kit,F-66,Spanish,SF-66,https://aaws.widen.net/content/ga3pnoxvtv/pdf/sf-66_cpc_kit_online.pdf,33,F-80,no
F-66,CPC Kit,F-66,Spanish,SF-66,https://aaws.widen.net/content/ga3pnoxvtv/pdf/sf-66_cpc_kit_online.pdf,34,F-76,no
F-66,CPC Kit,F-66,Spanish,SF-66,https://aaws.widen.net/content/ga3pnoxvtv/pdf/sf-66_cpc_kit_online.pdf,35,F-41,no
F-66,CPC Kit,F-66,Spanish,SF-66,https://aaws.widen.net/content/ga3pnoxvtv/pdf/sf-66_cpc_kit_online.pdf,36,F-188,no
F-66,CPC Kit,F-66,Spanish,SF-66,https://aaws.widen.net/content/ga3pnoxvtv/pdf/sf-66_cpc_kit_online.pdf,37,F-202,no
F-66,CPC Kit,F-66,French,FF-66,https://aaws.widen.net/content/lyrfzmiuav/pdf/ff-66_cpc_kit_online.pdf,1,F-175,yes
F-66,CPC Kit,F-66,French,FF-66,https://aaws.widen.net/content/lyrfzmiuav/pdf/ff-66_cpc_kit_online.pdf,2,M-41I,yes
F-66,CPC Kit,F-66,French,FF-66,https://aaws.widen.net/content/lyrfzmiuav/pdf/ff-66_cpc_kit_online.pdf,3,MG-5,yes
F-66,CPC Kit,F-66,French,FF-66,https://aaws.widen.net/content/lyrfzmiuav/pdf/ff-66_cpc_kit_online.pdf,4,MG-7,yes
F-66,CPC Kit,F-66,French,FF-66,https://aaws.widen.net/content/lyrfzmiuav/pdf/ff-66_cpc_kit_online.pdf,5,MG-8,yes
F-66,CPC Kit,F-66,French,FF-66,https://aaws.widen.net/content/lyrfzmiuav/pdf/ff-66_cpc_kit_online.pdf,6,MG-10,yes
F-66,CPC Kit,F-66,French,FF-66,https://aaws.widen.net/content/lyrfzmiuav/pdf/ff-66_cpc_kit_online.pdf,7,MG-11,yes
F-66,CPC Kit,F-66,French,FF-66,https://aaws.widen.net/content/lyrfzmiuav/pdf/ff-66_cpc_kit_online.pdf,8,MG-16,yes
F-66,CPC Kit,F-66,French,FF-66,https://aaws.widen.net/content/lyrfzmiuav/pdf/ff-66_cpc_kit_online.pdf,9,F-2,yes
F-66,CPC Kit,F-66,French,FF-66,https://aaws.widen.net/content/lyrfzmiuav/pdf/ff-66_cpc_kit_online.pdf,10,F-13B,no
F-66,CPC Kit,F-66,French,FF-66,https://aaws.widen.net/content/lyrfzmiuav/pdf/ff-66_cpc_kit_online.pdf,11,F-106,yes
F-66,CPC Kit,F-66,French,FF-66,https://aaws.widen.net/content/lyrfzmiuav/pdf/ff-66_cpc_kit_online.pdf,12,F-177,no
F-66,CPC Kit,F-66,French,FF-66,https://aaws.widen.net/content/lyrfzmiuav/pdf/ff-66_cpc_kit_online.pdf,13,F-190,yes
F-66,CPC Kit,F-66,French,FF-66,https://aaws.widen.net/content/lyrfzmiuav/pdf/ff-66_cpc_kit_online.pdf,14,F-210,yes
F-66,CPC Kit,F-66,French,FF-66,https://aaws.widen.net/content/lyrfzmiuav/pdf/ff-66_cpc_kit_online.pdf,15,F-235,no
F-66,CPC Kit,F-66,French,FF-66,https://aaws.widen.net/content/lyrfzmiuav/pdf/ff-66_cpc_kit_online.pdf,16,F-13,yes
F-66,CPC Kit,F-66,French,FF-66,https://aaws.widen.net/content/lyrfzmiuav/pdf/ff-66_cpc_kit_online.pdf,17,F-10,yes
F-66,CPC Kit,F-66,French,FF-66,https://aaws.widen.net/content/lyrfzmiuav/pdf/ff-66_cpc_kit_online.pdf,18,P-11,yes
F-66,CPC Kit,F-66,French,FF-66,https://aaws.widen.net/content/lyrfzmiuav/pdf/ff-66_cpc_kit_online.pdf,19,P-23,yes
F-66,CPC Kit,F-66,French,FF-66,https://aaws.widen.net/content/lyrfzmiuav/pdf/ff-66_cpc_kit_online.pdf,20,P-25,yes
F-66,CPC Kit,F-66,French,FF-66,https://aaws.widen.net/content/lyrfzmiuav/pdf/ff-66_cpc_kit_online.pdf,21,P-26,yes
F-66,CPC Kit,F-66,French,FF-66,https://aaws.widen.net/content/lyrfzmiuav/pdf/ff-66_cpc_kit_online.pdf,22,P-29,yes
F-66,CPC Kit,F-66,French,FF-66,https://aaws.widen.net/content/lyrfzmiuav/pdf/ff-66_cpc_kit_online.pdf,23,P-31,yes
F-66,CPC Kit,F-66,French,FF-66,https://aaws.widen.net/content/lyrfzmiuav/pdf/ff-66_cpc_kit_online.pdf,24,P-35,yes
F-66,CPC Kit,F-66,French,FF-66,https://aaws.widen.net/content/lyrfzmiuav/pdf/ff-66_cpc_kit_online.pdf,25,P-40,yes
F-66,CPC Kit,F-66,French,FF-66,https://aaws.widen.net/content/lyrfzmiuav/pdf/ff-66_cpc_kit_online.pdf,26,P-42,yes
F-66,CPC Kit,F-66,French,FF-66,https://aaws.widen.net/content/lyrfzmiuav/pdf/ff-66_cpc_kit_online.pdf,27,P-43,yes
F-66,CPC Kit,F-66,French,FF-66,https://aaws.widen.net/content/lyrfzmiuav/pdf/ff-66_cpc_kit_online.pdf,28,P-46,yes
F-66,CPC Kit,F-66,French,FF-66,https://aaws.widen.net/content/lyrfzmiuav/pdf/ff-66_cpc_kit_online.pdf,29,P-47,yes
F-66,CPC Kit,F-66,French,FF-66,https://aaws.widen.net/content/lyrfzmiuav/pdf/ff-66_cpc_kit_online.pdf,30,P-48,yes
F-66,CPC Kit,F-66,French,FF-66,https://aaws.widen.net/content/lyrfzmiuav/pdf/ff-66_cpc_kit_online.pdf,31,P-54,yes
F-66,CPC Kit,F-66,French,FF-66,https://aaws.widen.net/content/lyrfzmiuav/pdf/ff-66_cpc_kit_online.pdf,32,F-200,no
F-66,CPC Kit,F-66,French,FF-66,https://aaws.widen.net/content/lyrfzmiuav/pdf/ff-66_cpc_kit_online.pdf,33,F-201,no
F-66,CPC Kit,F-66,French,FF-66,https://aaws.widen.net/content/lyrfzmiuav/pdf/ff-66_cpc_kit_online.pdf,34,F-80,no
F-66,CPC Kit,F-66,French,FF-66,https://aaws.widen.net/content/lyrfzmiuav/pdf/ff-66_cpc_kit_online.pdf,35,F-76,no
F-68,Corrections Committee Kit,F-68,English,F-68,https://aaws.widen.net/content/uhxx9rtu7v/pdf/f-68_corrections_kit_online.pdf,1,F-239,yes
F-68,Corrections Committee Kit,F-68,English,F-68,https://aaws.widen.net/content/uhxx9rtu7v/pdf/f-68_corrections_kit_online.pdf,2,M-45I,yes
F-68,Corrections Committee Kit,F-68,English,F-68,https://aaws.widen.net/content/uhxx9rtu7v/pdf/f-68_corrections_kit_online.pdf,3,B-13,no
F-68,Corrections Committee Kit,F-68,English,F-68,https://aaws.widen.net/content/uhxx9rtu7v/pdf/f-68_corrections_kit_online.pdf,4,F-5,yes
F-68,Corrections Committee Kit,F-68,English,F-68,https://aaws.widen.net/content/uhxx9rtu7v/pdf/f-68_corrections_kit_online.pdf,5,P-9,yes
F-68,Corrections Committee Kit,F-68,English,F-68,https://aaws.widen.net/content/uhxx9rtu7v/pdf/f-68_corrections_kit_online.pdf,6,P-20,yes
F-68,Corrections Committee Kit,F-68,English,F-68,https://aaws.widen.net/content/uhxx9rtu7v/pdf/f-68_corrections_kit_online.pdf,7,P-26,yes
F-68,Corrections Committee Kit,F-68,English,F-68,https://aaws.widen.net/content/uhxx9rtu7v/pdf/f-68_corrections_kit_online.pdf,8,P-29,yes
F-68,Corrections Committee Kit,F-68,English,F-68,https://aaws.widen.net/content/uhxx9rtu7v/pdf/f-68_corrections_kit_online.pdf,9,P-33,yes
F-68,Corrections Committee Kit,F-68,English,F-68,https://aaws.widen.net/content/uhxx9rtu7v/pdf/f-68_corrections_kit_online.pdf,10,P-43,yes
F-68,Corrections Committee Kit,F-68,English,F-68,https://aaws.widen.net/content/uhxx9rtu7v/pdf/f-68_corrections_kit_online.pdf,11,P-55,yes
F-68,Corrections Committee Kit,F-68,English,F-68,https://aaws.widen.net/content/uhxx9rtu7v/pdf/f-68_corrections_kit_online.pdf,12,P-84,yes
F-68,Corrections Committee Kit,F-68,English,F-68,https://aaws.widen.net/content/uhxx9rtu7v/pdf/f-68_corrections_kit_online.pdf,13,P-86,yes
F-68,Corrections Committee Kit,F-68,English,F-68,https://aaws.widen.net/content/uhxx9rtu7v/pdf/f-68_corrections_kit_online.pdf,14,F-108,yes
F-68,Corrections Committee Kit,F-68,English,F-68,https://aaws.widen.net/content/uhxx9rtu7v/pdf/f-68_corrections_kit_online.pdf,15,MG-5,yes
F-68,Corrections Committee Kit,F-68,English,F-68,https://aaws.widen.net/content/uhxx9rtu7v/pdf/f-68_corrections_kit_online.pdf,16,MG-6,yes
F-68,Corrections Committee Kit,F-68,English,F-68,https://aaws.widen.net/content/uhxx9rtu7v/pdf/f-68_corrections_kit_online.pdf,17,MG-8,yes
F-68,Corrections Committee Kit,F-68,English,F-68,https://aaws.widen.net/content/uhxx9rtu7v/pdf/f-68_corrections_kit_online.pdf,18,MG-10,yes
F-68,Corrections Committee Kit,F-68,English,F-68,https://aaws.widen.net/content/uhxx9rtu7v/pdf/f-68_corrections_kit_online.pdf,19,MG-16,yes
F-68,Corrections Committee Kit,F-68,English,F-68,https://aaws.widen.net/content/uhxx9rtu7v/pdf/f-68_corrections_kit_online.pdf,20,F-2,yes
F-68,Corrections Committee Kit,F-68,English,F-68,https://aaws.widen.net/content/uhxx9rtu7v/pdf/f-68_corrections_kit_online.pdf,21,F-13B,no
F-68,Corrections Committee Kit,F-68,English,F-68,https://aaws.widen.net/content/uhxx9rtu7v/pdf/f-68_corrections_kit_online.pdf,22,F-13,yes
F-68,Corrections Committee Kit,F-68,English,F-68,https://aaws.widen.net/content/uhxx9rtu7v/pdf/f-68_corrections_kit_online.pdf,23,F-97,yes
F-68,Corrections Committee Kit,F-68,English,F-68,https://aaws.widen.net/content/uhxx9rtu7v/pdf/f-68_corrections_kit_online.pdf,24,F-10,yes
F-68,Corrections Committee Kit,F-68,English,F-68,https://aaws.widen.net/content/uhxx9rtu7v/pdf/f-68_corrections_kit_online.pdf,25,F-162,yes
F-68,Corrections Committee Kit,F-68,English,F-68,https://aaws.widen.net/content/uhxx9rtu7v/pdf/f-68_corrections_kit_online.pdf,26,F-163,yes
F-68,Corrections Committee Kit,F-68,English,F-68,https://aaws.widen.net/content/uhxx9rtu7v/pdf/f-68_corrections_kit_online.pdf,27,F-26,yes
F-68,Corrections Committee Kit,F-68,English,F-68,https://aaws.widen.net/content/uhxx9rtu7v/pdf/f-68_corrections_kit_online.pdf,28,F-73,yes
F-68,Corrections Committee Kit,F-68,English,F-68,https://aaws.widen.net/content/uhxx9rtu7v/pdf/f-68_corrections_kit_online.pdf,29,F-75,no
F-68,Corrections Committee Kit,F-68,English,F-68,https://aaws.widen.net/content/uhxx9rtu7v/pdf/f-68_corrections_kit_online.pdf,30,F-89,no
F-68,Corrections Committee Kit,F-68,English,F-68,https://aaws.widen.net/content/uhxx9rtu7v/pdf/f-68_corrections_kit_online.pdf,31,F-70,no
F-68,Corrections Committee Kit,F-68,English,F-68,https://aaws.widen.net/content/uhxx9rtu7v/pdf/f-68_corrections_kit_online.pdf,32,F-77,no
F-68,Corrections Committee Kit,F-68,English,F-68,https://aaws.widen.net/content/uhxx9rtu7v/pdf/f-68_corrections_kit_online.pdf,33,F-79,no
F-68,Corrections Committee Kit,F-68,English,F-68,https://aaws.widen.net/content/uhxx9rtu7v/pdf/f-68_corrections_kit_online.pdf,34,F-198,no
F-68,Corrections Committee Kit,F-68,English,F-68,https://aaws.widen.net/content/uhxx9rtu7v/pdf/f-68_corrections_kit_online.pdf,35,F-41A,no
F-68,Corrections Committee Kit,F-68,English,F-68,https://aaws.widen.net/content/uhxx9rtu7v/pdf/f-68_corrections_kit_online.pdf,36,F-188,no
F-68,Corrections Committee Kit,F-68,English,F-68,https://aaws.widen.net/content/uhxx9rtu7v/pdf/f-68_corrections_kit_online.pdf,37,F-196,no
F-68,Corrections Committee Kit,F-68,English,F-68,https://aaws.widen.net/content/uhxx9rtu7v/pdf/f-68_corrections_kit_online.pdf,38,F-301,no
F-68,Corrections Committee Kit,F-68,English,F-68,https://aaws.widen.net/content/uhxx9rtu7v/pdf/f-68_corrections_kit_online.pdf,39,F-304,no
F-68,Corrections Committee Kit,F-68,Spanish,SF-68,https://aaws.widen.net/content/ndhsudey9n/pdf/sf-68_corrections_kit_online.pdf,1,F-239,yes
F-68,Corrections Committee Kit,F-68,Spanish,SF-68,https://aaws.widen.net/content/ndhsudey9n/pdf/sf-68_corrections_kit_online.pdf,2,M-45I,yes
F-68,Corrections Committee Kit,F-68,Spanish,SF-68,https://aaws.widen.net/content/ndhsudey9n/pdf/sf-68_corrections_kit_online.pdf,3,B-13,no
F-68,Corrections Committee Kit,F-68,Spanish,SF-68,https://aaws.widen.net/content/ndhsudey9n/pdf/sf-68_corrections_kit_online.pdf,4,F-5,yes
F-68,Corrections Committee Kit,F-68,Spanish,SF-68,https://aaws.widen.net/content/ndhsudey9n/pdf/sf-68_corrections_kit_online.pdf,5,P-9,yes
F-68,Corrections Committee Kit,F-68,Spanish,SF-68,https://aaws.widen.net/content/ndhsudey9n/pdf/sf-68_corrections_kit_online.pdf,6,P-20,yes
F-68,Corrections Committee Kit,F-68,Spanish,SF-68,https://aaws.widen.net/content/ndhsudey9n/pdf/sf-68_corrections_kit_online.pdf,7,P-26,yes
F-68,Corrections Committee Kit,F-68,Spanish,SF-68,https://aaws.widen.net/content/ndhsudey9n/pdf/sf-68_corrections_kit_online.pdf,8,P-29,yes
F-68,Corrections Committee Kit,F-68,Spanish,SF-68,https://aaws.widen.net/content/ndhsudey9n/pdf/sf-68_corrections_kit_online.pdf,9,P-33,yes
F-68,Corrections Committee Kit,F-68,Spanish,SF-68,https://aaws.widen.net/content/ndhsudey9n/pdf/sf-68_corrections_kit_online.pdf,10,P-43,yes
F-68,Corrections Committee Kit,F-68,Spanish,SF-68,https://aaws.widen.net/content/ndhsudey9n/pdf/sf-68_corrections_kit_online.pdf,11,P-55,yes
F-68,Corrections Committee Kit,F-68,Spanish,SF-68,https://aaws.widen.net/content/ndhsudey9n/pdf/sf-68_corrections_kit_online.pdf,12,P-84,yes
F-68,Corrections Committee Kit,F-68,Spanish,SF-68,https://aaws.widen.net/content/ndhsudey9n/pdf/sf-68_corrections_kit_online.pdf,13,P-86,yes
F-68,Corrections Committee Kit,F-68,Spanish,SF-68,https://aaws.widen.net/content/ndhsudey9n/pdf/sf-68_corrections_kit_online.pdf,14,F-108,yes
F-68,Corrections Committee Kit,F-68,Spanish,SF-68,https://aaws.widen.net/content/ndhsudey9n/pdf/sf-68_corrections_kit_online.pdf,15,MG-5,yes
F-68,Corrections Committee Kit,F-68,Spanish,SF-68,https://aaws.widen.net/content/ndhsudey9n/pdf/sf-68_corrections_kit_online.pdf,16,MG-6,yes
F-68,Corrections Committee Kit,F-68,Spanish,SF-68,https://aaws.widen.net/content/ndhsudey9n/pdf/sf-68_corrections_kit_online.pdf,17,MG-8,yes
F-68,Corrections Committee Kit,F-68,Spanish,SF-68,https://aaws.widen.net/content/ndhsudey9n/pdf/sf-68_corrections_kit_online.pdf,18,MG-10,yes
F-68,Corrections Committee Kit,F-68,Spanish,SF-68,https://aaws.widen.net/content/ndhsudey9n/pdf/sf-68_corrections_kit_online.pdf,19,MG-16,yes
F-68,Corrections Committee Kit,F-68,Spanish,SF-68,https://aaws.widen.net/content/ndhsudey9n/pdf/sf-68_corrections_kit_online.pdf,20,F-2,yes
F-68,Corrections Committee Kit,F-68,Spanish,SF-68,https://aaws.widen.net/content/ndhsudey9n/pdf/sf-68_corrections_kit_online.pdf,21,F-13B,no
F-68,Corrections Committee Kit,F-68,Spanish,SF-68,https://aaws.widen.net/content/ndhsudey9n/pdf/sf-68_corrections_kit_online.pdf,22,F-13,yes
F-68,Corrections Committee Kit,F-68,Spanish,SF-68,https://aaws.widen.net/content/ndhsudey9n/pdf/sf-68_corrections_kit_online.pdf,23,F-97,yes
F-68,Corrections Committee Kit,F-68,Spanish,SF-68,https://aaws.widen.net/content/ndhsudey9n/pdf/sf-68_corrections_kit_online.pdf,24,F-10,yes
F-68,Corrections Committee Kit,F-68,Spanish,SF-68,https://aaws.widen.net/content/ndhsudey9n/pdf/sf-68_corrections_kit_online.pdf,25,F-162,yes
F-68,Corrections Committee Kit,F-68,Spanish,SF-68,https://aaws.widen.net/content/ndhsudey9n/pdf/sf-68_corrections_kit_online.pdf,26,F-163,yes
F-68,Corrections Committee Kit,F-68,Spanish,SF-68,https://aaws.widen.net/content/ndhsudey9n/pdf/sf-68_corrections_kit_online.pdf,27,F-26,yes
F-68,Corrections Committee Kit,F-68,Spanish,SF-68,https://aaws.widen.net/content/ndhsudey9n/pdf/sf-68_corrections_kit_online.pdf,28,F-73,yes
F-68,Corrections Committee Kit,F-68,Spanish,SF-68,https://aaws.widen.net/content/ndhsudey9n/pdf/sf-68_corrections_kit_online.pdf,29,F-75,no
F-68,Corrections Committee Kit,F-68,Spanish,SF-68,https://aaws.widen.net/content/ndhsudey9n/pdf/sf-68_corrections_kit_online.pdf,30,F-89,no
F-68,Corrections Committee Kit,F-68,Spanish,SF-68,https://aaws.widen.net/content/ndhsudey9n/pdf/sf-68_corrections_kit_online.pdf,31,F-70,no
F-68,Corrections Committee Kit,F-68,Spanish,SF-68,https://aaws.widen.net/content/ndhsudey9n/pdf/sf-68_corrections_kit_online.pdf,32,F-77,no
F-68,Corrections Committee Kit,F-68,Spanish,SF-68,https://aaws.widen.net/content/ndhsudey9n/pdf/sf-68_corrections_kit_online.pdf,33,F-79,no
F-68,Corrections Committee Kit,F-68,Spanish,SF-68,https://aaws.widen.net/content/ndhsudey9n/pdf/sf-68_corrections_kit_online.pdf,34,F-198,no
F-68,Corrections Committee Kit,F-68,Spanish,SF-68,https://aaws.widen.net/content/ndhsudey9n/pdf/sf-68_corrections_kit_online.pdf,35,F-41A,no
F-68,Corrections Committee Kit,F-68,Spanish,SF-68,https://aaws.widen.net/content/ndhsudey9n/pdf/sf-68_corrections_kit_online.pdf,36,F-188,no
F-68,Corrections Committee Kit,F-68,Spanish,SF-68,https://aaws.widen.net/content/ndhsudey9n/pdf/sf-68_corrections_kit_online.pdf,37,F-196,no
F-68,Corrections Committee Kit,F-68,Spanish,SF-68,https://aaws.widen.net/content/ndhsudey9n/pdf/sf-68_corrections_kit_online.pdf,38,F-301,no
F-68,Corrections Committee Kit,F-68,Spanish,SF-68,https://aaws.widen.net/content/ndhsudey9n/pdf/sf-68_corrections_kit_online.pdf,39,F-304,no
F-68,Corrections Committee Kit,F-68,French,FF-68,https://aaws.widen.net/content/ixpjszbzra/pdf/ff-68_corrections_kit_online.pdf,1,F-239,yes
F-68,Corrections Committee Kit,F-68,French,FF-68,https://aaws.widen.net/content/ixpjszbzra/pdf/ff-68_corrections_kit_online.pdf,2,M-45I,yes
F-68,Corrections Committee Kit,F-68,French,FF-68,https://aaws.widen.net/content/ixpjszbzra/pdf/ff-68_corrections_kit_online.pdf,3,B-13,no
F-68,Corrections Committee Kit,F-68,French,FF-68,https://aaws.widen.net/content/ixpjszbzra/pdf/ff-68_corrections_kit_online.pdf,4,F-5,yes
F-68,Corrections Committee Kit,F-68,French,FF-68,https://aaws.widen.net/content/ixpjszbzra/pdf/ff-68_corrections_kit_online.pdf,5,P-9,yes
F-68,Corrections Committee Kit,F-68,French,FF-68,https://aaws.widen.net/content/ixpjszbzra/pdf/ff-68_corrections_kit_online.pdf,6,P-20,yes
F-68,Corrections Committee Kit,F-68,French,FF-68,https://aaws.widen.net/content/ixpjszbzra/pdf/ff-68_corrections_kit_online.pdf,7,P-26,yes
F-68,Corrections Committee Kit,F-68,French,FF-68,https://aaws.widen.net/content/ixpjszbzra/pdf/ff-68_corrections_kit_online.pdf,8,P-29,yes
F-68,Corrections Committee Kit,F-68,French,FF-68,https://aaws.widen.net/content/ixpjszbzra/pdf/ff-68_corrections_kit_online.pdf,9,P-33,yes
F-68,Corrections Committee Kit,F-68,French,FF-68,https://aaws.widen.net/content/ixpjszbzra/pdf/ff-68_corrections_kit_online.pdf,10,P-43,yes
F-68,Corrections Committee Kit,F-68,French,FF-68,https://aaws.widen.net/content/ixpjszbzra/pdf/ff-68_corrections_kit_online.pdf,11,P-55,yes
F-68,Corrections Committee Kit,F-68,French,FF-68,https://aaws.widen.net/content/ixpjszbzra/pdf/ff-68_corrections_kit_online.pdf,12,P-84,yes
F-68,Corrections Committee Kit,F-68,French,FF-68,https://aaws.widen.net/content/ixpjszbzra/pdf/ff-68_corrections_kit_online.pdf,13,P-86,yes
F-68,Corrections Committee Kit,F-68,French,FF-68,https://aaws.widen.net/content/ixpjszbzra/pdf/ff-68_corrections_kit_online.pdf,14,F-108,yes
F-68,Corrections Committee Kit,F-68,French,FF-68,https://aaws.widen.net/content/ixpjszbzra/pdf/ff-68_corrections_kit_online.pdf,15,MG-5,yes
F-68,Corrections Committee Kit,F-68,French,FF-68,https://aaws.widen.net/content/ixpjszbzra/pdf/ff-68_corrections_kit_online.pdf,16,MG-6,yes
F-68,Corrections Committee Kit,F-68,French,FF-68,https://aaws.widen.net/content/ixpjszbzra/pdf/ff-68_corrections_kit_online.pdf,17,MG-8,yes
F-68,Corrections Committee Kit,F-68,French,FF-68,https://aaws.widen.net/content/ixpjszbzra/pdf/ff-68_corrections_kit_online.pdf,18,MG-10,yes
F-68,Corrections Committee Kit,F-68,French,FF-68,https://aaws.widen.net/content/ixpjszbzra/pdf/ff-68_corrections_kit_online.pdf,19,MG-16,yes
F-68,Corrections Committee Kit,F-68,French,FF-68,https://aaws.widen.net/content/ixpjszbzra/pdf/ff-68_corrections_kit_online.pdf,20,F-2,yes
F-68,Corrections Committee Kit,F-68,French,FF-68,https://aaws.widen.net/content/ixpjszbzra/pdf/ff-68_corrections_kit_online.pdf,21,F-13B,no
F-68,Corrections Committee Kit,F-68,French,FF-68,https://aaws.widen.net/content/ixpjszbzra/pdf/ff-68_corrections_kit_online.pdf,22,F-13,yes
F-68,Corrections Committee Kit,F-68,French,FF-68,https://aaws.widen.net/content/ixpjszbzra/pdf/ff-68_corrections_kit_online.pdf,23,F-97,yes
F-68,Corrections Committee Kit,F-68,French,FF-68,https://aaws.widen.net/content/ixpjszbzra/pdf/ff-68_corrections_kit_online.pdf,24,F-10,yes
F-68,Corrections Committee Kit,F-68,French,FF-68,https://aaws.widen.net/content/ixpjszbzra/pdf/ff-68_corrections_kit_online.pdf,25,F-162,yes
F-68,Corrections Committee Kit,F-68,French,FF-68,https://aaws.widen.net/content/ixpjszbzra/pdf/ff-68_corrections_kit_online.pdf,26,F-163,yes
F-68,Corrections Committee Kit,F-68,French,FF-68,https://aaws.widen.net/content/ixpjszbzra/pdf/ff-68_corrections_kit_online.pdf,27,F-26,yes
F-68,Corrections Committee Kit,F-68,French,FF-68,https://aaws.widen.net/content/ixpjszbzra/pdf/ff-68_corrections_kit_online.pdf,28,F-73,yes
F-68,Corrections Committee Kit,F-68,French,FF-68,https://aaws.widen.net/content/ixpjszbzra/pdf/ff-68_corrections_kit_online.pdf,29,F-75,no
F-68,Corrections Committee Kit,F-68,French,FF-68,https://aaws.widen.net/content/ixpjszbzra/pdf/ff-68_corrections_kit_online.pdf,30,F-89,no
F-68,Corrections Committee Kit,F-68,French,FF-68,https://aaws.widen.net/content/ixpjszbzra/pdf/ff-68_corrections_kit_online.pdf,31,F-70,no
F-68,Corrections Committee Kit,F-68,French,FF-68,https://aaws.widen.net/content/ixpjszbzra/pdf/ff-68_corrections_kit_online.pdf,32,F-77,no
F-68,Corrections Committee Kit,F-68,French,FF-68,https://aaws.widen.net/content/ixpjszbzra/pdf/ff-68_corrections_kit_online.pdf,33,F-79,no
F-68,Corrections Committee Kit,F-68,French,FF-68,https://aaws.widen.net/content/ixpjszbzra/pdf/ff-68_corrections_kit_online.pdf,34,F-198,no
F-68,Corrections Committee Kit,F-68,French,FF-68,https://aaws.widen.net/content/ixpjszbzra/pdf/ff-68_corrections_kit_online.pdf,35,F-41A,no
F-68,Corrections Committee Kit,F-68,French,FF-68,https://aaws.widen.net/content/ixpjszbzra/pdf/ff-68_corrections_kit_online.pdf,36,F-188,no
F-68,Corrections Committee Kit,F-68,French,FF-68,https://aaws.widen.net/content/ixpjszbzra/pdf/ff-68_corrections_kit_online.pdf,37,F-196,no
F-68,Corrections Committee Kit,F-68,French,FF-68,https://aaws.widen.net/content/ixpjszbzra/pdf/ff-68_corrections_kit_online.pdf,38,F-301,no
F-68,Corrections Committee Kit,F-68,French,FF-68,https://aaws.widen.net/content/ixpjszbzra/pdf/ff-68_corrections_kit_online.pdf,39,F-304,no
SMF-241,Resource List for Information on Self-Support and Finance,SMF-241,English,SMF-241,https://aaws.widen.net/content/2qkajtczlu/pdf/smf-241_resource_information_self_support__finance.pdf,1,F-241,no
SMF-241,Resource List for Information on Self-Support and Finance,SMF-241,English,SMF-241,https://aaws.widen.net/content/2qkajtczlu/pdf/smf-241_resource_information_self_support__finance.pdf,2,BM-31,yes
SMF-241,Resource List for Information on Self-Support and Finance,SMF-241,English,SMF-241,https://aaws.widen.net/content/2qkajtczlu/pdf/smf-241_resource_information_self_support__finance.pdf,3,F-96,yes
SMF-241,Resource List for Information on Self-Support and Finance,SMF-241,English,SMF-241,https://aaws.widen.net/content/2qkajtczlu/pdf/smf-241_resource_information_self_support__finance.pdf,4,F-3,yes
SMF-241,Resource List for Information on Self-Support and Finance,SMF-241,English,SMF-241,https://aaws.widen.net/content/2qkajtczlu/pdf/smf-241_resource_information_self_support__finance.pdf,5,MG-15,yes
SMF-241,Resource List for Information on Self-Support and Finance,SMF-241,English,SMF-241,https://aaws.widen.net/content/2qkajtczlu/pdf/smf-241_resource_information_self_support__finance.pdf,6,MG-12,yes
SMF-241,Resource List for Information on Self-Support and Finance,SMF-241,English,SMF-241,https://aaws.widen.net/content/2qkajtczlu/pdf/smf-241_resource_information_self_support__finance.pdf,7,MG-04,no
SMF-241,Resource List for Information on Self-Support and Finance,SMF-241,English,SMF-241,https://aaws.widen.net/content/2qkajtczlu/pdf/smf-241_resource_information_self_support__finance.pdf,8,MG-02,no
SMF-241,Resource List for Information on Self-Support and Finance,SMF-241,English,SMF-241,https://aaws.widen.net/content/2qkajtczlu/pdf/smf-241_resource_information_self_support__finance.pdf,9,MG-3A,yes
SMF-241,Resource List for Information on Self-Support and Finance,SMF-241,English,SMF-241,https://aaws.widen.net/content/2qkajtczlu/pdf/smf-241_resource_information_self_support__finance.pdf,10,F-42,yes
SMF-241,Resource List for Information on Self-Support and Finance,SMF-241,English,SMF-241,https://aaws.widen.net/content/2qkajtczlu/pdf/smf-241_resource_information_self_support__finance.pdf,11,F-203,yes
SMF-241,Resource List for Information on Self-Support and Finance,SMF-241,English,SMF-241,https://aaws.widen.net/content/2qkajtczlu/pdf/smf-241_resource_information_self_support__finance.pdf,12,SMF-131,yes
SMF-241,Resource List for Information on Self-Support and Finance,SMF-241,English,SMF-241,https://aaws.widen.net/content/2qkajtczlu/pdf/smf-241_resource_information_self_support__finance.pdf,13,SMF-223,yes
SMF-241,Resource List for Information on Self-Support and Finance,SMF-241,English,SMF-241,https://aaws.widen.net/content/2qkajtczlu/pdf/smf-241_resource_information_self_support__finance.pdf,14,SMF-91,yes
SMF-241,Resource List for Information on Self-Support and Finance,SMF-241,English,SMF-241,https://aaws.widen.net/content/2qkajtczlu/pdf/smf-241_resource_information_self_support__finance.pdf,15,SMF-104,yes
SMF-241,Resource List for Information on Self-Support and Finance,SMF-241,English,SMF-241,https://aaws.widen.net/content/2qkajtczlu/pdf/smf-241_resource_information_self_support__finance.pdf,16,SMF-176,yes
SMF-241,Resource List for Information on Self-Support and Finance,SMF-241,English,SMF-241,https://aaws.widen.net/content/2qkajtczlu/pdf/smf-241_resource_information_self_support__finance.pdf,17,SMF-165,yes
SMF-241,Resource List for Information on Self-Support and Finance,SMF-241,English,SMF-241,https://aaws.widen.net/content/2qkajtczlu/pdf/smf-241_resource_information_self_support__finance.pdf,18,SMF-94,yes
SMF-241,Resource List for Information on Self-Support and Finance,SMF-241,English,SMF-241,https://aaws.widen.net/content/2qkajtczlu/pdf/smf-241_resource_information_self_support__finance.pdf,19,F-15,yes
SMF-241,Resource List for Information on Self-Support and Finance,SMF-241,English,SMF-241,https://aaws.widen.net/content/2qkajtczlu/pdf/smf-241_resource_information_self_support__finance.pdf,20,M-39,yes
SMF-241,Resource List for Information on Self-Support and Finance,SMF-241,Spanish,SMFS-241,https://aaws.widen.net/content/a73iw8yrvu/pdf/smfs-241_resource_information_self_support__finance.pdf,1,F-241,no
SMF-241,Resource List for Information on Self-Support and Finance,SMF-241,Spanish,SMFS-241,https://aaws.widen.net/content/a73iw8yrvu/pdf/smfs-241_resource_information_self_support__finance.pdf,2,F-96,yes
SMF-241,Resource List for Information on Self-Support and Finance,SMF-241,Spanish,SMFS-241,https://aaws.widen.net/content/a73iw8yrvu/pdf/smfs-241_resource_information_self_support__finance.pdf,3,F-3,yes
SMF-241,Resource List for Information on Self-Support and Finance,SMF-241,Spanish,SMFS-241,https://aaws.widen.net/content/a73iw8yrvu/pdf/smfs-241_resource_information_self_support__finance.pdf,4,MG-15,yes
SMF-241,Resource List for Information on Self-Support and Finance,SMF-241,Spanish,SMFS-241,https://aaws.widen.net/content/a73iw8yrvu/pdf/smfs-241_resource_information_self_support__finance.pdf,5,MG-12,yes
SMF-241,Resource List for Information on Self-Support and Finance,SMF-241,Spanish,SMFS-241,https://aaws.widen.net/content/a73iw8yrvu/pdf/smfs-241_resource_information_self_support__finance.pdf,6,MG-04,no
SMF-241,Resource List for Information on Self-Support and Finance,SMF-241,Spanish,SMFS-241,https://aaws.widen.net/content/a73iw8yrvu/pdf/smfs-241_resource_information_self_support__finance.pdf,7,MG-2,yes
SMF-241,Resource List for Information on Self-Support and Finance,SMF-241,Spanish,SMFS-241,https://aaws.widen.net/content/a73iw8yrvu/pdf/smfs-241_resource_information_self_support__finance.pdf,8,MG-3A,yes
SMF-241,Resource List for Information on Self-Support and Finance,SMF-241,Spanish,SMFS-241,https://aaws.widen.net/content/a73iw8yrvu/pdf/smfs-241_resource_information_self_support__finance.pdf,9,F-43,yes
SMF-241,Resource List for Information on Self-Support and Finance,SMF-241,Spanish,SMFS-241,https://aaws.widen.net/content/a73iw8yrvu/pdf/smfs-241_resource_information_self_support__finance.pdf,10,F-203,yes
SMF-241,Resource List for Information on Self-Support and Finance,SMF-241,Spanish,SMFS-241,https://aaws.widen.net/content/a73iw8yrvu/pdf/smfs-241_resource_information_self_support__finance.pdf,11,F-15,yes
SMF-241,Resource List for Information on Self-Support and Finance,SMF-241,Spanish,SMFS-241,https://aaws.widen.net/content/a73iw8yrvu/pdf/smfs-241_resource_information_self_support__finance.pdf,12,M-39,yes
SMF-241,Resource List for Information on Self-Support and Finance,SMF-241,French,SMFF-241,https://aaws.widen.net/content/zf2cglsu7t/pdf/smff-241_resource_information_self_support__finance.pdf,1,F-241,no
SMF-241,Resource List for Information on Self-Support and Finance,SMF-241,French,SMFF-241,https://aaws.widen.net/content/zf2cglsu7t/pdf/smff-241_resource_information_self_support__finance.pdf,2,F-96,yes
SMF-241,Resource List for Information on Self-Support and Finance,SMF-241,French,SMFF-241,https://aaws.widen.net/content/zf2cglsu7t/pdf/smff-241_resource_information_self_support__finance.pdf,3,F-3,yes
SMF-241,Resource List for Information on Self-Support and Finance,SMF-241,French,SMFF-241,https://aaws.widen.net/content/zf2cglsu7t/pdf/smff-241_resource_information_self_support__finance.pdf,4,MG-15,yes
SMF-241,Resource List for Information on Self-Support and Finance,SMF-241,French,SMFF-241,https://aaws.widen.net/content/zf2cglsu7t/pdf/smff-241_resource_information_self_support__finance.pdf,5,MG-12,yes
SMF-241,Resource List for Information on Self-Support and Finance,SMF-241,French,SMFF-241,https://aaws.widen.net/content/zf2cglsu7t/pdf/smff-241_resource_information_self_support__finance.pdf,6,MG-4,yes
SMF-241,Resource List for Information on Self-Support and Finance,SMF-241,French,SMFF-241,https://aaws.widen.net/content/zf2cglsu7t/pdf/smff-241_resource_information_self_support__finance.pdf,7,MG-2,yes
SMF-241,Resource List for Information on Self-Support and Finance,SMF-241,French,SMFF-241,https://aaws.widen.net/content/zf2cglsu7t/pdf/smff-241_resource_information_self_support__finance.pdf,8,MG-3A,yes
SMF-241,Resource List for Information on Self-Support and Finance,SMF-241,French,SMFF-241,https://aaws.widen.net/content/zf2cglsu7t/pdf/smff-241_resource_information_self_support__finance.pdf,9,F-42,yes
SMF-241,Resource List for Information on Self-Support and Finance,SMF-241,French,SMFF-241,https://aaws.widen.net/content/zf2cglsu7t/pdf/smff-241_resource_information_self_support__finance.pdf,10,F-203,yes
SMF-241,Resource List for Information on Self-Support and Finance,SMF-241,French,SMFF-241,https://aaws.widen.net/content/zf2cglsu7t/pdf/smff-241_resource_information_self_support__finance.pdf,11,F-15,yes
SMF-241,Resource List for Information on Self-Support and Finance,SMF-241,French,SMFF-241,https://aaws.widen.net/content/zf2cglsu7t/pdf/smff-241_resource_information_self_support__finance.pdf,12,M-39,yes
stem:gsrkitdigitalonline,General Service Representative (G.S.R.) Kit,,English,,https://aaws.widen.net/content/qiuj4jhgqo/pdf/gsr_kit_digital_en_online.pdf,1,F-57,no
stem:gsrkitdigitalonline,General Service Representative (G.S.R.) Kit,,English,,https://aaws.widen.net/content/qiuj4jhgqo/pdf/gsr_kit_digital_en_online.pdf,2,BM-31,yes
stem:gsrkitdigitalonline,General Service Representative (G.S.R.) Kit,,English,,https://aaws.widen.net/content/qiuj4jhgqo/pdf/gsr_kit_digital_en_online.pdf,3,M-23,no
stem:gsrkitdigitalonline,General Service Representative (G.S.R.) Kit,,English,,https://aaws.widen.net/content/qiuj4jhgqo/pdf/gsr_kit_digital_en_online.pdf,4,F-236,yes
stem:gsrkitdigitalonline,General Service Representative (G.S.R.) Kit,,English,,https://aaws.widen.net/content/qiuj4jhgqo/pdf/gsr_kit_digital_en_online.pdf,5,SMF-29,yes
stem:gsrkitdigitalonline,General Service Representative (G.S.R.) Kit,,English,,https://aaws.widen.net/content/qiuj4jhgqo/pdf/gsr_kit_digital_en_online.pdf,6,SMF-116,yes
stem:gsrkitdigitalonline,General Service Representative (G.S.R.) Kit,,English,,https://aaws.widen.net/content/qiuj4jhgqo/pdf/gsr_kit_digital_en_online.pdf,7,SMF-118,yes
stem:gsrkitdigitalonline,General Service Representative (G.S.R.) Kit,,English,,https://aaws.widen.net/content/qiuj4jhgqo/pdf/gsr_kit_digital_en_online.pdf,8,SMF-176,yes
stem:gsrkitdigitalonline,General Service Representative (G.S.R.) Kit,,English,,https://aaws.widen.net/content/qiuj4jhgqo/pdf/gsr_kit_digital_en_online.pdf,9,SMF-91,yes
stem:gsrkitdigitalonline,General Service Representative (G.S.R.) Kit,,English,,https://aaws.widen.net/content/qiuj4jhgqo/pdf/gsr_kit_digital_en_online.pdf,10,SMF-131,yes
stem:gsrkitdigitalonline,General Service Representative (G.S.R.) Kit,,English,,https://aaws.widen.net/content/qiuj4jhgqo/pdf/gsr_kit_digital_en_online.pdf,11,F-19,no
stem:gsrkitdigitalonline,General Service Representative (G.S.R.) Kit,,English,,https://aaws.widen.net/content/qiuj4jhgqo/pdf/gsr_kit_digital_en_online.pdf,12,MG-25,yes
stem:gsrkitdigitalonline,General Service Representative (G.S.R.) Kit,,English,,https://aaws.widen.net/content/qiuj4jhgqo/pdf/gsr_kit_digital_en_online.pdf,13,F-28,yes
stem:gsrkitdigitalonline,General Service Representative (G.S.R.) Kit,,English,,https://aaws.widen.net/content/qiuj4jhgqo/pdf/gsr_kit_digital_en_online.pdf,14,P-19,yes
stem:gsrkitdigitalonline,General Service Representative (G.S.R.) Kit,,English,,https://aaws.widen.net/content/qiuj4jhgqo/pdf/gsr_kit_digital_en_online.pdf,15,P-45,yes
stem:gsrkitdigitalonline,General Service Representative (G.S.R.) Kit,,English,,https://aaws.widen.net/content/qiuj4jhgqo/pdf/gsr_kit_digital_en_online.pdf,16,P-16,yes
stem:gsrkitdigitalonline,General Service Representative (G.S.R.) Kit,,English,,https://aaws.widen.net/content/qiuj4jhgqo/pdf/gsr_kit_digital_en_online.pdf,17,P-43,yes
stem:gsrkitdigitalonline,General Service Representative (G.S.R.) Kit,,English,,https://aaws.widen.net/content/qiuj4jhgqo/pdf/gsr_kit_digital_en_online.pdf,18,P-8,yes
stem:gsrkitdigitalonline,General Service Representative (G.S.R.) Kit,,English,,https://aaws.widen.net/content/qiuj4jhgqo/pdf/gsr_kit_digital_en_online.pdf,19,P-52,yes
stem:gsrkitdigitalonline,General Service Representative (G.S.R.) Kit,,English,,https://aaws.widen.net/content/qiuj4jhgqo/pdf/gsr_kit_digital_en_online.pdf,20,F-33,no
stem:gsrkitdigitalonline,General Service Representative (G.S.R.) Kit,,English,,https://aaws.widen.net/content/qiuj4jhgqo/pdf/gsr_kit_digital_en_online.pdf,21,F-15,yes
stem:gsrkitdigitalonline,General Service Representative (G.S.R.) Kit,,English,,https://aaws.widen.net/content/qiuj4jhgqo/pdf/gsr_kit_digital_en_online.pdf,22,F-190,yes
stem:gsrkitdigitalonline,General Service Representative (G.S.R.) Kit,,Spanish,,https://aaws.widen.net/content/mquntdlro4/pdf/gsr_kit_digital_sp_online.pdf,1,F-57,no
stem:gsrkitdigitalonline,General Service Representative (G.S.R.) Kit,,Spanish,,https://aaws.widen.net/content/mquntdlro4/pdf/gsr_kit_digital_sp_online.pdf,2,M-23,no
stem:gsrkitdigitalonline,General Service Representative (G.S.R.) Kit,,Spanish,,https://aaws.widen.net/content/mquntdlro4/pdf/gsr_kit_digital_sp_online.pdf,3,F-236,yes
stem:gsrkitdigitalonline,General Service Representative (G.S.R.) Kit,,Spanish,,https://aaws.widen.net/content/mquntdlro4/pdf/gsr_kit_digital_sp_online.pdf,4,F-19,no
stem:gsrkitdigitalonline,General Service Representative (G.S.R.) Kit,,Spanish,,https://aaws.widen.net/content/mquntdlro4/pdf/gsr_kit_digital_sp_online.pdf,5,MG-25,yes
stem:gsrkitdigitalonline,General Service Representative (G.S.R.) Kit,,Spanish,,https://aaws.widen.net/content/mquntdlro4/pdf/gsr_kit_digital_sp_online.pdf,6,F-28,yes
stem:gsrkitdigitalonline,General Service Representative (G.S.R.) Kit,,Spanish,,https://aaws.widen.net/content/mquntdlro4/pdf/gsr_kit_digital_sp_online.pdf,7,P-8,yes
stem:gsrkitdigitalonline,General Service Representative (G.S.R.) Kit,,Spanish,,https://aaws.widen.net/content/mquntdlro4/pdf/gsr_kit_digital_sp_online.pdf,8,P-16,yes
stem:gsrkitdigitalonline,General Service Representative (G.S.R.) Kit,,Spanish,,https://aaws.widen.net/content/mquntdlro4/pdf/gsr_kit_digital_sp_online.pdf,9,P-19,yes
stem:gsrkitdigitalonline,General Service Representative (G.S.R.) Kit,,Spanish,,https://aaws.widen.net/content/mquntdlro4/pdf/gsr_kit_digital_sp_online.pdf,10,P-43,yes
stem:gsrkitdigitalonline,General Service Representative (G.S.R.) Kit,,Spanish,,https://aaws.widen.net/content/mquntdlro4/pdf/gsr_kit_digital_sp_online.pdf,11,P-45,yes
stem:gsrkitdigitalonline,General Service Representative (G.S.R.) Kit,,Spanish,,https://aaws.widen.net/content/mquntdlro4/pdf/gsr_kit_digital_sp_online.pdf,12,P-52,yes
stem:gsrkitdigitalonline,General Service Representative (G.S.R.) Kit,,Spanish,,https://aaws.widen.net/content/mquntdlro4/pdf/gsr_kit_digital_sp_online.pdf,13,F-33,no
stem:gsrkitdigitalonline,General Service Representative (G.S.R.) Kit,,Spanish,,https://aaws.widen.net/content/mquntdlro4/pdf/gsr_kit_digital_sp_online.pdf,14,F-15,yes
stem:gsrkitdigitalonline,General Service Representative (G.S.R.) Kit,,Spanish,,https://aaws.widen.net/content/mquntdlro4/pdf/gsr_kit_digital_sp_online.pdf,15,F-190,yes
stem:gsrkitdigitalonline,General Service Representative (G.S.R.) Kit,,French,,https://aaws.widen.net/content/s1xuw2wgif/pdf/gsr_kit_digital_fr_online.pdf,1,F-57,no
stem:gsrkitdigitalonline,General Service Representative (G.S.R.) Kit,,French,,https://aaws.widen.net/content/s1xuw2wgif/pdf/gsr_kit_digital_fr_online.pdf,2,M-23,no
stem:gsrkitdigitalonline,General Service Representative (G.S.R.) Kit,,French,,https://aaws.widen.net/content/s1xuw2wgif/pdf/gsr_kit_digital_fr_online.pdf,3,F-236,yes
stem:gsrkitdigitalonline,General Service Representative (G.S.R.) Kit,,French,,https://aaws.widen.net/content/s1xuw2wgif/pdf/gsr_kit_digital_fr_online.pdf,4,F-19,no
stem:gsrkitdigitalonline,General Service Representative (G.S.R.) Kit,,French,,https://aaws.widen.net/content/s1xuw2wgif/pdf/gsr_kit_digital_fr_online.pdf,5,MG-25,yes
stem:gsrkitdigitalonline,General Service Representative (G.S.R.) Kit,,French,,https://aaws.widen.net/content/s1xuw2wgif/pdf/gsr_kit_digital_fr_online.pdf,6,F-28,yes
stem:gsrkitdigitalonline,General Service Representative (G.S.R.) Kit,,French,,https://aaws.widen.net/content/s1xuw2wgif/pdf/gsr_kit_digital_fr_online.pdf,7,P-8,yes
stem:gsrkitdigitalonline,General Service Representative (G.S.R.) Kit,,French,,https://aaws.widen.net/content/s1xuw2wgif/pdf/gsr_kit_digital_fr_online.pdf,8,P-45,yes
stem:gsrkitdigitalonline,General Service Representative (G.S.R.) Kit,,French,,https://aaws.widen.net/content/s1xuw2wgif/pdf/gsr_kit_digital_fr_online.pdf,9,P-16,yes
stem:gsrkitdigitalonline,General Service Representative (G.S.R.) Kit,,French,,https://aaws.widen.net/content/s1xuw2wgif/pdf/gsr_kit_digital_fr_online.pdf,10,P-19,yes
stem:gsrkitdigitalonline,General Service Representative (G.S.R.) Kit,,French,,https://aaws.widen.net/content/s1xuw2wgif/pdf/gsr_kit_digital_fr_online.pdf,11,P-43,yes
stem:gsrkitdigitalonline,General Service Representative (G.S.R.) Kit,,French,,https://aaws.widen.net/content/s1xuw2wgif/pdf/gsr_kit_digital_fr_online.pdf,12,P-52,yes
stem:gsrkitdigitalonline,General Service Representative (G.S.R.) Kit,,French,,https://aaws.widen.net/content/s1xuw2wgif/pdf/gsr_kit_digital_fr_online.pdf,13,F-33,no
stem:gsrkitdigitalonline,General Service Representative (G.S.R.) Kit,,French,,https://aaws.widen.net/content/s1xuw2wgif/pdf/gsr_kit_digital_fr_online.pdf,14,F-15,yes
stem:gsrkitdigitalonline,General Service Representative (G.S.R.) Kit,,French,,https://aaws.widen.net/content/s1xuw2wgif/pdf/gsr_kit_digital_fr_online.pdf,15,F-190,yes
