id,title,url,filename,item_code,base_code,item_code_family,category,section,language,topics,year,bytes,size_human,last_modified,source_page,source_title,source_count,host,status
1,A.A. Guidelines - Bridging the Gap,https://aaws.widen.net/content/zzvnu0toie/pdf/mg-21_bridging_the_gap_online.pdf,mg-21_bridging_the_gap_online.pdf,MG-21,MG-21,A.A. Guidelines,A.A. Guidelines,A.A. Guidelines,English,Guidelines; Workbook / Kit,,41278,40.3 KB,2026-08-05,https://www.aa.org/aa-guidelines-bridging-gap,A.A. Guidelines - Bridging the Gap,1,aaws.widen.net,ok
2,A.A. Guidelines - Participation of Online Groups,https://aaws.widen.net/content/5opivhiejg/pdf/MG-26_Participation_of_Online_Groups_ONLINE.pdf,MG-26_Participation_of_Online_Groups_ONLINE.pdf,MG-26,MG-26,A.A. Guidelines,A.A. Guidelines,A.A. Guidelines,English,Guidelines; Workbook / Kit,,123802,120.9 KB,2026-08-04,https://www.aa.org/aa-guidelines-participation-online-groups,A.A. Guidelines - Participation of Online Groups,1,aaws.widen.net,ok
3,A.A. Guidelines for A.A. Members Employed in the Alcoholism Field,https://aaws.widen.net/content/dq5ug988cz/pdf/mg-10_for_aa_members_online.pdf,mg-10_for_aa_members_online.pdf,MG-10,MG-10,A.A. Guidelines,A.A. Guidelines,A.A. Guidelines,English,Professionals; Guidelines; Workbook / Kit,,39058,38.1 KB,2026-08-04,https://www.aa.org/aa-guidelines-aa-members-employed-alcoholism-field,A.A. Guidelines for A.A. Members Employed in the Alcoholism Field,1,aaws.widen.net,ok
4,A.A. Guidelines for Remote Communities,https://aaws.widen.net/content/8xa6v08bum/pdf/mg-19_remote_comunities_online.pdf,mg-19_remote_comunities_online.pdf,MG-19,MG-19,A.A. Guidelines,A.A. Guidelines,A.A. Guidelines,English,Remote Communities; Guidelines; Workbook / Kit,,41419,40.4 KB,2024-02-13,https://www.aa.org/aa-guidelines-remote-communities,A.A. Guidelines for Remote Communities,1,aaws.widen.net,ok
5,A.A. Guidelines on A.A. Answering Services,https://aaws.widen.net/content/xrlr0bhuid/pdf/mg-12_aa_answering_services_online.pdf,mg-12_aa_answering_services_online.pdf,MG-12,MG-12,A.A. Guidelines,A.A. Guidelines,A.A. Guidelines,English,Guidelines; Workbook / Kit,,34990,34.2 KB,2026-09-09,https://www.aa.org/aa-guidelines-aa-answering-services,A.A. Guidelines on A.A. Answering Services,1,aaws.widen.net,ok
6,A.A. Guidelines on Accessibility,https://aaws.widen.net/content/ikbgyuaxb5/pdf/mg-16_accessibility_for_all_alcoholics_online.pdf,mg-16_accessibility_for_all_alcoholics_online.pdf,MG-16,MG-16,A.A. Guidelines,A.A. Guidelines,A.A. Guidelines,English,Accessibility; Guidelines; Workbook / Kit,,184338,180.0 KB,2025-12-15,https://www.aa.org/aa-guidelines-accessibility-all-alcoholics,A.A. Guidelines on Accessibility,2,aaws.widen.net,ok
7,A.A. Guidelines on Archives,https://aaws.widen.net/content/foxclublno/pdf/mg-17_archives_online.pdf,mg-17_archives_online.pdf,MG-17,MG-17,A.A. Guidelines,A.A. Guidelines,A.A. Guidelines,English,Archives; Guidelines; Workbook / Kit,,60892,59.5 KB,2026-08-05,https://www.aa.org/aa-guidelines-archives,A.A. Guidelines on Archives,1,aaws.widen.net,ok
8,A.A. Guidelines on Central or Intergroup Offices,https://aaws.widen.net/content/djpbqgriaq/pdf/mg-2_intergroup_or_central_offices_online.pdf,mg-2_intergroup_or_central_offices_online.pdf,MG-2,MG-2,A.A. Guidelines,A.A. Guidelines,A.A. Guidelines,English,Guidelines; Workbook / Kit,,63354,61.9 KB,2026-02-12,https://www.aa.org/aa-guidelines-central-or-intergroup-offices,A.A. Guidelines on Central or Intergroup Offices,1,aaws.widen.net,ok
9,"A.A. Guidelines on Conferences, Conventions and Roundups",https://aaws.widen.net/content/n7q0oy3ast/pdf/mg-4_conference_conventions__roundups_online.pdf,mg-4_conference_conventions__roundups_online.pdf,MG-4,MG-4,A.A. Guidelines,A.A. Guidelines,A.A. Guidelines,English,Guidelines; Conference; Workbook / Kit,,69985,68.3 KB,2026-03-31,https://www.aa.org/aa-guidelines-conferences-conventions-and-roundups,"A.A. Guidelines on Conferences, Conventions and Roundups",1,aaws.widen.net,ok
10,"A.A. Guidelines on Cooperating with Court, D.W.I. and Similar Programs",https://aaws.widen.net/content/6u2lb3rft2/pdf/mg-5_cooperation_with_courts_online.pdf,mg-5_cooperation_with_courts_online.pdf,MG-5,MG-5,A.A. Guidelines,A.A. Guidelines,A.A. Guidelines,English,Guidelines; Workbook / Kit,,43202,42.2 KB,2026-03-25,https://www.aa.org/aa-guidelines-cooperating-court-dwi-and-similar-programs,"A.A. Guidelines on Cooperating with Court, D.W.I. and Similar Programs",1,aaws.widen.net,ok
11,A.A. Guidelines on Cooperation With the Professional Community,https://aaws.widen.net/content/k2rbbtna6d/pdf/mg-11_cpc_online.pdf,mg-11_cpc_online.pdf,MG-11,MG-11,A.A. Guidelines,A.A. Guidelines,A.A. Guidelines,English,Professionals; Guidelines; Workbook / Kit,,63241,61.8 KB,2026-03-25,https://www.aa.org/aa-guidelines-cooperation-professional-community,A.A. Guidelines on Cooperation With the Professional Community,1,aaws.widen.net,ok
12,A.A. Guidelines on Corrections Committees,https://aaws.widen.net/content/9lk1ph8aqv/pdf/mg-6_corrections_online.pdf,mg-6_corrections_online.pdf,MG-6,MG-6,A.A. Guidelines,A.A. Guidelines,A.A. Guidelines,English,Corrections; Guidelines; Workbook / Kit,,49978,48.8 KB,2025-11-25,https://www.aa.org/aa-guidelines-corrections-committees,A.A. Guidelines on Corrections Committees,1,aaws.widen.net,ok
13,A.A. Guidelines on Finance,https://aaws.widen.net/content/uhcnssi2zv/pdf/mg-15_finance_online.pdf,mg-15_finance_online.pdf,MG-15,MG-15,A.A. Guidelines,A.A. Guidelines,A.A. Guidelines,English,Self-Support; Guidelines; Workbook / Kit,,91322,89.2 KB,2026-03-25,https://www.aa.org/aa-guidelines-finance,A.A. Guidelines on Finance,1,aaws.widen.net,ok
14,A.A. Guidelines on Internet,https://aaws.widen.net/content/2lc7w7xylc/pdf/mg-18_internet_online.pdf,mg-18_internet_online.pdf,MG-18,MG-18,A.A. Guidelines,A.A. Guidelines,A.A. Guidelines,English,Guidelines; Workbook / Kit,,62835,61.4 KB,2026-06-25,https://www.aa.org/aa-guidelines-internet,A.A. Guidelines on Internet,1,aaws.widen.net,ok
15,A.A. Guidelines on Literature Committees,https://aaws.widen.net/content/u19jo2glks/pdf/mg-9_literature_online.pdf,mg-9_literature_online.pdf,MG-9,MG-9,A.A. Guidelines,A.A. Guidelines,A.A. Guidelines,English,Guidelines; Workbook / Kit,,62354,60.9 KB,2026-03-26,https://www.aa.org/aa-guidelines-literature-committees,A.A. Guidelines on Literature Committees,1,aaws.widen.net,ok
16,A.A. Guidelines on Public Information,https://aaws.widen.net/content/6gx5ad8ug7/pdf/mg-7_public_information_online.pdf,mg-7_public_information_online.pdf,MG-7,MG-7,A.A. Guidelines,A.A. Guidelines,A.A. Guidelines,English,Public Information; Guidelines; Workbook / Kit; Form / Application,,68701,67.1 KB,2026-06-29,https://www.aa.org/aa-guidelines-public-information,A.A. Guidelines on Public Information,1,aaws.widen.net,ok
17,A.A. Guidelines on Relationship Between A.A. and Al-Anon,https://aaws.widen.net/content/ves6jr5v7a/pdf/mg-8_relationship_aa__al_anon_online.pdf,mg-8_relationship_aa__al_anon_online.pdf,MG-8,MG-8,A.A. Guidelines,A.A. Guidelines,A.A. Guidelines,English,Guidelines; Workbook / Kit; Family,,31085,30.4 KB,2026-08-06,https://www.aa.org/aa-guidelines-relationship-between-aa-and-al-anon,A.A. Guidelines on Relationship Between A.A. and Al-Anon,1,aaws.widen.net,ok
18,A.A. Guidelines on Relationship Between A.A. and Clubs,https://aaws.widen.net/content/rmcz4a3nio/pdf/mg-3a_relationship_aa__clubs_online.pdf,mg-3a_relationship_aa__clubs_online.pdf,MG-3A,MG-3A,A.A. Guidelines,A.A. Guidelines,A.A. Guidelines,English,Guidelines; Workbook / Kit,,32584,31.8 KB,2026-08-03,https://www.aa.org/aa-guidelines-relationship-between-aa-and-clubs,A.A. Guidelines on Relationship Between A.A. and Clubs,1,aaws.widen.net,ok
19,A.A. Guidelines on Safety and A.A. Groups,https://aaws.widen.net/content/uqwwqmncqc/pdf/mg-25_safety_and_aa_groups_online.pdf,mg-25_safety_and_aa_groups_online.pdf,MG-25,MG-25,A.A. Guidelines,A.A. Guidelines,A.A. Guidelines,English,Safety; Guidelines; Workbook / Kit,,159560,155.8 KB,2025-07-17,https://www.aa.org/aa-guidelines-safety-and-aa-groups,A.A. Guidelines on Safety and A.A. Groups,1,aaws.widen.net,ok
20,A.A. Guidelines on Sharing the A.A. Message with the Alcoholic Who Is Deaf,https://aaws.widen.net/content/hghzf91m9e/pdf/mg-13_sharing_the_message_with_deaf_alcoholics_online.pdf,mg-13_sharing_the_message_with_deaf_alcoholics_online.pdf,MG-13,MG-13,A.A. Guidelines,A.A. Guidelines,A.A. Guidelines,English,Accessibility; Guidelines; Workbook / Kit,,71798,70.1 KB,2026-03-19,https://www.aa.org/aa-guidelines-sharing-aa-message-alcoholic-who-deaf,A.A. Guidelines on Sharing the A.A. Message with the Alcoholic Who Is Deaf,1,aaws.widen.net,ok
21,A.A. Guidelines on Treatment Committees,https://aaws.widen.net/content/uxzeaso6eu/pdf/mg-14_treatment_online.pdf,mg-14_treatment_online.pdf,MG-14,MG-14,A.A. Guidelines,A.A. Guidelines,A.A. Guidelines,English,Treatment; Guidelines; Workbook / Kit,,59005,57.6 KB,2026-03-25,https://www.aa.org/aa-guidelines-treatment-committees,A.A. Guidelines on Treatment Committees,1,aaws.widen.net,ok
22,Guías de A.A. acerca de Cooperación con las Cortes D.W.I. y Programas Similares,https://aaws.widen.net/content/hibhwefwp7/pdf/smg-5_cooperation_with_courts_online.pdf,smg-5_cooperation_with_courts_online.pdf,SMG-5,MG-5,A.A. Guidelines,A.A. Guidelines,A.A. Guidelines,Spanish,,,64461,63.0 KB,2025-11-03,https://www.aa.org/es/guias-de-aa-acerca-de-cooperacion-con-las-cortes-dwi-y-programas-similares,Guías de A.A. acerca de Cooperación con las Cortes D.W.I. y Programas Similares,1,aaws.widen.net,ok
23,Guías de A.A. acerca de Relación entre A.A. y Al-Anon,https://aaws.widen.net/content/zva7vm4jwx/pdf/smg-8_relationship_aa__al_anon_online.pdf,smg-8_relationship_aa__al_anon_online.pdf,SMG-8,MG-8,A.A. Guidelines,A.A. Guidelines,A.A. Guidelines,Spanish,Family,,34302,33.5 KB,2024-07-23,https://www.aa.org/es/guias-de-aa-acerca-de-relacion-entre-aa-y-al-anon,Guías de A.A. acerca de Relación entre A.A. y Al-Anon,1,aaws.widen.net,ok
24,Guías de AA: La Relación entre los Grupos de AA y los Clubs,https://aaws.widen.net/content/qmyi9h2e74/pdf/smg-3a_relationship_aa__clubs_online.pdf,smg-3a_relationship_aa__clubs_online.pdf,SMG-3A,MG-3A,A.A. Guidelines,A.A. Guidelines,A.A. Guidelines,Spanish,,,49377,48.2 KB,2024-02-13,https://www.aa.org/es/guias-de-aa-la-relacion-entre-los-grupos-de-aa-y-los-clubs,Guías de AA: La Relación entre los Grupos de AA y los Clubs,1,aaws.widen.net,ok
25,Guías para miembros de AA empleados en el campo del alcoholismo,https://aaws.widen.net/content/jxbzaea5mw/pdf/smg-10_for_aa_members_online.pdf,smg-10_for_aa_members_online.pdf,SMG-10,MG-10,A.A. Guidelines,A.A. Guidelines,A.A. Guidelines,Spanish,,,32233,31.5 KB,2025-02-06,https://www.aa.org/es/guias-para-miembros-de-aa-empleados-en-el-campo-del-alcoholismo,Guías para miembros de AA empleados en el campo del alcoholismo,1,aaws.widen.net,ok
26,Ligne de conduite des AA pour les Membres des AA oeuvrant en milieu alcoolique,https://aaws.widen.net/content/zliticrsgy/pdf/fmg-10_for_aa_members_online.pdf,fmg-10_for_aa_members_online.pdf,FMG-10,MG-10,A.A. Guidelines,A.A. Guidelines,A.A. Guidelines,French,,,45143,44.1 KB,2026-03-10,https://www.aa.org/fr/ligne-de-conduite-des-aa-pour-les-membres-des-aa-oeuvrant-en-milieu-alcoolique,Ligne de conduite des AA pour les Membres des AA oeuvrant en milieu alcoolique,1,aaws.widen.net,ok
27,Ligne de conduite des AA sur les Collaboration avec les tribunaux et les programmes de prévention,https://aaws.widen.net/content/tyvdmhslwe/pdf/fmg-5_cooperation_with_courts_online.pdf,fmg-5_cooperation_with_courts_online.pdf,FMG-5,MG-5,A.A. Guidelines,A.A. Guidelines,A.A. Guidelines,French,,,61297,59.9 KB,2026-03-10,https://www.aa.org/fr/ligne-de-conduite-des-aa-sur-les-collaboration-avec-les-tribunaux-et-les-programmes-de-prevention,Ligne de conduite des AA sur les Collaboration avec les tribunaux et les programmes de prévention,1,aaws.widen.net,ok
28,Ligne de conduite des AA sur les Liens entre les AA et les Al-Anon,https://aaws.widen.net/content/pofzfuasuz/pdf/fmg-8_relationship_aa__al_anon_online.pdf,fmg-8_relationship_aa__al_anon_online.pdf,FMG-8,MG-8,A.A. Guidelines,A.A. Guidelines,A.A. Guidelines,French,Family,,81778,79.9 KB,2026-03-10,https://www.aa.org/fr/ligne-de-conduite-des-aa-sur-les-liens-entre-les-aa-et-les-al-anon,Ligne de conduite des AA sur les Liens entre les AA et les Al-Anon,1,aaws.widen.net,ok
29,Lignes de conduite des AA: Relations entre les groupes des AA et les clubs,https://aaws.widen.net/content/wqmgzxeeqw/pdf/fmg-3a_relationship_aa__clubs_online.pdf,fmg-3a_relationship_aa__clubs_online.pdf,FMG-3A,MG-3A,A.A. Guidelines,A.A. Guidelines,A.A. Guidelines,French,,,49819,48.7 KB,2026-03-10,https://www.aa.org/fr/lignes-de-conduite-des-aa-relations-entre-les-groupes-des-aa-et-les-clubs,Lignes de conduite des AA: Relations entre les groupes des AA et les clubs,1,aaws.widen.net,ok
30,Anonymity in the Digital Age,https://aaws.widen.net/content/uifiz5qfa4/pdf/m-77_anonymity_fragile_11x17_online.pdf,m-77_anonymity_fragile_11x17_online.pdf,M-77,M-77,Displays & Wallet Cards,"Anonymity, Internet & Online Groups",For Members,English,Anonymity,,1526314,1.5 MB,2026-03-10,https://www.aa.org/anonymity-digital-age,Anonymity in the Digital Age,1,aaws.widen.net,ok
31,Anonymity Statement Card,https://aaws.widen.net/content/rf8qod9jsa/pdf/f-20_aa_anonymity_card_online.pdf,f-20_aa_anonymity_card_online.pdf,F-20,F-20,"Forms, Catalogs & Order Blanks","Anonymity, Internet & Online Groups",For Members,English,Anonymity,,14741,14.4 KB,2026-02-26,https://www.aa.org/anonymity-statement-card,Anonymity Statement Card,1,aaws.widen.net,ok
32,Anonymity — Our Spiritual Foundation,https://aaws.widen.net/content/y60sj8tn4r/pdf/p-47_anonymity_our_spiritual_foundation_online.pdf,p-47_anonymity_our_spiritual_foundation_online.pdf,P-47,P-47,Pamphlets & Booklets,"Anonymity, Internet & Online Groups",For Members,English,Anonymity; Spirituality,,395982,386.7 KB,2026-09-16,https://www.aa.org/anonymity-our-spiritual-foundation,Anonymity — Our Spiritual Foundation,2,aaws.widen.net,ok
33,Carte De L'Anonymat chez les AA,https://aaws.widen.net/content/fmyxkk98hq/pdf/ff-20_aa_anonymity_card_online.pdf,ff-20_aa_anonymity_card_online.pdf,FF-20,F-20,"Forms, Catalogs & Order Blanks","Anonymity, Internet & Online Groups",For Members,French,Anonymity,,14042,13.7 KB,2025-05-23,https://www.aa.org/fr/lanonymat-chez-les-aa,Carte De L'Anonymat chez les AA,2,aaws.widen.net,ok
34,Comprendiendo el anonimato,https://aaws.widen.net/content/hqb6sedqnu/pdf/sp-47_anonymity_our_spiritual_foundation_online.pdf,sp-47_anonymity_our_spiritual_foundation_online.pdf,SP-47,P-47,Pamphlets & Booklets,"Anonymity, Internet & Online Groups",For Members,Spanish,Anonymity; Spirituality,,134058,130.9 KB,2026-08-28,https://www.aa.org/es/comprendiendo-el-anonimato,Comprendiendo el anonimato,1,aaws.widen.net,ok
35,El anonimato en la era digital,https://aaws.widen.net/content/gtqj13ykum/pdf/sm-77_anonymity_fragile_11x17_online.pdf,sm-77_anonymity_fragile_11x17_online.pdf,SM-77,SM-77,Service Material,"Anonymity, Internet & Online Groups",For Members,Spanish,Anonymity,,1542797,1.5 MB,2026-02-27,https://www.aa.org/es/el-anonimato-en-la-era-digital,El anonimato en la era digital,1,aaws.widen.net,ok
36,Frequently Asked Questions About A.A. Websites,https://aaws.widen.net/content/shioesezjk/pdf/smf-101_frequently_ask_questions_about_aa_websites.pdf,smf-101_frequently_ask_questions_about_aa_websites.pdf,SMF-101,SMF-101,Service Material,"Anonymity, Internet & Online Groups",For Members,English,,,143159,139.8 KB,2026-07-27,https://www.aa.org/frequently-asked-questions-about-aa-websites,Frequently Asked Questions About A.A. Websites,1,aaws.widen.net,ok
37,Guías de AA: Internet,https://aaws.widen.net/content/f5t8c8radi/pdf/smg-18_internet_online.pdf,smg-18_internet_online.pdf,SMG-18,MG-18,A.A. Guidelines,"Anonymity, Internet & Online Groups",For Members,Spanish,,,49663,48.5 KB,2026-02-03,https://www.aa.org/es/guias-de-aa-internet,Guías de AA: Internet,2,aaws.widen.net,ok
38,Informe Final de la Conferencia de Servicios Generales 2025,https://aaws.widen.net/content/vnn8zlk6w7/pdf/2025_final_conference-report_anonymity_sp_online.pdf,2025_final_conference-report_anonymity_sp_online.pdf,,,,"Anonymity, Internet & Online Groups",For Members,Spanish,Anonymity; Conference; Report; Form / Application,2025,21557396,20.6 MB,2025-10-20,https://www.aa.org/es/informe-final-de-la-conferencia-de-servicios-generales-2025,Informe Final de la Conferencia de Servicios Generales 2025,1,aaws.widen.net,ok
39,Informe final de la Conferencia de Servicios Generales de 2023,https://aaws.widen.net/content/ukmrenw070/pdf/2023_final_conference_report_anonymity_sp_online.pdf,2023_final_conference_report_anonymity_sp_online.pdf,,,,"Anonymity, Internet & Online Groups",For Members,Spanish,Anonymity; Conference; Report; Form / Application,2023,7579364,7.2 MB,2025-10-20,https://www.aa.org/es/informe-final-de-la-conferencia-de-servicios-generales-de-2023,Informe final de la Conferencia de Servicios Generales de 2023,1,aaws.widen.net,ok
40,Informe final de la Conferencia de Servicios Generales de 2024,https://aaws.widen.net/content/mwhs9e62b8/pdf/2024_final_conference_report_anonymity_sp_online.pdf,2024_final_conference_report_anonymity_sp_online.pdf,,,,"Anonymity, Internet & Online Groups",For Members,Spanish,Anonymity; Conference; Report; Form / Application,2024,8417523,8.0 MB,2025-10-20,https://www.aa.org/es/informe-final-de-la-conferencia-de-servicios-generales-de-2024,Informe final de la Conferencia de Servicios Generales de 2024,1,aaws.widen.net,ok
41,Le sens de l’anonymat,https://aaws.widen.net/content/h0nh5wqp3a/pdf/fp-47_anonymity_our_spiritual_foundation_online.pdf,fp-47_anonymity_our_spiritual_foundation_online.pdf,FP-47,P-47,Pamphlets & Booklets,"Anonymity, Internet & Online Groups",For Members,French,Anonymity; Spirituality,,137837,134.6 KB,2026-08-28,https://www.aa.org/fr/le-sens-de-lanonymat,Le sens de l’anonymat,1,aaws.widen.net,ok
42,Ligne de conduite des AA sur L'Internet,https://aaws.widen.net/content/g4stel1qrs/pdf/fmg-18_internet_online.pdf,fmg-18_internet_online.pdf,FMG-18,MG-18,A.A. Guidelines,"Anonymity, Internet & Online Groups",For Members,French,,,51192,50.0 KB,2026-03-10,https://www.aa.org/fr/ligne-de-conduite-des-aa-sur-linternet,Ligne de conduite des AA sur L'Internet,1,aaws.widen.net,ok
43,L’anonymat à l’ère du numérique,https://aaws.widen.net/content/jnebdhq0ao/pdf/fm-77_anonymity_fragile_11x17_online.pdf,fm-77_anonymity_fragile_11x17_online.pdf,,,,"Anonymity, Internet & Online Groups",For Members,French,Anonymity,,1530984,1.5 MB,2026-03-10,https://www.aa.org/fr/lanonymat-lere-du-numerique,L’anonymat à l’ère du numérique,1,aaws.widen.net,ok
44,Preguntas que se hacen frequentemente acerca de los websites de A.A.,https://aaws.widen.net/content/hlifr1dzvp/pdf/smfs-101_frequently_ask_questions_about_aa_websites.pdf,smfs-101_frequently_ask_questions_about_aa_websites.pdf,SMFS-101,SMF-101,Service Material,"Anonymity, Internet & Online Groups",For Members,Spanish,,,65074,63.5 KB,2024-10-15,https://www.aa.org/es/preguntas-que-se-hacen-frequentemente-acerca-de-los-websites-de-aa,Preguntas que se hacen frequentemente acerca de los websites de A.A.,1,aaws.widen.net,ok
45,Questions fréquentes sur les sites web des AA,https://aaws.widen.net/content/5tjrr5b8n4/pdf/smff-101_frequently_ask_questions_about_aa_websites.pdf,smff-101_frequently_ask_questions_about_aa_websites.pdf,SMFF-101,SMF-101,Service Material,"Anonymity, Internet & Online Groups",For Members,French,,,50160,49.0 KB,2024-10-15,https://www.aa.org/fr/questions-frequentes-sur-les-sites-web-des-aa,Questions fréquentes sur les sites web des AA,1,aaws.widen.net,ok
46,Rapport final de la Conférence des Services généraux 2023,https://aaws.widen.net/content/9lkqjc18qi/pdf/2023_final_conference_report_anonymity_fr_online.pdf,2023_final_conference_report_anonymity_fr_online.pdf,,,,"Anonymity, Internet & Online Groups",For Members,French,Anonymity; Conference; Report,2023,8117939,7.7 MB,2025-10-20,https://www.aa.org/fr/rapport-final-de-la-conference-des-services-generaux-2023,Rapport final de la Conférence des Services généraux 2023,1,aaws.widen.net,ok
47,Rapport final de la Conférence des Services généraux 2024,https://aaws.widen.net/content/jqsyb8vgzs/pdf/2024_final_conference_report_anonymity_fr_online.pdf,2024_final_conference_report_anonymity_fr_online.pdf,,,,"Anonymity, Internet & Online Groups",For Members,French,Anonymity; Conference; Report,2024,8817208,8.4 MB,2025-10-20,https://www.aa.org/fr/rapport-final-de-la-conference-des-services-generaux-2024,Rapport final de la Conférence des Services généraux 2024,1,aaws.widen.net,ok
48,Rapport final de la Conférence des Services généraux de 2025,https://aaws.widen.net/content/ddgkob2wyd/pdf/2025_final_conference-report_anonymity_fr_online.pdf,2025_final_conference-report_anonymity_fr_online.pdf,,,,"Anonymity, Internet & Online Groups",For Members,French,Anonymity; Conference; Report,2025,18748883,17.9 MB,2026-02-26,https://www.aa.org/fr/rapport-final-de-la-conference-des-services-generaux-de-2025,Rapport final de la Conférence des Services généraux de 2025,1,aaws.widen.net,ok
49,Tarjeta del anonimato en AA,https://aaws.widen.net/content/evvm9cdx8y/pdf/sf-20_aa_anonymity_card_online.pdf,sf-20_aa_anonymity_card_online.pdf,SF-20,F-20,"Forms, Catalogs & Order Blanks","Anonymity, Internet & Online Groups",For Members,Spanish,Anonymity,,13853,13.5 KB,2026-07-13,https://www.aa.org/es/anonimato-en-aa,Tarjeta del anonimato en AA,2,aaws.widen.net,ok
50,A Brief History of the Big Book,https://aaws.widen.net/content/syvkenbpne/pdf/f-166_brief_big_book_history_online.pdf,f-166_brief_big_book_history_online.pdf,F-166,F-166,"Forms, Catalogs & Order Blanks",Archives & A.A. History,Archives & History,English,Archives,,237129,231.6 KB,2025-04-10,https://www.aa.org/brief-history-big-book,A Brief History of the Big Book,3,aaws.widen.net,ok
51,Archives Checklist,https://aaws.widen.net/content/fmjtpernjr/pdf/f-221_archives_services_checklist_online.pdf,f-221_archives_services_checklist_online.pdf,F-221,F-221,"Forms, Catalogs & Order Blanks",Archives & A.A. History,Archives & History,English,Archives; Workbook / Kit,,8371768,8.0 MB,2024-02-18,https://www.aa.org/archives-checklist,Archives Checklist,1,aaws.widen.net,ok
52,Archives Preservation Guidelines,https://aaws.widen.net/content/1ric4hmchx/pdf/archives_preservation_guidelines_en_online.pdf,archives_preservation_guidelines_en_online.pdf,,,,Archives & A.A. History,Archives & History,English,Archives; Guidelines; Workbook / Kit,,401162,391.8 KB,2026-02-10,https://www.aa.org/archives-preservation-guidelines,Archives Preservation Guidelines,1,aaws.widen.net,ok
53,Archives Workbook,https://aaws.widen.net/content/etroc5kruz/pdf/m-44i_archives_workbook_online.pdf,m-44i_archives_workbook_online.pdf,M-44I,M-44I,Displays & Wallet Cards,Archives & A.A. History,Archives & History,English,Archives; Workbook / Kit,,1418699,1.4 MB,2026-09-10,https://www.aa.org/archives-workbook,Archives Workbook,1,aaws.widen.net,ok
54,Comment Faire Des Recherces Pour Rédiger Une Histoire de Groupe des AA,https://aaws.widen.net/content/nr0wm6clwp/pdf/smff-169_researching_aa_group_history.pdf,smff-169_researching_aa_group_history.pdf,SMFF-169,SMF-169,Service Material,Archives & A.A. History,Archives & History,French,Archives,,30332,29.6 KB,2024-10-15,https://www.aa.org/fr/comment-faire-des-recherces-pour-rediger-une-histoire-de-groupe-des-aa,Comment Faire Des Recherces Pour Rédiger Une Histoire de Groupe des AA,1,aaws.widen.net,ok
55,Cómo Investigar la Historia de los Grupos A.A.,https://aaws.widen.net/content/4hvxzvqazc/pdf/smfs-169_researching_aa_group_history.pdf,smfs-169_researching_aa_group_history.pdf,SMFS-169,SMF-169,Service Material,Archives & A.A. History,Archives & History,Spanish,Archives,,30618,29.9 KB,2024-10-15,https://www.aa.org/es/como-investigar-la-historia-de-los-grupos-aa,Cómo Investigar la Historia de los Grupos A.A.,1,aaws.widen.net,ok
56,Digitizing Archival Materials Guidelines,https://aaws.widen.net/content/w5zo8xkaku/pdf/archives_digitization_guidelines_en_online.pdf,archives_digitization_guidelines_en_online.pdf,,,,Archives & A.A. History,Archives & History,English,Archives; Guidelines; Workbook / Kit,,702974,686.5 KB,2026-02-10,https://www.aa.org/digitizing-archival-materials-guidelines,Digitizing Archival Materials Guidelines,1,aaws.widen.net,ok
57,Directrices para la preservacion de los archivos,https://aaws.widen.net/content/hfixb7cwsr/pdf/archives_preservation_guidelines_sp_online.pdf,archives_preservation_guidelines_sp_online.pdf,,,,Archives & A.A. History,Archives & History,Spanish,Archives; Guidelines; Workbook / Kit,,325134,317.5 KB,2026-02-10,https://www.aa.org/es/directrices-para-la-preservacion-de-los-archivos,Directrices para la preservacion de los archivos,1,aaws.widen.net,ok
58,Guias para la digitalizacion de los materiales de archivos,https://aaws.widen.net/content/rzs1c2zlfy/pdf/archives_digitization_guidelines_sp_online.pdf,archives_digitization_guidelines_sp_online.pdf,,,,Archives & A.A. History,Archives & History,Spanish,Archives; Guidelines; Workbook / Kit,,668797,653.1 KB,2026-02-10,https://www.aa.org/es/guias-para-la-digitalizacion-de-los-materiales-de-archivos,Guias para la digitalizacion de los materiales de archivos,1,aaws.widen.net,ok
59,Guidelines For Conducting Oral Histories,https://aaws.widen.net/content/ypbvmxhfg0/pdf/archives_guidelines_conducting_oral_histories_en_online.pdf,archives_guidelines_conducting_oral_histories_en_online.pdf,,,,Archives & A.A. History,Archives & History,English,Archives; Guidelines; Workbook / Kit,,185132,180.8 KB,2026-02-10,https://www.aa.org/guidelines-conducting-oral-histories,Guidelines For Conducting Oral Histories,1,aaws.widen.net,ok
60,Guía Para la Recopilación de Historias Orales,https://aaws.widen.net/content/pweql8ujgg/pdf/archives_guidelines_conducting_oral_histories_sp_online.pdf,archives_guidelines_conducting_oral_histories_sp_online.pdf,,,,Archives & A.A. History,Archives & History,Spanish,Archives; Guidelines; Workbook / Kit,,194125,189.6 KB,2026-02-10,https://www.aa.org/es/guia-para-la-recopilacion-de-historias-orales,Guía Para la Recopilación de Historias Orales,1,aaws.widen.net,ok
61,Guías de A.A. acerca de Archivos Históricos,https://aaws.widen.net/content/uoafx0jq2q/pdf/smg-17_archives_online.pdf,smg-17_archives_online.pdf,SMG-17,MG-17,A.A. Guidelines,Archives & A.A. History,Archives & History,Spanish,Archives,,42560,41.6 KB,2025-05-30,https://www.aa.org/es/guias-de-aa-acerca-de-archivos-historicos,Guías de A.A. acerca de Archivos Históricos,1,aaws.widen.net,ok
62,Les Archives des AA,https://aaws.widen.net/content/kcrjtf2l3r/pdf/ff-47_aa_archive_service_piece_online.pdf,ff-47_aa_archive_service_piece_online.pdf,FF-47,F-47,"Forms, Catalogs & Order Blanks",Archives & A.A. History,Archives & History,French,Archives,,92699,90.5 KB,2024-02-18,https://www.aa.org/fr/les-archives-des-aa,Les Archives des AA,1,aaws.widen.net,ok
63,Les Origines de la Priére de la Sérénité: Historique,https://aaws.widen.net/content/hocfbcbati/pdf/smff-129_origin_of_the_serenity_prayer_a_historical_paper.pdf,smff-129_origin_of_the_serenity_prayer_a_historical_paper.pdf,SMFF-129,SMF-129,Service Material,Archives & A.A. History,Archives & History,French,Spirituality,,89389,87.3 KB,2024-10-15,https://www.aa.org/fr/les-origines-de-la-priere-de-la-serenite-historique,Les Origines de la Priére de la Sérénité: Historique,1,aaws.widen.net,ok
64,Libro de trabajo de Archivos Históricos,https://aaws.widen.net/content/kuvuonfcsv/pdf/sm-44i_archives_workbook_online.pdf,sm-44i_archives_workbook_online.pdf,SM-44I,SM-44I,Service Material,Archives & A.A. History,Archives & History,Spanish,Archives; Workbook / Kit,,1185699,1.1 MB,2026-09-16,https://www.aa.org/es/libro-de-trabajo-de-archivos-historicos,Libro de trabajo de Archivos Históricos,1,aaws.widen.net,ok
65,Ligne de conduite des AA sur les Archives,https://aaws.widen.net/content/0its15ledy/pdf/fmg-17_archives_online.pdf,fmg-17_archives_online.pdf,FMG-17,MG-17,A.A. Guidelines,Archives & A.A. History,Archives & History,French,Archives,,54082,52.8 KB,2026-03-10,https://www.aa.org/fr/ligne-de-conduite-des-aa-sur-les-archives,Ligne de conduite des AA sur les Archives,1,aaws.widen.net,ok
66,Lignes de conduite pour la preservation d’archives,https://aaws.widen.net/content/wvk9j2crrb/pdf/archives_preservation_guidelines_fr_online.pdf,archives_preservation_guidelines_fr_online.pdf,,,,Archives & A.A. History,Archives & History,French,Archives; Guidelines; Workbook / Kit,,530368,517.9 KB,2026-02-10,https://www.aa.org/fr/lignes-de-conduite-pour-la-preservation-darchives,Lignes de conduite pour la preservation d’archives,1,aaws.widen.net,ok
67,Lignes de Conduite Pour la Réalisation D’histoires Orales,https://aaws.widen.net/content/woz2ppu6mp/pdf/archives_guidelines_conducting_oral_histories_fr_online.pdf,archives_guidelines_conducting_oral_histories_fr_online.pdf,,,,Archives & A.A. History,Archives & History,French,Archives; Guidelines; Workbook / Kit,,261754,255.6 KB,2026-02-10,https://www.aa.org/fr/lignes-de-conduite-pour-la-realisation-dhistoires-orales,Lignes de Conduite Pour la Réalisation D’histoires Orales,1,aaws.widen.net,ok
68,Lignes de conduite sur la numerisation des documents d’archives,https://aaws.widen.net/content/andsi10jjz/pdf/archives_digitization_guidelines_fr_online.pdf,archives_digitization_guidelines_fr_online.pdf,,,,Archives & A.A. History,Archives & History,French,Archives; Guidelines; Workbook / Kit,,1061371,1.0 MB,2026-02-10,https://www.aa.org/fr/lignes-de-conduite-sur-la-numerisation-des-documents-darchives,Lignes de conduite sur la numerisation des documents d’archives,1,aaws.widen.net,ok
69,Lista de chequeo de Archivos Históricos,https://aaws.widen.net/content/bxlajppzxk/pdf/sf-221_archives_services_checklist_online.pdf,sf-221_archives_services_checklist_online.pdf,SF-221,F-221,"Forms, Catalogs & Order Blanks",Archives & A.A. History,Archives & History,Spanish,Archives; Workbook / Kit,,8380320,8.0 MB,2024-02-18,https://www.aa.org/es/lista-de-chequeo-de-archivos-historicos,Lista de chequeo de Archivos Históricos,1,aaws.widen.net,ok
70,Liste de Contrôle des archives,https://aaws.widen.net/content/qspa7suzls/pdf/ff-221_archives_services_checklist_online.pdf,ff-221_archives_services_checklist_online.pdf,FF-221,F-221,"Forms, Catalogs & Order Blanks",Archives & A.A. History,Archives & History,French,Archives; Workbook / Kit,,8386934,8.0 MB,2024-02-18,https://www.aa.org/fr/liste-de-controle-des-archives,Liste de Contrôle des archives,1,aaws.widen.net,ok
71,Los Archivos Históricos de AA,https://aaws.widen.net/content/m9amkgva83/pdf/sf-47_aa_archive_service_piece_online.pdf,sf-47_aa_archive_service_piece_online.pdf,SF-47,F-47,"Forms, Catalogs & Order Blanks",Archives & A.A. History,Archives & History,Spanish,Archives,,89576,87.5 KB,2024-02-18,https://www.aa.org/es/los-archivos-historicos-de-aa,Los Archivos Históricos de AA,1,aaws.widen.net,ok
72,Manuel des Archives,https://aaws.widen.net/content/lpzuzunskm/pdf/fm-44i_archives_workbook_online.pdf,fm-44i_archives_workbook_online.pdf,,,,Archives & A.A. History,Archives & History,French,Archives; Workbook / Kit,,292287,285.4 KB,2026-03-10,https://www.aa.org/fr/manuel-des-archives,Manuel des Archives,1,aaws.widen.net,ok
73,Origin of the Serenity Prayer: A Historical Paper,https://aaws.widen.net/content/znwokxqlxr/pdf/smf-129_origin_of_the_serenity_prayer_a_historical_paper.pdf,smf-129_origin_of_the_serenity_prayer_a_historical_paper.pdf,SMF-129,SMF-129,Service Material,Archives & A.A. History,Archives & History,English,Spirituality,,94070,91.9 KB,2024-10-15,https://www.aa.org/origin-serenity-prayer-historical-paper,Origin of the Serenity Prayer: A Historical Paper,1,aaws.widen.net,ok
74,Orígen de la Oración de la Serenidad: Un Estudio Histórico,https://aaws.widen.net/content/amo50xhbwz/pdf/smfs-129_origin_of_the_serenity_prayer_a_historical_paper.pdf,smfs-129_origin_of_the_serenity_prayer_a_historical_paper.pdf,SMFS-129,SMF-129,Service Material,Archives & A.A. History,Archives & History,Spanish,Spirituality,,80745,78.9 KB,2024-10-15,https://www.aa.org/es/origen-de-la-oracion-de-la-serenidad-un-estudio-historico,Orígen de la Oración de la Serenidad: Un Estudio Histórico,1,aaws.widen.net,ok
75,Researching A.A. Group History,https://aaws.widen.net/content/fydcvh43nf/pdf/smf-169_researching_aa_group_history.pdf,smf-169_researching_aa_group_history.pdf,SMF-169,SMF-169,Service Material,Archives & A.A. History,Archives & History,English,Archives,,27523,26.9 KB,2024-10-15,https://www.aa.org/researching-aa-group-history,Researching A.A. Group History,1,aaws.widen.net,ok
76,The A.A. Archives,https://aaws.widen.net/content/qmljyerau6/pdf/f-47_aa_archive_service_piece_online.pdf,f-47_aa_archive_service_piece_online.pdf,F-47,F-47,"Forms, Catalogs & Order Blanks",Archives & A.A. History,Archives & History,English,Archives,,66631,65.1 KB,2025-04-01,https://www.aa.org/aa-archives,The A.A. Archives,1,aaws.widen.net,ok
77,Application form for sound and video use,https://www.aa.org/sites/default/files/literature/en_application_soundorfilm.pdf,en_application_soundorfilm.pdf,,,,Audio & Video Resources,Resources,English,Audio / Video; Form / Application,,38169,37.3 KB,2021-11-19,https://www.aa.org/pages/es_ES/sound-and-video-policy-and-application-form,Audio and Video Policy and Application Form,2,www.aa.org,ok
78,Episodios de la temporada 2,https://www.aa.org/sites/default/files/literature/F-238_s2.pdf,F-238_s2.pdf,F-238,F-238,"Forms, Catalogs & Order Blanks",Audio & Video Resources,Resources,English,Audio / Video,,2814181,2.7 MB,2026-03-03,https://www.aa.org/gso-podcast,Our Primary Purpose: GSO Podcast,3,www.aa.org,ok
79,01. Bill's Story - (pp. 1-16),https://www.aa.org/sites/default/files/2021-11/en_bigbook_chapt1.pdf,en_bigbook_chapt1.pdf,,,,"Big Book, Steps & Traditions",Literature,English,,,68866,67.3 KB,2021-11-01,https://www.aa.org/the-big-book,The Big Book,1,www.aa.org,ok
80,01. Comment quarante-deux alcooliques se sont rétablis de leur maladie,https://www.aa.org/sites/default/files/2021-11/fr_bigbook_personalstories.pdf,fr_bigbook_personalstories.pdf,,,,"Big Book, Steps & Traditions",Literature,French,,,39460,38.5 KB,2021-11-03,https://www.aa.org/fr/the-big-book,Le Gros Livre des AA,1,www.aa.org,ok
81,01. Copyright (Page FB-2),https://www.aa.org/sites/default/files/2022-02/fr_tt_copyright.pdf,fr_tt_copyright.pdf,,,,"Big Book, Steps & Traditions",Literature,French,Twelve Steps; Twelve Traditions,,40799,39.8 KB,2022-02-07,https://www.aa.org/fr/twelve-steps-twelve-traditions,Les Douze Étapes et les Douze Traditions,2,www.aa.org,ok
82,01. Copyright Information - (p. B-2),https://www.aa.org/sites/default/files/2022-01/en_tt_copyright.pdf,en_tt_copyright.pdf,,,,"Big Book, Steps & Traditions",Literature,English,Twelve Steps; Twelve Traditions; Form / Application,,36839,36.0 KB,2022-01-29,https://www.aa.org/twelve-steps-twelve-traditions,Twelve Steps and Twelve Traditions Book,1,www.aa.org,ok
83,01. Cómo cuarenta y cuatro alcohólicos se recuperaron de su enfermedad,https://www.aa.org/sites/default/files/2021-11/sp_bigbook_personalstories.pdf,sp_bigbook_personalstories.pdf,,,,"Big Book, Steps & Traditions",Literature,Spanish,,,39595,38.7 KB,2021-11-03,https://www.aa.org/es/the-big-book,El Libro Grande de AA,1,www.aa.org,ok
84,01. How Forty-Two Alcoholics Recovered From Their Malady - (pp. 165-166),https://www.aa.org/sites/default/files/2021-11/en_bigbook_personalstories.pdf,en_bigbook_personalstories.pdf,,,,"Big Book, Steps & Traditions",Literature,English,,,37261,36.4 KB,2021-11-02,https://www.aa.org/the-big-book,The Big Book,1,www.aa.org,ok
85,01. Información de Copyright (Página SB-15),https://www.aa.org/sites/default/files/2022-02/sp_tt_copyright.pdf,sp_tt_copyright.pdf,,,,"Big Book, Steps & Traditions",Literature,Spanish,Twelve Steps; Twelve Traditions; Form / Application,,42387,41.4 KB,2022-02-07,https://www.aa.org/es/twelve-steps-twelve-traditions,Doce Pasos y Doce Tradiciones,2,www.aa.org,ok
86,01. La Historia de Bill - (Páginas 1-16),https://www.aa.org/sites/default/files/2021-11/sp_bigbookchapter1.pdf,sp_bigbookchapter1.pdf,,,,"Big Book, Steps & Traditions",Literature,Spanish,,,87974,85.9 KB,2021-11-02,https://www.aa.org/es/the-big-book,El Libro Grande de AA,1,www.aa.org,ok
87,01. L’histoire de bill - (Pages 1 à 19),https://www.aa.org/sites/default/files/2021-11/fr_bigbook_chapt1.pdf,fr_bigbook_chapt1.pdf,,,,"Big Book, Steps & Traditions",Literature,French,,,418682,408.9 KB,2021-11-02,https://www.aa.org/fr/the-big-book,Le Gros Livre des AA,1,www.aa.org,ok
88,01. Page d’accueil,https://www.aa.org/sites/default/files/2021-11/fr_bigbook_titlepage.pdf,fr_bigbook_titlepage.pdf,,,,"Big Book, Steps & Traditions",Literature,French,,,32342,31.6 KB,2021-11-03,https://www.aa.org/fr/the-big-book,Le Gros Livre des AA,1,www.aa.org,ok
89,01. Première Tradition (Pages 149 à 152 ),https://www.aa.org/sites/default/files/2022-02/fr_tradition1.pdf,fr_tradition1.pdf,,,,"Big Book, Steps & Traditions",Literature,French,Twelve Steps; Twelve Traditions,,55694,54.4 KB,2022-02-07,https://www.aa.org/fr/twelve-steps-twelve-traditions,Les Douze Étapes et les Douze Traditions,2,www.aa.org,ok
90,01. Première Étape - (Pages 23 à 27),https://www.aa.org/sites/default/files/2022-02/fr_step1.pdf,fr_step1.pdf,,,,"Big Book, Steps & Traditions",Literature,French,Twelve Steps; Twelve Traditions,,52563,51.3 KB,2022-02-07,https://www.aa.org/fr/twelve-steps-twelve-traditions,Les Douze Étapes et les Douze Traditions,2,www.aa.org,ok
91,01. Primer Paso - (paginas 20-23),https://www.aa.org/sites/default/files/2022-02/sp_step1.pdf,sp_step1.pdf,,,,"Big Book, Steps & Traditions",Literature,Spanish,Twelve Steps; Twelve Traditions,,55728,54.4 KB,2022-02-07,https://www.aa.org/es/twelve-steps-twelve-traditions,Doce Pasos y Doce Tradiciones,2,www.aa.org,ok
92,01. Primera Tradición (Páginas 126-128),https://www.aa.org/sites/default/files/2022-02/sp_tradition1.pdf,sp_tradition1.pdf,,,,"Big Book, Steps & Traditions",Literature,Spanish,Twelve Steps; Twelve Traditions,,55599,54.3 KB,2022-02-07,https://www.aa.org/es/twelve-steps-twelve-traditions,Doce Pasos y Doce Tradiciones,2,www.aa.org,ok
93,01. Página de título,https://www.aa.org/sites/default/files/2021-11/sp_bigbook_titlepage_0.pdf,sp_bigbook_titlepage_0.pdf,,,,"Big Book, Steps & Traditions",Literature,Spanish,,,38592,37.7 KB,2021-11-03,https://www.aa.org/es/the-big-book,El Libro Grande de AA,1,www.aa.org,ok
94,01. Step One - (pp. 21 - 24),https://www.aa.org/sites/default/files/2022-01/en_step1.pdf,en_step1.pdf,,,,"Big Book, Steps & Traditions",Literature,English,Twelve Steps; Twelve Traditions,,49596,48.4 KB,2022-01-29,https://www.aa.org/twelve-steps-twelve-traditions,Twelve Steps and Twelve Traditions Book,1,www.aa.org,ok
95,01. Title Page - (pp. iii),https://www.aa.org/sites/default/files/2021-11/en_bigbook_titlepage.pdf,en_bigbook_titlepage.pdf,,,,"Big Book, Steps & Traditions",Literature,English,,,38792,37.9 KB,2021-11-02,https://www.aa.org/the-big-book,The Big Book,1,www.aa.org,ok
96,01. Tradition One - (pp. 129 - 131),https://www.aa.org/sites/default/files/2022-01/en_tradition1.pdf,en_tradition1.pdf,,,,"Big Book, Steps & Traditions",Literature,English,Twelve Steps; Twelve Traditions,,50394,49.2 KB,2022-01-29,https://www.aa.org/twelve-steps-twelve-traditions,Twelve Steps and Twelve Traditions Book,1,www.aa.org,ok
97,02. Contenido (Páginas 5-12),https://www.aa.org/sites/default/files/2022-02/sp_tt_contents.pdf,sp_tt_contents.pdf,,,,"Big Book, Steps & Traditions",Literature,Spanish,Twelve Steps; Twelve Traditions,,71380,69.7 KB,2022-02-07,https://www.aa.org/es/twelve-steps-twelve-traditions,Doce Pasos y Doce Tradiciones,2,www.aa.org,ok
98,02. Contents - (pp. 5-13),https://www.aa.org/sites/default/files/2022-01/en_tt_contents.pdf,en_tt_contents.pdf,,,,"Big Book, Steps & Traditions",Literature,English,Twelve Steps; Twelve Traditions,,65066,63.5 KB,2022-01-29,https://www.aa.org/twelve-steps-twelve-traditions,Twelve Steps and Twelve Traditions Book,1,www.aa.org,ok
99,02. Copyright Information - (pp. ii),https://www.aa.org/sites/default/files/2021-11/en_bigbook_copyright.pdf,en_bigbook_copyright.pdf,,,,"Big Book, Steps & Traditions",Literature,English,Form / Application,,39098,38.2 KB,2021-11-01,https://www.aa.org/the-big-book,The Big Book,1,www.aa.org,ok
100,02. Deuxième Tradition (Pages 153 à 160),https://www.aa.org/sites/default/files/2022-02/fr_tradition2.pdf,fr_tradition2.pdf,,,,"Big Book, Steps & Traditions",Literature,French,Twelve Steps; Twelve Traditions,,73393,71.7 KB,2022-02-07,https://www.aa.org/fr/twelve-steps-twelve-traditions,Les Douze Étapes et les Douze Traditions,2,www.aa.org,ok
101,02. Deuxième Étape (Pages 28 à 37),https://www.aa.org/sites/default/files/2022-02/fr_step2.pdf,fr_step2.pdf,,,,"Big Book, Steps & Traditions",Literature,French,Twelve Steps; Twelve Traditions,,75615,73.8 KB,2022-02-07,https://www.aa.org/fr/twelve-steps-twelve-traditions,Les Douze Étapes et les Douze Traditions,2,www.aa.org,ok
102,02. Hay una Solución - (Páginas 17-29),https://www.aa.org/sites/default/files/2021-11/sp_bigbookchapter2.pdf,sp_bigbookchapter2.pdf,,,,"Big Book, Steps & Traditions",Literature,Spanish,,,70669,69.0 KB,2021-11-02,https://www.aa.org/es/the-big-book,El Libro Grande de AA,1,www.aa.org,ok
103,02. Il y a une solution - (Pages 20 à 33),https://www.aa.org/sites/default/files/2021-11/fr_bigbook_chapt2.pdf,fr_bigbook_chapt2.pdf,,,,"Big Book, Steps & Traditions",Literature,French,,,405417,395.9 KB,2021-11-02,https://www.aa.org/fr/the-big-book,Le Gros Livre des AA,1,www.aa.org,ok
104,02. Información de Copyright,https://www.aa.org/sites/default/files/2021-11/sp_bigbook_copyright.pdf,sp_bigbook_copyright.pdf,,,,"Big Book, Steps & Traditions",Literature,Spanish,Form / Application,,40694,39.7 KB,2021-11-03,https://www.aa.org/es/the-big-book,El Libro Grande de AA,1,www.aa.org,ok
105,02. Information protégée par Copyright - (Page FB-1),https://www.aa.org/sites/default/files/2021-11/fr_bigbook_copyright.pdf,fr_bigbook_copyright.pdf,,,,"Big Book, Steps & Traditions",Literature,French,Form / Application,,26329,25.7 KB,2021-11-03,https://www.aa.org/fr/the-big-book,Le Gros Livre des AA,1,www.aa.org,ok
106,02. PART I - Pioneers of A.A. - (pp. 169-276),https://www.aa.org/sites/default/files/2021-11/en_bigbook_personalstories_partI.pdf,en_bigbook_personalstories_partI.pdf,,,,"Big Book, Steps & Traditions",Literature,English,,,324783,317.2 KB,2021-11-02,https://www.aa.org/the-big-book,The Big Book,1,www.aa.org,ok
107,02. PREMIÈRE PARTIE - (Pages 192 à 306),https://www.aa.org/sites/default/files/2021-11/fr_bigbook_personalstories_partI.pdf,fr_bigbook_personalstories_partI.pdf,,,,"Big Book, Steps & Traditions",Literature,French,,,265193,259.0 KB,2021-11-03,https://www.aa.org/fr/the-big-book,Le Gros Livre des AA,1,www.aa.org,ok
108,02. PRIMERA PARTE - (Páginas 170-278),https://www.aa.org/sites/default/files/2021-11/sp_bigbook_personalstories_partI.pdf,sp_bigbook_personalstories_partI.pdf,,,,"Big Book, Steps & Traditions",Literature,Spanish,,,321093,313.6 KB,2021-11-03,https://www.aa.org/es/the-big-book,El Libro Grande de AA,1,www.aa.org,ok
109,02. Segunda Tradición (Páginas 129-135),https://www.aa.org/sites/default/files/2022-02/sp_tradition2.pdf,sp_tradition2.pdf,,,,"Big Book, Steps & Traditions",Literature,Spanish,Twelve Steps; Twelve Traditions,,71623,69.9 KB,2022-02-07,https://www.aa.org/es/twelve-steps-twelve-traditions,Doce Pasos y Doce Tradiciones,2,www.aa.org,ok
110,02. Segundo Paso (Páginas 24-32),https://www.aa.org/sites/default/files/2022-02/sp_step2.pdf,sp_step2.pdf,,,,"Big Book, Steps & Traditions",Literature,Spanish,Twelve Steps; Twelve Traditions,,77275,75.5 KB,2022-02-07,https://www.aa.org/es/twelve-steps-twelve-traditions,Doce Pasos y Doce Tradiciones,2,www.aa.org,ok
111,02. Step Two - (pp. 25 - 33),https://www.aa.org/sites/default/files/2022-01/en_step2.pdf,en_step2.pdf,,,,"Big Book, Steps & Traditions",Literature,English,Twelve Steps; Twelve Traditions,,63850,62.4 KB,2022-01-29,https://www.aa.org/twelve-steps-twelve-traditions,Twelve Steps and Twelve Traditions Book,1,www.aa.org,ok
112,02. Table des matières (Pages 5 à 13),https://www.aa.org/sites/default/files/2022-02/fr_tt_contents.pdf,fr_tt_contents.pdf,,,,"Big Book, Steps & Traditions",Literature,French,Twelve Steps; Twelve Traditions,,71260,69.6 KB,2022-02-07,https://www.aa.org/fr/twelve-steps-twelve-traditions,Les Douze Étapes et les Douze Traditions,2,www.aa.org,ok
113,02. There is a Solution - (pp. 17-29),https://www.aa.org/sites/default/files/2021-11/en_bigbook_chapt2.pdf,en_bigbook_chapt2.pdf,,,,"Big Book, Steps & Traditions",Literature,English,,,77193,75.4 KB,2021-11-01,https://www.aa.org/the-big-book,The Big Book,1,www.aa.org,ok
114,02. Tradition Two - (pp. 132 - 138),https://www.aa.org/sites/default/files/2022-01/en_tradition2.pdf,en_tradition2.pdf,,,,"Big Book, Steps & Traditions",Literature,English,Twelve Steps; Twelve Traditions,,65242,63.7 KB,2022-01-29,https://www.aa.org/twelve-steps-twelve-traditions,Twelve Steps and Twelve Traditions Book,1,www.aa.org,ok
115,03. Autres données sur l’alcoolisme - (Pages 34 à 49),https://www.aa.org/sites/default/files/2021-11/fr_bigbook_chapt3.pdf,fr_bigbook_chapt3.pdf,,,,"Big Book, Steps & Traditions",Literature,French,,,409775,400.2 KB,2021-11-02,https://www.aa.org/fr/the-big-book,Le Gros Livre des AA,1,www.aa.org,ok
116,03. Contenido - (Páginas v-x),https://www.aa.org/sites/default/files/2021-11/sp_bigbook_contents.pdf,sp_bigbook_contents.pdf,,,,"Big Book, Steps & Traditions",Literature,Spanish,,,58167,56.8 KB,2021-11-03,https://www.aa.org/es/the-big-book,El Libro Grande de AA,1,www.aa.org,ok
117,03. Contents (pp. v-x),https://www.aa.org/sites/default/files/2021-11/en_bigbook_contents.pdf,en_bigbook_contents.pdf,,,,"Big Book, Steps & Traditions",Literature,English,,,47926,46.8 KB,2021-11-01,https://www.aa.org/the-big-book,The Big Book,1,www.aa.org,ok
118,03. DEUXIÈME PARTIE - (Pages 308 à 480),https://www.aa.org/sites/default/files/2021-11/fr_bigbook_personalstories_partII.pdf,fr_bigbook_personalstories_partII.pdf,,,,"Big Book, Steps & Traditions",Literature,French,,,361676,353.2 KB,2021-11-03,https://www.aa.org/fr/the-big-book,Le Gros Livre des AA,1,www.aa.org,ok
119,03. Introducción (Página 13),https://www.aa.org/sites/default/files/2022-02/sp_tt_intro.pdf,sp_tt_intro.pdf,,,,"Big Book, Steps & Traditions",Literature,Spanish,Twelve Steps; Twelve Traditions,,42157,41.2 KB,2022-02-07,https://www.aa.org/es/twelve-steps-twelve-traditions,Doce Pasos y Doce Tradiciones,2,www.aa.org,ok
120,03. Introduction (Page 14),https://www.aa.org/sites/default/files/2022-02/fr_tt_intro.pdf,fr_tt_intro.pdf,,,,"Big Book, Steps & Traditions",Literature,French,Twelve Steps; Twelve Traditions,,41460,40.5 KB,2022-02-07,https://www.aa.org/fr/twelve-steps-twelve-traditions,Les Douze Étapes et les Douze Traditions,2,www.aa.org,ok
121,03. Introduction - (p. 14),https://www.aa.org/sites/default/files/2022-01/en_tt_intro.pdf,en_tt_intro.pdf,,,,"Big Book, Steps & Traditions",Literature,English,Twelve Steps; Twelve Traditions,,37044,36.2 KB,2022-01-29,https://www.aa.org/twelve-steps-twelve-traditions,Twelve Steps and Twelve Traditions Book,1,www.aa.org,ok
122,03. More About Alcoholism - (pp. 30-43),https://www.aa.org/sites/default/files/2021-11/en_bigbook_chapt3.pdf,en_bigbook_chapt3.pdf,,,,"Big Book, Steps & Traditions",Literature,English,,,65173,63.6 KB,2021-11-01,https://www.aa.org/the-big-book,The Big Book,1,www.aa.org,ok
123,03. Más Acerca del Alcoholismo - (Páginas 30-43),https://www.aa.org/sites/default/files/2021-11/sp_bigbookchapter3.pdf,sp_bigbookchapter3.pdf,,,,"Big Book, Steps & Traditions",Literature,Spanish,,,73828,72.1 KB,2021-11-02,https://www.aa.org/es/the-big-book,El Libro Grande de AA,1,www.aa.org,ok
124,03. PART II - They Stopped in Time - (pp. 277-431),https://www.aa.org/sites/default/files/2021-11/en_bigbook_personalstories_partII.pdf,en_bigbook_personalstories_partII.pdf,,,,"Big Book, Steps & Traditions",Literature,English,,,445992,435.5 KB,2021-11-02,https://www.aa.org/the-big-book,The Big Book,1,www.aa.org,ok
125,03. SEGUNDA PARTE - (Páginas 281-399),https://www.aa.org/sites/default/files/2021-11/sp_bigbook_personalstories_partII_0.pdf,sp_bigbook_personalstories_partII_0.pdf,,,,"Big Book, Steps & Traditions",Literature,Spanish,,,344473,336.4 KB,2021-11-03,https://www.aa.org/es/the-big-book,El Libro Grande de AA,1,www.aa.org,ok
126,03. Step Three - (pp. 34 - 41),https://www.aa.org/sites/default/files/2022-01/en_step3.pdf,en_step3.pdf,,,,"Big Book, Steps & Traditions",Literature,English,Twelve Steps; Twelve Traditions,,61894,60.4 KB,2022-01-29,https://www.aa.org/twelve-steps-twelve-traditions,Twelve Steps and Twelve Traditions Book,1,www.aa.org,ok
127,03. Table des matières - (Pages v à x),https://www.aa.org/sites/default/files/2021-12/fr_bigbook_contents.pdf,fr_bigbook_contents.pdf,,,,"Big Book, Steps & Traditions",Literature,French,,,66435,64.9 KB,2021-12-14,https://www.aa.org/fr/the-big-book,Le Gros Livre des AA,1,www.aa.org,ok
128,03. Tercer Paso (Páginas 33-39),https://www.aa.org/sites/default/files/2022-02/sp_step3.pdf,sp_step3.pdf,,,,"Big Book, Steps & Traditions",Literature,Spanish,Twelve Steps; Twelve Traditions,,69255,67.6 KB,2022-02-07,https://www.aa.org/es/twelve-steps-twelve-traditions,Doce Pasos y Doce Tradiciones,2,www.aa.org,ok
129,03. Tercera Tradición (Páginas 136-142),https://www.aa.org/sites/default/files/2022-02/sp_tradition3.pdf,sp_tradition3.pdf,,,,"Big Book, Steps & Traditions",Literature,Spanish,Twelve Steps; Twelve Traditions,,72848,71.1 KB,2022-02-07,https://www.aa.org/es/twelve-steps-twelve-traditions,Doce Pasos y Doce Tradiciones,2,www.aa.org,ok
130,03. Tradition Three - (pp. 139 - 145),https://www.aa.org/sites/default/files/2022-01/en_tradition3.pdf,en_tradition3.pdf,,,,"Big Book, Steps & Traditions",Literature,English,Twelve Steps; Twelve Traditions,,65672,64.1 KB,2022-01-29,https://www.aa.org/twelve-steps-twelve-traditions,Twelve Steps and Twelve Traditions Book,1,www.aa.org,ok
131,03. Troisième Tradition (Pages 161 à 168),https://www.aa.org/sites/default/files/2022-02/fr_tradition3.pdf,fr_tradition3.pdf,,,,"Big Book, Steps & Traditions",Literature,French,Twelve Steps; Twelve Traditions,,74820,73.1 KB,2022-02-07,https://www.aa.org/fr/twelve-steps-twelve-traditions,Les Douze Étapes et les Douze Traditions,2,www.aa.org,ok
132,03. Troisième Étape (Pages 38 à 46),https://www.aa.org/sites/default/files/2022-02/fr_step3.pdf,fr_step3.pdf,,,,"Big Book, Steps & Traditions",Literature,French,Twelve Steps; Twelve Traditions,,70149,68.5 KB,2022-02-07,https://www.aa.org/fr/twelve-steps-twelve-traditions,Les Douze Étapes et les Douze Traditions,2,www.aa.org,ok
133,04. Avant-propos (Pages 15 à 19),https://www.aa.org/sites/default/files/2022-02/fr_tt_foreword.pdf,fr_tt_foreword.pdf,,,,"Big Book, Steps & Traditions",Literature,French,Twelve Steps; Twelve Traditions,,58055,56.7 KB,2022-02-07,https://www.aa.org/fr/twelve-steps-twelve-traditions,Les Douze Étapes et les Douze Traditions,2,www.aa.org,ok
134,04. Cuarta Tradición (Páginas 143-147),https://www.aa.org/sites/default/files/2022-02/sp_tradition4.pdf,sp_tradition4.pdf,,,,"Big Book, Steps & Traditions",Literature,Spanish,Twelve Steps; Twelve Traditions,,62247,60.8 KB,2022-02-07,https://www.aa.org/es/twelve-steps-twelve-traditions,Doce Pasos y Doce Tradiciones,2,www.aa.org,ok
135,04. Cuarto Paso (Páginas 40-52),https://www.aa.org/sites/default/files/2022-02/sp_step4.pdf,sp_step4.pdf,,,,"Big Book, Steps & Traditions",Literature,Spanish,Twelve Steps; Twelve Traditions,,95152,92.9 KB,2022-02-07,https://www.aa.org/es/twelve-steps-twelve-traditions,Doce Pasos y Doce Tradiciones,2,www.aa.org,ok
136,04. Foreword - (pp. 15-18),https://www.aa.org/sites/default/files/2022-01/en_tt_foreword.pdf,en_tt_foreword.pdf,,,,"Big Book, Steps & Traditions",Literature,English,Twelve Steps; Twelve Traditions,,43390,42.4 KB,2022-01-29,https://www.aa.org/twelve-steps-twelve-traditions,Twelve Steps and Twelve Traditions Book,1,www.aa.org,ok
137,04. Nosotros los Agnósticos - (Páginas 44-57),https://www.aa.org/sites/default/files/2021-11/sp_bigbookchapter4.pdf,sp_bigbookchapter4.pdf,,,,"Big Book, Steps & Traditions",Literature,Spanish,,,72922,71.2 KB,2021-11-02,https://www.aa.org/es/the-big-book,El Libro Grande de AA,1,www.aa.org,ok
138,"04. Nous, les agnostiques - (Pages 50 à 64)",https://www.aa.org/sites/default/files/2021-11/fr_bigbook_chapt4.pdf,fr_bigbook_chapt4.pdf,,,,"Big Book, Steps & Traditions",Literature,French,,,407904,398.3 KB,2021-11-02,https://www.aa.org/fr/the-big-book,Le Gros Livre des AA,1,www.aa.org,ok
139,04. PART III - They Lost Nearly All - (pp. 435-559),https://www.aa.org/sites/default/files/2021-11/en_bigbook_personalstories_partIII.pdf,en_bigbook_personalstories_partIII.pdf,,,,"Big Book, Steps & Traditions",Literature,English,,,367747,359.1 KB,2021-11-02,https://www.aa.org/the-big-book,The Big Book,1,www.aa.org,ok
140,04. Preface - (pp. xi-xii),https://www.aa.org/sites/default/files/2021-11/en_bigbook_preface.pdf,en_bigbook_preface.pdf,,,,"Big Book, Steps & Traditions",Literature,English,,,33202,32.4 KB,2021-11-02,https://www.aa.org/the-big-book,The Big Book,1,www.aa.org,ok
141,04. Préface,https://www.aa.org/sites/default/files/2021-11/fr_bigbook_preface.pdf,fr_bigbook_preface.pdf,,,,"Big Book, Steps & Traditions",Literature,French,,,40493,39.5 KB,2021-11-03,https://www.aa.org/fr/the-big-book,Le Gros Livre des AA,1,www.aa.org,ok
142,04. Prólogo (Páginas 14-17),https://www.aa.org/sites/default/files/2022-02/sp_tt_foreword.pdf,sp_tt_foreword.pdf,,,,"Big Book, Steps & Traditions",Literature,Spanish,Twelve Steps; Twelve Traditions,,48274,47.1 KB,2022-02-07,https://www.aa.org/es/twelve-steps-twelve-traditions,Doce Pasos y Doce Tradiciones,2,www.aa.org,ok
143,04. Prólogo a la tercera edición en español y Prefacio (Páginas xi-xiv),https://www.aa.org/sites/default/files/2026-04/sp_bigbook_prologue_preface.pdf,sp_bigbook_prologue_preface.pdf,,,,"Big Book, Steps & Traditions",Literature,Spanish,,,392401,383.2 KB,2026-04-10,https://www.aa.org/es/the-big-book,El Libro Grande de AA,1,www.aa.org,ok
144,04. Quatrième Tradition (Pages 169 à 173),https://www.aa.org/sites/default/files/2022-02/fr_tradition4.pdf,fr_tradition4.pdf,,,,"Big Book, Steps & Traditions",Literature,French,Twelve Steps; Twelve Traditions,,60813,59.4 KB,2022-02-07,https://www.aa.org/fr/twelve-steps-twelve-traditions,Les Douze Étapes et les Douze Traditions,2,www.aa.org,ok
145,04. Quatrième Étape (Pages 47 à 61),https://www.aa.org/sites/default/files/2022-02/fr_step4.pdf,fr_step4.pdf,,,,"Big Book, Steps & Traditions",Literature,French,Twelve Steps; Twelve Traditions,,94894,92.7 KB,2022-02-07,https://www.aa.org/fr/twelve-steps-twelve-traditions,Les Douze Étapes et les Douze Traditions,2,www.aa.org,ok
146,04. Step Four - (pp. 42 - 54),https://www.aa.org/sites/default/files/2022-01/en_step4.pdf,en_step4.pdf,,,,"Big Book, Steps & Traditions",Literature,English,Twelve Steps; Twelve Traditions,,79097,77.2 KB,2022-01-29,https://www.aa.org/twelve-steps-twelve-traditions,Twelve Steps and Twelve Traditions Book,1,www.aa.org,ok
147,04. TERCERA PARTE - (Páginas 403-511),https://www.aa.org/sites/default/files/2021-11/sp_bigbook_personalstories_partIII.pdf,sp_bigbook_personalstories_partIII.pdf,,,,"Big Book, Steps & Traditions",Literature,Spanish,,,318020,310.6 KB,2021-11-03,https://www.aa.org/es/the-big-book,El Libro Grande de AA,1,www.aa.org,ok
148,04. Tradition Four - (pp. 146 - 150),https://www.aa.org/sites/default/files/2022-01/en_tradition4_0.pdf,en_tradition4_0.pdf,,,,"Big Book, Steps & Traditions",Literature,English,Twelve Steps; Twelve Traditions,,56607,55.3 KB,2022-01-29,https://www.aa.org/twelve-steps-twelve-traditions,Twelve Steps and Twelve Traditions Book,1,www.aa.org,ok
149,04. TROISIÈME PARTIE - (Pages 481 à 624),https://www.aa.org/sites/default/files/2021-11/fr_bigbook_personalstories_partIII.pdf,fr_bigbook_personalstories_partIII.pdf,,,,"Big Book, Steps & Traditions",Literature,French,,,305498,298.3 KB,2021-11-03,https://www.aa.org/fr/the-big-book,Le Gros Livre des AA,1,www.aa.org,ok
150,04. We Agnostics - (pp. 44-57),https://www.aa.org/sites/default/files/2021-11/en_bigbook_chapt4.pdf,en_bigbook_chapt4.pdf,,,,"Big Book, Steps & Traditions",Literature,English,,,75449,73.7 KB,2021-11-01,https://www.aa.org/the-big-book,The Big Book,1,www.aa.org,ok
151,05. Avant-propos de la première édition de Alcoholics Anonymous - (Pages xiii à xiv),https://www.aa.org/sites/default/files/2021-11/fr_bigbook_forewordfirstedition.pdf,fr_bigbook_forewordfirstedition.pdf,,,,"Big Book, Steps & Traditions",Literature,French,,,44963,43.9 KB,2021-11-03,https://www.aa.org/fr/the-big-book,Le Gros Livre des AA,1,www.aa.org,ok
152,05. Cinquième Tradition (Pages 174 à 178),https://www.aa.org/sites/default/files/2022-02/fr_tradition5.pdf,fr_tradition5.pdf,,,,"Big Book, Steps & Traditions",Literature,French,Twelve Steps; Twelve Traditions,,62109,60.7 KB,2022-02-07,https://www.aa.org/fr/twelve-steps-twelve-traditions,Les Douze Étapes et les Douze Traditions,2,www.aa.org,ok
153,05. Cinquième Étape (Pages 62 à 71),https://www.aa.org/sites/default/files/2022-02/fr_step5.pdf,fr_step5.pdf,,,,"Big Book, Steps & Traditions",Literature,French,Twelve Steps; Twelve Traditions,,73313,71.6 KB,2022-02-07,https://www.aa.org/fr/twelve-steps-twelve-traditions,Les Douze Étapes et les Douze Traditions,2,www.aa.org,ok
154,05. Cómo Funciona (Páginas 58-71),https://www.aa.org/sites/default/files/2021-11/sp_bigbookchapter5.pdf,sp_bigbookchapter5.pdf,,,,"Big Book, Steps & Traditions",Literature,Spanish,,,72945,71.2 KB,2021-11-02,https://www.aa.org/es/the-big-book,El Libro Grande de AA,1,www.aa.org,ok
155,05. Foreword to First Edition - (pp. xiii-xiv),https://www.aa.org/sites/default/files/2021-11/en_bigbook_forewordfirstedition.pdf,en_bigbook_forewordfirstedition.pdf,,,,"Big Book, Steps & Traditions",Literature,English,,,39760,38.8 KB,2021-11-02,https://www.aa.org/the-big-book,The Big Book,1,www.aa.org,ok
156,05. How It Works - (pp. 58-71),https://www.aa.org/sites/default/files/2021-11/en_bigbook_chapt5.pdf,en_bigbook_chapt5.pdf,,,,"Big Book, Steps & Traditions",Literature,English,,,70731,69.1 KB,2021-11-01,https://www.aa.org/the-big-book,The Big Book,1,www.aa.org,ok
157,05. Notre méthode - (Pages 65 à 80),https://www.aa.org/sites/default/files/2021-11/fr_bigbook_chapt5.pdf,fr_bigbook_chapt5.pdf,,,,"Big Book, Steps & Traditions",Literature,French,,,410158,400.5 KB,2021-11-02,https://www.aa.org/fr/the-big-book,Le Gros Livre des AA,1,www.aa.org,ok
158,05. Prólogo a la Primera Edición en Inglés (Páginas xv-xvi),https://www.aa.org/sites/default/files/2021-12/sp_bigbook_forewordenglishfirstedition.pdf,sp_bigbook_forewordenglishfirstedition.pdf,,,,"Big Book, Steps & Traditions",Literature,Spanish,,,47187,46.1 KB,2021-12-04,https://www.aa.org/es/the-big-book,El Libro Grande de AA,1,www.aa.org,ok
159,05. Quinta Tradición (Páginas 148-152),https://www.aa.org/sites/default/files/2022-02/sp_tradition5.pdf,sp_tradition5.pdf,,,,"Big Book, Steps & Traditions",Literature,Spanish,Twelve Steps; Twelve Traditions,,70670,69.0 KB,2022-02-07,https://www.aa.org/es/twelve-steps-twelve-traditions,Doce Pasos y Doce Tradiciones,2,www.aa.org,ok
160,05. Quinto Paso (Páginas 53-60),https://www.aa.org/sites/default/files/2022-02/sp_step5.pdf,sp_step5.pdf,,,,"Big Book, Steps & Traditions",Literature,Spanish,Twelve Steps; Twelve Traditions,,72992,71.3 KB,2022-02-07,https://www.aa.org/es/twelve-steps-twelve-traditions,Doce Pasos y Doce Tradiciones,2,www.aa.org,ok
161,05. Step Five - (pp. 55 - 62),https://www.aa.org/sites/default/files/2022-01/en_step5.pdf,en_step5.pdf,,,,"Big Book, Steps & Traditions",Literature,English,Twelve Steps; Twelve Traditions,,60114,58.7 KB,2022-01-29,https://www.aa.org/twelve-steps-twelve-traditions,Twelve Steps and Twelve Traditions Book,1,www.aa.org,ok
162,05. Tradition Five - (pp. 151 - 155),https://www.aa.org/sites/default/files/2022-01/en_tradition5_0.pdf,en_tradition5_0.pdf,,,,"Big Book, Steps & Traditions",Literature,English,Twelve Steps; Twelve Traditions,,56956,55.6 KB,2022-01-29,https://www.aa.org/twelve-steps-twelve-traditions,Twelve Steps and Twelve Traditions Book,1,www.aa.org,ok
163,06. Avant-propos de la deuxième édition de Alcoholics anonymous - (Pages xv à xxi),https://www.aa.org/sites/default/files/2021-11/fr_bigbook_forewordsecondedition.pdf,fr_bigbook_forewordsecondedition.pdf,,,,"Big Book, Steps & Traditions",Literature,French,,,59985,58.6 KB,2021-11-03,https://www.aa.org/fr/the-big-book,Le Gros Livre des AA,1,www.aa.org,ok
164,06. En Acción - (Páginas 72-88),https://www.aa.org/sites/default/files/2021-11/sp_bigbookchapter6.pdf,sp_bigbookchapter6.pdf,,,,"Big Book, Steps & Traditions",Literature,Spanish,,,80989,79.1 KB,2021-11-03,https://www.aa.org/es/the-big-book,El Libro Grande de AA,1,www.aa.org,ok
165,06. Foreword to Second Edition - (pp. xv-xxi),https://www.aa.org/sites/default/files/2021-11/en_bigbook_forewordsecondedition.pdf,en_bigbook_forewordsecondedition.pdf,,,,"Big Book, Steps & Traditions",Literature,English,,,56163,54.8 KB,2021-11-02,https://www.aa.org/the-big-book,The Big Book,1,www.aa.org,ok
166,06. Into Action - (pp. 72-88),https://www.aa.org/sites/default/files/2021-11/en_bigbook_chapt6.pdf,en_bigbook_chapt6.pdf,,,,"Big Book, Steps & Traditions",Literature,English,,,77631,75.8 KB,2021-11-01,https://www.aa.org/the-big-book,The Big Book,1,www.aa.org,ok
167,06. Prólogo a la Segunda Edición en Inglés - (Páginas xvii-xxiii),https://www.aa.org/sites/default/files/2021-12/sp_bigbook_forewordenglishsecondedition.pdf,sp_bigbook_forewordenglishsecondedition.pdf,,,,"Big Book, Steps & Traditions",Literature,Spanish,,,61275,59.8 KB,2021-12-04,https://www.aa.org/es/the-big-book,El Libro Grande de AA,1,www.aa.org,ok
168,06. Sexta Tradición (Páginas 153-157),https://www.aa.org/sites/default/files/2022-02/sp_tradition6.pdf,sp_tradition6.pdf,,,,"Big Book, Steps & Traditions",Literature,Spanish,Twelve Steps; Twelve Traditions,,64005,62.5 KB,2022-02-07,https://www.aa.org/es/twelve-steps-twelve-traditions,Doce Pasos y Doce Tradiciones,2,www.aa.org,ok
169,06. Sexto Paso (Páginas 61-67),https://www.aa.org/sites/default/files/2022-02/sp_step6.pdf,sp_step6.pdf,,,,"Big Book, Steps & Traditions",Literature,Spanish,Twelve Steps; Twelve Traditions,,69017,67.4 KB,2022-02-07,https://www.aa.org/es/twelve-steps-twelve-traditions,Doce Pasos y Doce Tradiciones,2,www.aa.org,ok
170,06. Sixième Tradition (Pages 179 à 185),https://www.aa.org/sites/default/files/2022-02/fr_tradition6_0.pdf,fr_tradition6_0.pdf,,,,"Big Book, Steps & Traditions",Literature,French,Twelve Steps; Twelve Traditions,,67740,66.2 KB,2022-02-07,https://www.aa.org/fr/twelve-steps-twelve-traditions,Les Douze Étapes et les Douze Traditions,2,www.aa.org,ok
171,06. Sixième Étape (Pages 72 à 79),https://www.aa.org/sites/default/files/2022-02/fr_step6.pdf,fr_step6.pdf,,,,"Big Book, Steps & Traditions",Literature,French,Twelve Steps; Twelve Traditions,,71187,69.5 KB,2022-02-07,https://www.aa.org/fr/twelve-steps-twelve-traditions,Les Douze Étapes et les Douze Traditions,2,www.aa.org,ok
172,06. Step Six - (pp. 63 - 69),https://www.aa.org/sites/default/files/2022-01/en_step6.pdf,en_step6.pdf,,,,"Big Book, Steps & Traditions",Literature,English,Twelve Steps; Twelve Traditions,,56741,55.4 KB,2022-01-29,https://www.aa.org/twelve-steps-twelve-traditions,Twelve Steps and Twelve Traditions Book,1,www.aa.org,ok
173,06. Tradition Six - (pp. 156 - 160),https://www.aa.org/sites/default/files/2022-01/en_tradition6_0.pdf,en_tradition6_0.pdf,,,,"Big Book, Steps & Traditions",Literature,English,Twelve Steps; Twelve Traditions,,58509,57.1 KB,2022-01-29,https://www.aa.org/twelve-steps-twelve-traditions,Twelve Steps and Twelve Traditions Book,1,www.aa.org,ok
174,06. À l’œuvre - (Pages 81 à 100),https://www.aa.org/sites/default/files/2021-11/fr_bigbook_chapt6.pdf,fr_bigbook_chapt6.pdf,,,,"Big Book, Steps & Traditions",Literature,French,,,417092,407.3 KB,2021-11-03,https://www.aa.org/fr/the-big-book,Le Gros Livre des AA,1,www.aa.org,ok
175,07. Au secours des autres - (Pages 101 à 117),https://www.aa.org/sites/default/files/2021-11/fr_bigbook_chapt7.pdf,fr_bigbook_chapt7.pdf,,,,"Big Book, Steps & Traditions",Literature,French,,,413214,403.5 KB,2021-11-03,https://www.aa.org/fr/the-big-book,Le Gros Livre des AA,1,www.aa.org,ok
176,07. Avant-propos de la troisième édition de Alcoholics anonymous - (Pages xxii à xxiii),https://www.aa.org/sites/default/files/2021-11/fr_bigbook_forewordthirdedition.pdf,fr_bigbook_forewordthirdedition.pdf,,,,"Big Book, Steps & Traditions",Literature,French,,,44673,43.6 KB,2021-11-03,https://www.aa.org/fr/the-big-book,Le Gros Livre des AA,1,www.aa.org,ok
177,07. Foreword to Third Edition - (pp. xxii),https://www.aa.org/sites/default/files/2021-11/en_bigbook_forewordthirdedition.pdf,en_bigbook_forewordthirdedition.pdf,,,,"Big Book, Steps & Traditions",Literature,English,,,37977,37.1 KB,2021-11-02,https://www.aa.org/the-big-book,The Big Book,1,www.aa.org,ok
178,07. Prólogo a la Tercera Edición en inglés - (Páginas xxiv),https://www.aa.org/sites/default/files/2021-12/sp_bigbook_forewordspanishthirdedition.pdf,sp_bigbook_forewordspanishthirdedition.pdf,,,,"Big Book, Steps & Traditions",Literature,Spanish,,,59706,58.3 KB,2021-12-08,https://www.aa.org/es/the-big-book,El Libro Grande de AA,1,www.aa.org,ok
179,07. Septième Tradition (Pages 186 à 193),https://www.aa.org/sites/default/files/2022-02/fr_tradition7.pdf,fr_tradition7.pdf,,,,"Big Book, Steps & Traditions",Literature,French,Twelve Steps; Twelve Traditions,,73256,71.5 KB,2022-02-07,https://www.aa.org/fr/twelve-steps-twelve-traditions,Les Douze Étapes et les Douze Traditions,2,www.aa.org,ok
180,07. Septième Étape (Pages 80 à 88),https://www.aa.org/sites/default/files/2022-02/fr_step7.pdf,fr_step7.pdf,,,,"Big Book, Steps & Traditions",Literature,French,Twelve Steps; Twelve Traditions,,69569,67.9 KB,2022-02-07,https://www.aa.org/fr/twelve-steps-twelve-traditions,Les Douze Étapes et les Douze Traditions,2,www.aa.org,ok
181,07. Step Seven - (pp. 70 - 76),https://www.aa.org/sites/default/files/2022-01/en_step7.pdf,en_step7.pdf,,,,"Big Book, Steps & Traditions",Literature,English,Twelve Steps; Twelve Traditions,,56917,55.6 KB,2022-01-29,https://www.aa.org/twelve-steps-twelve-traditions,Twelve Steps and Twelve Traditions Book,1,www.aa.org,ok
182,07. Séptima Tradición (Páginas 158-164),https://www.aa.org/sites/default/files/2022-02/sp_tradition7.pdf,sp_tradition7.pdf,,,,"Big Book, Steps & Traditions",Literature,Spanish,Twelve Steps; Twelve Traditions,,72450,70.8 KB,2022-02-07,https://www.aa.org/es/twelve-steps-twelve-traditions,Doce Pasos y Doce Tradiciones,2,www.aa.org,ok
183,07. Séptimo Paso (Páginas 68-75),https://www.aa.org/sites/default/files/2022-02/sp_step7.pdf,sp_step7.pdf,,,,"Big Book, Steps & Traditions",Literature,Spanish,Twelve Steps; Twelve Traditions,,72023,70.3 KB,2022-02-07,https://www.aa.org/es/twelve-steps-twelve-traditions,Doce Pasos y Doce Tradiciones,2,www.aa.org,ok
184,07. Trabajando con los Demás - (Páginas 89-103),https://www.aa.org/sites/default/files/2021-11/sp_bigbookchapter7.pdf,sp_bigbookchapter7.pdf,,,,"Big Book, Steps & Traditions",Literature,Spanish,,,75581,73.8 KB,2021-11-03,https://www.aa.org/es/the-big-book,El Libro Grande de AA,1,www.aa.org,ok
185,07. Tradition Seven - (pp. 161 - 167),https://www.aa.org/sites/default/files/2022-01/en_tradition7.pdf,en_tradition7.pdf,,,,"Big Book, Steps & Traditions",Literature,English,Twelve Steps; Twelve Traditions,,64357,62.8 KB,2022-01-29,https://www.aa.org/twelve-steps-twelve-traditions,Twelve Steps and Twelve Traditions Book,1,www.aa.org,ok
186,07. Working With Others - (pp. 89-103),https://www.aa.org/sites/default/files/2021-11/en_bigbook_chapt7.pdf,en_bigbook_chapt7.pdf,,,,"Big Book, Steps & Traditions",Literature,English,,,73866,72.1 KB,2021-11-01,https://www.aa.org/the-big-book,The Big Book,1,www.aa.org,ok
187,08. A las Esposas - (Páginas 104-121),https://www.aa.org/sites/default/files/2021-11/sp_bigbookchapter8.pdf,sp_bigbookchapter8.pdf,,,,"Big Book, Steps & Traditions",Literature,Spanish,,,85236,83.2 KB,2021-11-03,https://www.aa.org/es/the-big-book,El Libro Grande de AA,1,www.aa.org,ok
188,08. Aux conjointes - (Pages 118 à 137),https://www.aa.org/sites/default/files/2021-11/fr_bigbook_chapt8.pdf,fr_bigbook_chapt8.pdf,,,,"Big Book, Steps & Traditions",Literature,French,,,424026,414.1 KB,2021-11-03,https://www.aa.org/fr/the-big-book,Le Gros Livre des AA,1,www.aa.org,ok
189,08. Avant-propos de la quatrième édition de Alcoholics anonymous - (pp. xxiv-xxv),https://www.aa.org/sites/default/files/2021-12/fr_bigbook_forewordfourthedition.pdf,fr_bigbook_forewordfourthedition.pdf,,,,"Big Book, Steps & Traditions",Literature,French,,,42253,41.3 KB,2021-12-14,https://www.aa.org/fr/the-big-book,Le Gros Livre des AA,1,www.aa.org,ok
190,08. Foreword to Fourth Edition - (pp. xxiii-xxiv),https://www.aa.org/sites/default/files/2021-11/en_bigbook_forewordfourthedition.pdf,en_bigbook_forewordfourthedition.pdf,,,,"Big Book, Steps & Traditions",Literature,English,,,41197,40.2 KB,2021-11-02,https://www.aa.org/the-big-book,The Big Book,1,www.aa.org,ok
191,08. Huitième Tradition (Pages 190 à 196),https://www.aa.org/sites/default/files/2021-11/fr_tradition8.pdf,fr_tradition8.pdf,,,,"Big Book, Steps & Traditions",Literature,French,Twelve Steps; Twelve Traditions,,513604,501.6 KB,2021-11-04,https://www.aa.org/fr/twelve-steps-twelve-traditions,Les Douze Étapes et les Douze Traditions,2,www.aa.org,ok
192,08. Huitième Étape (Pages 89 à 95),https://www.aa.org/sites/default/files/2022-02/fr_step8.pdf,fr_step8.pdf,,,,"Big Book, Steps & Traditions",Literature,French,Twelve Steps; Twelve Traditions,,61090,59.7 KB,2022-02-07,https://www.aa.org/fr/twelve-steps-twelve-traditions,Les Douze Étapes et les Douze Traditions,2,www.aa.org,ok
193,08. Octava Tradición (Páginas 165-170),https://www.aa.org/sites/default/files/2022-02/sp_tradition8.pdf,sp_tradition8.pdf,,,,"Big Book, Steps & Traditions",Literature,Spanish,Twelve Steps; Twelve Traditions,,69602,68.0 KB,2022-02-07,https://www.aa.org/es/twelve-steps-twelve-traditions,Doce Pasos y Doce Tradiciones,2,www.aa.org,ok
194,08. Octavo Paso (Páginas 76-81),https://www.aa.org/sites/default/files/2022-02/sp_step8.pdf,sp_step8.pdf,,,,"Big Book, Steps & Traditions",Literature,Spanish,Twelve Steps; Twelve Traditions,,63801,62.3 KB,2022-02-07,https://www.aa.org/es/twelve-steps-twelve-traditions,Doce Pasos y Doce Tradiciones,2,www.aa.org,ok
195,08. Prólogo a la Cuarta Edición en Inglés - (Páginas xxv-xxvi),https://www.aa.org/sites/default/files/2021-11/sp_bigbook_forewordfourthedition.pdf,sp_bigbook_forewordfourthedition.pdf,,,,"Big Book, Steps & Traditions",Literature,Spanish,,,47852,46.7 KB,2021-11-03,https://www.aa.org/es/the-big-book,El Libro Grande de AA,1,www.aa.org,ok
196,08. Step Eight - (pp. 77 - 82),https://www.aa.org/sites/default/files/2022-01/en_step8.pdf,en_step8.pdf,,,,"Big Book, Steps & Traditions",Literature,English,Twelve Steps; Twelve Traditions,,51524,50.3 KB,2022-01-29,https://www.aa.org/twelve-steps-twelve-traditions,Twelve Steps and Twelve Traditions Book,1,www.aa.org,ok
197,08. To Wives - (pp. 104-121),https://www.aa.org/sites/default/files/2021-11/en_bigbook_chapt8.pdf,en_bigbook_chapt8.pdf,,,,"Big Book, Steps & Traditions",Literature,English,,,89973,87.9 KB,2021-11-01,https://www.aa.org/the-big-book,The Big Book,1,www.aa.org,ok
198,08. Tradition Eight - (pp. 168 - 173),https://www.aa.org/sites/default/files/2022-01/en_tradition8.pdf,en_tradition8.pdf,,,,"Big Book, Steps & Traditions",Literature,English,Twelve Steps; Twelve Traditions,,54186,52.9 KB,2022-01-29,https://www.aa.org/twelve-steps-twelve-traditions,Twelve Steps and Twelve Traditions Book,1,www.aa.org,ok
199,09. La Familia Después - (Páginas 122-135),https://www.aa.org/sites/default/files/2021-11/sp_bigbookchapter9.pdf,sp_bigbookchapter9.pdf,,,,"Big Book, Steps & Traditions",Literature,Spanish,Family,,73268,71.6 KB,2021-11-03,https://www.aa.org/es/the-big-book,El Libro Grande de AA,1,www.aa.org,ok
200,09. La famille et le rétablissement - (Pages 138 à 153),https://www.aa.org/sites/default/files/2021-12/fr_bigbook_chapt9.pdf,fr_bigbook_chapt9.pdf,,,,"Big Book, Steps & Traditions",Literature,French,Family,,409963,400.4 KB,2021-12-04,https://www.aa.org/fr/the-big-book,Le Gros Livre des AA,1,www.aa.org,ok
201,09. La Opinión del Médico - (Páginas xxvii-xxxiv),https://www.aa.org/sites/default/files/2021-11/sp_bigbook_foreworddoctorsopinion.pdf,sp_bigbook_foreworddoctorsopinion.pdf,,,,"Big Book, Steps & Traditions",Literature,Spanish,Medical,,54259,53.0 KB,2021-11-03,https://www.aa.org/es/the-big-book,El Libro Grande de AA,1,www.aa.org,ok
202,09. L’opinion d’un médecin - (Pages xxvi à xxxiv),https://www.aa.org/sites/default/files/2021-11/fr_bigbook_foreworddoctorsopinion.pdf,fr_bigbook_foreworddoctorsopinion.pdf,,,,"Big Book, Steps & Traditions",Literature,French,Medical,,47393,46.3 KB,2021-11-03,https://www.aa.org/fr/the-big-book,Le Gros Livre des AA,1,www.aa.org,ok
203,09. Neuvième Tradition (Pages 197 à 201),https://www.aa.org/sites/default/files/2021-11/fr_tradition9.pdf,fr_tradition9.pdf,,,,"Big Book, Steps & Traditions",Literature,French,Twelve Steps; Twelve Traditions,,481383,470.1 KB,2021-11-04,https://www.aa.org/fr/twelve-steps-twelve-traditions,Les Douze Étapes et les Douze Traditions,2,www.aa.org,ok
204,09. Neuvième Étape (Pages 96 à 100),https://www.aa.org/sites/default/files/2022-02/fr_step9.pdf,fr_step9.pdf,,,,"Big Book, Steps & Traditions",Literature,French,Twelve Steps; Twelve Traditions,,54749,53.5 KB,2022-02-07,https://www.aa.org/fr/twelve-steps-twelve-traditions,Les Douze Étapes et les Douze Traditions,2,www.aa.org,ok
205,09. Novena Tradición (Páginas 171-175),https://www.aa.org/sites/default/files/2022-02/sp_tradition9.pdf,sp_tradition9.pdf,,,,"Big Book, Steps & Traditions",Literature,Spanish,Twelve Steps; Twelve Traditions,,62335,60.9 KB,2022-02-07,https://www.aa.org/es/twelve-steps-twelve-traditions,Doce Pasos y Doce Tradiciones,2,www.aa.org,ok
206,09. Noveno Paso (Páginas 82-86),https://www.aa.org/sites/default/files/2022-02/sp_step9.pdf,sp_step9.pdf,,,,"Big Book, Steps & Traditions",Literature,Spanish,Twelve Steps; Twelve Traditions,,59068,57.7 KB,2022-02-07,https://www.aa.org/es/twelve-steps-twelve-traditions,Doce Pasos y Doce Tradiciones,2,www.aa.org,ok
207,09. Step Nine - (pp. 83 - 87),https://www.aa.org/sites/default/files/2022-01/en_step9.pdf,en_step9.pdf,,,,"Big Book, Steps & Traditions",Literature,English,Twelve Steps; Twelve Traditions,,47002,45.9 KB,2022-01-29,https://www.aa.org/twelve-steps-twelve-traditions,Twelve Steps and Twelve Traditions Book,1,www.aa.org,ok
208,09. The Doctor's Opinion - (pp. xxv-xxxii),https://www.aa.org/sites/default/files/2021-11/en_bigbook_foreworddoctorsopinion.pdf,en_bigbook_foreworddoctorsopinion.pdf,,,,"Big Book, Steps & Traditions",Literature,English,Medical,,47639,46.5 KB,2021-11-02,https://www.aa.org/the-big-book,The Big Book,1,www.aa.org,ok
209,09. The Family Afterward - (pp. 122-135),https://www.aa.org/sites/default/files/2021-11/en_bigbook_chapt9.pdf,en_bigbook_chapt9.pdf,,,,"Big Book, Steps & Traditions",Literature,English,Family,,72211,70.5 KB,2021-11-01,https://www.aa.org/the-big-book,The Big Book,1,www.aa.org,ok
210,09. Tradition Nine - (pp. 174 - 178),https://www.aa.org/sites/default/files/2022-07/Tradition_9_EN.pdf,Tradition_9_EN.pdf,,,,"Big Book, Steps & Traditions",Literature,English,Twelve Steps; Twelve Traditions,,49935,48.8 KB,2022-07-28,https://www.aa.org/twelve-steps-twelve-traditions,Twelve Steps and Twelve Traditions Book,1,www.aa.org,ok
211,10. A los Patrones - (Páginas 136-150)),https://www.aa.org/sites/default/files/2021-12/sp_bigbookchapter10.pdf,sp_bigbookchapter10.pdf,,,,"Big Book, Steps & Traditions",Literature,Spanish,,,74505,72.8 KB,2021-12-04,https://www.aa.org/es/the-big-book,El Libro Grande de AA,1,www.aa.org,ok
212,10. Dixième Tradition (Pages 208 à 212),https://www.aa.org/sites/default/files/2021-12/fr_tradition10.pdf,fr_tradition10.pdf,,,,"Big Book, Steps & Traditions",Literature,French,Twelve Steps; Twelve Traditions,,59203,57.8 KB,2021-12-14,https://www.aa.org/fr/twelve-steps-twelve-traditions,Les Douze Étapes et les Douze Traditions,2,www.aa.org,ok
213,10. Dixième Étape (Pages 101 à 109),https://www.aa.org/sites/default/files/2022-02/fr_step10.pdf,fr_step10.pdf,,,,"Big Book, Steps & Traditions",Literature,French,Twelve Steps; Twelve Traditions,,70481,68.8 KB,2022-02-07,https://www.aa.org/fr/twelve-steps-twelve-traditions,Les Douze Étapes et les Douze Traditions,2,www.aa.org,ok
214,10. Décima Tradición (Páginas 176-179),https://www.aa.org/sites/default/files/2022-02/sp_tradition10.pdf,sp_tradition10.pdf,,,,"Big Book, Steps & Traditions",Literature,Spanish,Twelve Steps; Twelve Traditions,,50918,49.7 KB,2022-02-07,https://www.aa.org/es/twelve-steps-twelve-traditions,Doce Pasos y Doce Tradiciones,2,www.aa.org,ok
215,10. Décimo Paso (Páginas 87-94),https://www.aa.org/sites/default/files/2022-02/sp_step10.pdf,sp_step10.pdf,,,,"Big Book, Steps & Traditions",Literature,Spanish,Twelve Steps; Twelve Traditions,,73362,71.6 KB,2022-02-07,https://www.aa.org/es/twelve-steps-twelve-traditions,Doce Pasos y Doce Tradiciones,2,www.aa.org,ok
216,10. Step Ten - (pp. 88 - 95),https://www.aa.org/sites/default/files/2022-01/en_step10_0.pdf,en_step10_0.pdf,,,,"Big Book, Steps & Traditions",Literature,English,Twelve Steps; Twelve Traditions,,59352,58.0 KB,2022-01-29,https://www.aa.org/twelve-steps-twelve-traditions,Twelve Steps and Twelve Traditions Book,1,www.aa.org,ok
217,10. Tradition Ten - (pp. 179 - 182),https://www.aa.org/sites/default/files/2022-01/en_tradition10.pdf,en_tradition10.pdf,,,,"Big Book, Steps & Traditions",Literature,English,Twelve Steps; Twelve Traditions,,52727,51.5 KB,2022-01-29,https://www.aa.org/twelve-steps-twelve-traditions,Twelve Steps and Twelve Traditions Book,1,www.aa.org,ok
218,11. A Vision For You - (pp. 151-164),https://www.aa.org/sites/default/files/2021-11/en_bigbook_chapt11.pdf,en_bigbook_chapt11.pdf,,,,"Big Book, Steps & Traditions",Literature,English,,,73936,72.2 KB,2021-11-01,https://www.aa.org/the-big-book,The Big Book,1,www.aa.org,ok
219,11. La vie qui vous attend - (Pages 170 à 186),https://www.aa.org/sites/default/files/2021-11/fr_bigbook_chapt11.pdf,fr_bigbook_chapt11.pdf,,,,"Big Book, Steps & Traditions",Literature,French,,,412305,402.6 KB,2021-11-03,https://www.aa.org/fr/the-big-book,Le Gros Livre des AA,1,www.aa.org,ok
220,11. Onzième Tradition (Pages 206 à 210),https://www.aa.org/sites/default/files/2021-11/fr_tradition11.pdf,fr_tradition11.pdf,,,,"Big Book, Steps & Traditions",Literature,French,Twelve Steps; Twelve Traditions,,480293,469.0 KB,2021-11-04,https://www.aa.org/fr/twelve-steps-twelve-traditions,Les Douze Étapes et les Douze Traditions,2,www.aa.org,ok
221,11. Onzième Étape (Pages 110 à 121),https://www.aa.org/sites/default/files/2022-02/fr_step11.pdf,fr_step11.pdf,,,,"Big Book, Steps & Traditions",Literature,French,Twelve Steps; Twelve Traditions,,83555,81.6 KB,2022-02-07,https://www.aa.org/fr/twelve-steps-twelve-traditions,Les Douze Étapes et les Douze Traditions,2,www.aa.org,ok
222,11. Step Eleven - (pp. 96 - 105),https://www.aa.org/sites/default/files/2022-01/en_step11.pdf,en_step11.pdf,,,,"Big Book, Steps & Traditions",Literature,English,Twelve Steps; Twelve Traditions,,68644,67.0 KB,2022-01-29,https://www.aa.org/twelve-steps-twelve-traditions,Twelve Steps and Twelve Traditions Book,1,www.aa.org,ok
223,11. Tradition Eleven - (pp. 183 - 186),https://www.aa.org/sites/default/files/2022-01/en_tradition11.pdf,en_tradition11.pdf,,,,"Big Book, Steps & Traditions",Literature,English,Twelve Steps; Twelve Traditions,,57934,56.6 KB,2022-01-29,https://www.aa.org/twelve-steps-twelve-traditions,Twelve Steps and Twelve Traditions Book,1,www.aa.org,ok
224,11. Una Visión Para Tí - (Páginas 151-164),https://www.aa.org/sites/default/files/2021-11/sp_bigbookchapter11.pdf,sp_bigbookchapter11.pdf,,,,"Big Book, Steps & Traditions",Literature,Spanish,,,74123,72.4 KB,2021-11-03,https://www.aa.org/es/the-big-book,El Libro Grande de AA,1,www.aa.org,ok
225,11. Undécima Tradición Páginas (180-183),https://www.aa.org/sites/default/files/2022-02/sp_tradition11.pdf,sp_tradition11.pdf,,,,"Big Book, Steps & Traditions",Literature,Spanish,Twelve Steps; Twelve Traditions,,59527,58.1 KB,2022-02-07,https://www.aa.org/es/twelve-steps-twelve-traditions,Doce Pasos y Doce Tradiciones,2,www.aa.org,ok
226,11. Undécimo Paso (Páginas 95-104),https://www.aa.org/sites/default/files/2022-02/sp_step11.pdf,sp_step11.pdf,,,,"Big Book, Steps & Traditions",Literature,Spanish,Twelve Steps; Twelve Traditions,,82061,80.1 KB,2022-02-07,https://www.aa.org/es/twelve-steps-twelve-traditions,Doce Pasos y Doce Tradiciones,2,www.aa.org,ok
227,12. Douzième Tradition (Pages 211 à 215),https://www.aa.org/sites/default/files/2021-11/fr_tradition12.pdf,fr_tradition12.pdf,,,,"Big Book, Steps & Traditions",Literature,French,Twelve Steps; Twelve Traditions,,488130,476.7 KB,2021-11-04,https://www.aa.org/fr/twelve-steps-twelve-traditions,Les Douze Étapes et les Douze Traditions,2,www.aa.org,ok
228,12. Douzième Étape (Pages 122 à 145),https://www.aa.org/sites/default/files/2022-02/fr_step12.pdf,fr_step12.pdf,,,,"Big Book, Steps & Traditions",Literature,French,Twelve Steps; Twelve Traditions,,130711,127.6 KB,2022-02-07,https://www.aa.org/fr/twelve-steps-twelve-traditions,Les Douze Étapes et les Douze Traditions,2,www.aa.org,ok
229,12. Duodécima Tradición (Páginas 184-188),https://www.aa.org/sites/default/files/2022-02/sp_tradition12.pdf,sp_tradition12.pdf,,,,"Big Book, Steps & Traditions",Literature,Spanish,Twelve Steps; Twelve Traditions,,63317,61.8 KB,2022-02-07,https://www.aa.org/es/twelve-steps-twelve-traditions,Doce Pasos y Doce Tradiciones,2,www.aa.org,ok
230,12. Duodécimo Paso (Páginas 105-123),https://www.aa.org/sites/default/files/2025-05/sp_step12_rev_5-25.pdf,sp_step12_rev_5-25.pdf,,,,"Big Book, Steps & Traditions",Literature,Spanish,Twelve Steps; Twelve Traditions,,110044,107.5 KB,2025-05-02,https://www.aa.org/es/twelve-steps-twelve-traditions,Doce Pasos y Doce Tradiciones,2,www.aa.org,ok
231,12. Step Twelve - (pp. 106 - 125),https://www.aa.org/sites/default/files/2022-01/en_step12.pdf,en_step12.pdf,,,,"Big Book, Steps & Traditions",Literature,English,Twelve Steps; Twelve Traditions,,108325,105.8 KB,2022-01-29,https://www.aa.org/twelve-steps-twelve-traditions,Twelve Steps and Twelve Traditions Book,1,www.aa.org,ok
232,12. Tradition Twelve - (pp. 187 - 191),https://www.aa.org/sites/default/files/2022-01/en_tradition12.pdf,en_tradition12.pdf,,,,"Big Book, Steps & Traditions",Literature,English,Twelve Steps; Twelve Traditions,,57690,56.3 KB,2022-01-29,https://www.aa.org/twelve-steps-twelve-traditions,Twelve Steps and Twelve Traditions Book,1,www.aa.org,ok
233,13. Las Doce Tradiciones (Forma Larga) (Páginas 189-192),https://www.aa.org/sites/default/files/2022-02/sp_tradition_longform.pdf,sp_tradition_longform.pdf,,,,"Big Book, Steps & Traditions",Literature,Spanish,Twelve Steps; Twelve Traditions; Form / Application,,61816,60.4 KB,2022-02-07,https://www.aa.org/es/twelve-steps-twelve-traditions,Doce Pasos y Doce Tradiciones,2,www.aa.org,ok
234,13. Les Douze Traditions - Version intégrale (Pages 224 à 228),https://www.aa.org/sites/default/files/2022-02/fr_tradition_longform.pdf,fr_tradition_longform.pdf,,,,"Big Book, Steps & Traditions",Literature,French,Twelve Steps; Twelve Traditions; Form / Application,,55400,54.1 KB,2022-02-07,https://www.aa.org/fr/twelve-steps-twelve-traditions,Les Douze Étapes et les Douze Traditions,2,www.aa.org,ok
235,13. The Twelve Traditions (The Long Form) - (pp. 192 - 195),https://www.aa.org/sites/default/files/2022-01/en_tradition_longform.pdf,en_tradition_longform.pdf,,,,"Big Book, Steps & Traditions",Literature,English,Twelve Steps; Twelve Traditions; Form / Application,,51398,50.2 KB,2022-01-29,https://www.aa.org/twelve-steps-twelve-traditions,Twelve Steps and Twelve Traditions Book,1,www.aa.org,ok
236,De la page de titre à la page 20,https://www.aa.org/sites/default/files/2021-10/fb-7_livingsober_1-20_1.pdf,fb-7_livingsober_1-20_1.pdf,FB-7,B-7,Books & Big Book,"Big Book, Steps & Traditions",Literature,French,Sobriety,,143446,140.1 KB,2021-10-29,https://www.aa.org/fr/living-sober-book,Vivre... sans alcool!,1,www.aa.org,ok
237,Experience Has Taught Us: An Introduction to our Twelve Traditions,https://aaws.widen.net/content/5bisrpxxdi/pdf/p-91_an_introduction_to_our_twelve_traditions_online.pdf,p-91_an_introduction_to_our_twelve_traditions_online.pdf,P-91,P-91,Pamphlets & Booklets,"Big Book, Steps & Traditions",Literature,English,Twelve Traditions,,2084892,2.0 MB,2026-08-04,https://www.aa.org/experience-has-taught-us-introduction-our-twelve-traditions,Experience Has Taught Us: An Introduction to our Twelve Traditions,1,aaws.widen.net,ok
238,i. La Tradición de A.A. - (Páginas 513-518),https://www.aa.org/sites/default/files/2021-11/sp_bigbook_appendicei.pdf,sp_bigbook_appendicei.pdf,,,,"Big Book, Steps & Traditions",Literature,Spanish,,,52902,51.7 KB,2021-11-01,https://www.aa.org/es/the-big-book,El Libro Grande de AA,1,www.aa.org,ok
239,i. La tradition des AA - (Pages 625 à 632),https://www.aa.org/sites/default/files/2021-11/fr_bigbook_appendicei.pdf,fr_bigbook_appendicei.pdf,,,,"Big Book, Steps & Traditions",Literature,French,Twelve Traditions,,59061,57.7 KB,2021-11-01,https://www.aa.org/fr/the-big-book,Le Gros Livre des AA,1,www.aa.org,ok
240,i. The A.A. Tradition - (pp. 561-566),https://www.aa.org/sites/default/files/2021-11/en_bigbook_appendicei.pdf,en_bigbook_appendicei.pdf,,,,"Big Book, Steps & Traditions",Literature,English,Twelve Traditions,,48165,47.0 KB,2021-11-01,https://www.aa.org/the-big-book,The Big Book,1,www.aa.org,ok
241,ii. La Experiencia Espiritual - (Páginas 519-520),https://www.aa.org/sites/default/files/2021-11/sp_bigbook_appendiceii_0.pdf,sp_bigbook_appendiceii_0.pdf,,,,"Big Book, Steps & Traditions",Literature,Spanish,Spirituality,,43714,42.7 KB,2021-11-01,https://www.aa.org/es/the-big-book,El Libro Grande de AA,1,www.aa.org,ok
242,ii. L’expérience spirituelle - (Pages 633 à 634),https://www.aa.org/sites/default/files/2021-11/fr_bigbook_appendiceii.pdf,fr_bigbook_appendiceii.pdf,,,,"Big Book, Steps & Traditions",Literature,French,,,43958,42.9 KB,2021-11-01,https://www.aa.org/fr/the-big-book,Le Gros Livre des AA,1,www.aa.org,ok
243,ii. Spiritual Experience - (pp. 567-568),https://www.aa.org/sites/default/files/2021-11/en_bigbook_appendiceii.pdf,en_bigbook_appendiceii.pdf,,,,"Big Book, Steps & Traditions",Literature,English,Spirituality,,39672,38.7 KB,2021-11-01,https://www.aa.org/the-big-book,The Big Book,1,www.aa.org,ok
244,iii. El Punto de Vista Médico Sobre A.A. - (Páginas 521-522),https://www.aa.org/sites/default/files/2021-11/sp_bigbook_appendiceiii.pdf,sp_bigbook_appendiceiii.pdf,,,,"Big Book, Steps & Traditions",Literature,Spanish,,,46151,45.1 KB,2021-11-01,https://www.aa.org/es/the-big-book,El Libro Grande de AA,1,www.aa.org,ok
245,iii. Le point de vue de la médecine sur les AA - (Pages 635 à 637),https://www.aa.org/sites/default/files/2021-11/fr_bigbook_appendiceiii.pdf,fr_bigbook_appendiceiii.pdf,,,,"Big Book, Steps & Traditions",Literature,French,,,49440,48.3 KB,2021-11-01,https://www.aa.org/fr/the-big-book,Le Gros Livre des AA,1,www.aa.org,ok
246,iii. The Medical View On A.A. - (pp. 569-570),https://www.aa.org/sites/default/files/2021-11/en_bigbook_appendiceiii.pdf,en_bigbook_appendiceiii.pdf,,,,"Big Book, Steps & Traditions",Literature,English,Medical,,42857,41.9 KB,2021-11-01,https://www.aa.org/the-big-book,The Big Book,1,www.aa.org,ok
247,iv. El Premio Lasker - (Página 523),https://www.aa.org/sites/default/files/2021-11/sp_bigbook_appendiceiv.pdf,sp_bigbook_appendiceiv.pdf,,,,"Big Book, Steps & Traditions",Literature,Spanish,,,31338,30.6 KB,2021-11-01,https://www.aa.org/es/the-big-book,El Libro Grande de AA,1,www.aa.org,ok
248,iv. Le prix Lasker - (Page 638),https://www.aa.org/sites/default/files/2021-11/fr_bigbook_appendiceiv.pdf,fr_bigbook_appendiceiv.pdf,,,,"Big Book, Steps & Traditions",Literature,French,,,41954,41.0 KB,2021-11-01,https://www.aa.org/fr/the-big-book,Le Gros Livre des AA,1,www.aa.org,ok
249,iv. The Lasker Award - (pp. 571),https://www.aa.org/sites/default/files/2021-11/en_bigbook_appendiceiv.pdf,en_bigbook_appendiceiv.pdf,,,,"Big Book, Steps & Traditions",Literature,English,,,26304,25.7 KB,2021-11-01,https://www.aa.org/the-big-book,The Big Book,1,www.aa.org,ok
250,L'Expérience nous a appris : Une introduction à nos Douze Traditions,https://aaws.widen.net/content/msptkd9cdp/pdf/fp-91_an_introduction_to_our_twelve_traditions_online.pdf,fp-91_an_introduction_to_our_twelve_traditions_online.pdf,FP-91,P-91,Pamphlets & Booklets,"Big Book, Steps & Traditions",Literature,French,Twelve Traditions,,2086893,2.0 MB,2025-06-23,https://www.aa.org/fr/lexperience-nous-appris-une-introduction-nos-douze-traditions,L'Expérience nous a appris : Une introduction à nos Douze Traditions,1,aaws.widen.net,ok
251,La Experiencia no has enseñado: Una introducción a nuestras Doce Tradiciones,https://aaws.widen.net/content/3ewrjdffuy/pdf/sp-91_an_introduction_to_our_twelve_traditions_online.pdf,sp-91_an_introduction_to_our_twelve_traditions_online.pdf,SP-91,P-91,Pamphlets & Booklets,"Big Book, Steps & Traditions",Literature,Spanish,Twelve Traditions,,1475957,1.4 MB,2024-01-23,https://www.aa.org/es/la-experiencia-no-has-ensenado-una-introduccion-nuestras-doce-tradiciones,La Experiencia no has enseñado: Una introducción a nuestras Doce Tradiciones,1,aaws.widen.net,ok
252,Las Doce Tradiciones,https://www.aa.org/sites/default/files/literature/smf-122_sp%201210.pdf,smf-122_sp%201210.pdf,SMF-122,SMF-122,Service Material,"Big Book, Steps & Traditions",Literature,Spanish,Twelve Traditions,,46652,45.6 KB,2022-01-19,https://www.aa.org/es/the-twelve-traditions,Las Doce Tradiciones,1,www.aa.org,ok
253,Las Doce Tradiciones,https://www.aa.org/sites/default/files/literature/smf-187_sp%201221.pdf,smf-187_sp%201221.pdf,SMF-187,SMF-187,Service Material,"Big Book, Steps & Traditions",Literature,Spanish,Twelve Traditions,,37202,36.3 KB,2024-10-15,https://www.aa.org/es/the-twelve-traditions,Las Doce Tradiciones,1,www.aa.org,ok
254,Las Doce Tradiciones de Alcohólicos Anónimos,https://aaws.widen.net/content/zz5r21hl5j/pdf/sp-28_the_twelve_traditions_of_aa_online.pdf,sp-28_the_twelve_traditions_of_aa_online.pdf,SP-28,P-28,Pamphlets & Booklets,"Big Book, Steps & Traditions",Literature,Spanish,Twelve Traditions,,23429,22.9 KB,2025-02-05,https://www.aa.org/es/las-doce-tradiciones-de-alcoholicos-anonimos,Las Doce Tradiciones de Alcohólicos Anónimos,1,aaws.widen.net,ok
255,Las Doce Tradiciones de Alcohólicos Anónimos (forma corta),https://aaws.widen.net/content/3zjyyzkdhj/pdf/smfs-122_the_twelve_traditions_for_world_service_short_form.pdf,smfs-122_the_twelve_traditions_for_world_service_short_form.pdf,SMFS-122,SMF-122,Service Material,"Big Book, Steps & Traditions",Literature,Spanish,Twelve Traditions; Form / Application,,57960,56.6 KB,2024-10-15,https://www.aa.org/es/las-doce-tradiciones-de-alcoholicos-anonimos-forma-corta,Las Doce Tradiciones de Alcohólicos Anónimos (forma corta),1,aaws.widen.net,ok
256,Las Doce Tradiciones de Alcohólicos Anónimos (forma larga),https://aaws.widen.net/content/ga029gqmbl/pdf/smfs-187_the_twelve_traditions_of_aa_long_form.pdf,smfs-187_the_twelve_traditions_of_aa_long_form.pdf,SMFS-187,SMF-187,Service Material,"Big Book, Steps & Traditions",Literature,Spanish,Twelve Traditions; Form / Application,,37202,36.3 KB,2024-10-15,https://www.aa.org/es/las-doce-tradiciones-de-alcoholicos-anonimos-forma-larga,Las Doce Tradiciones de Alcohólicos Anónimos (forma larga),1,aaws.widen.net,ok
257,Les Douze Traditions,https://www.aa.org/sites/default/files/literature/smf-122_fr%201221.pdf,smf-122_fr%201221.pdf,SMF-122,SMF-122,Service Material,"Big Book, Steps & Traditions",Literature,French,Twelve Traditions,,62733,61.3 KB,2024-10-15,https://www.aa.org/fr/the-twelve-traditions,Les Douze Traditions,1,www.aa.org,ok
258,Les Douze Traditions des Alcooliques anonymes,https://aaws.widen.net/content/y6vcwlmuwp/pdf/fp-28_the_twelve_traditions_of_aa_online.pdf,fp-28_the_twelve_traditions_of_aa_online.pdf,FP-28,P-28,Pamphlets & Booklets,"Big Book, Steps & Traditions",Literature,French,Twelve Traditions,,23951,23.4 KB,2024-05-28,https://www.aa.org/fr/les-douze-traditions-des-alcooliques-anonymes,Les Douze Traditions des Alcooliques anonymes,1,aaws.widen.net,ok
259,Les Douze Traditions des Alcooliques anonymes (version abrégée),https://aaws.widen.net/content/z80l4mhbog/pdf/smff-122_the_twelve_traditions_for_world_service_short_form.pdf,smff-122_the_twelve_traditions_for_world_service_short_form.pdf,SMFF-122,SMF-122,Service Material,"Big Book, Steps & Traditions",Literature,French,Twelve Traditions; Form / Application,,62733,61.3 KB,2024-10-15,https://www.aa.org/fr/les-douze-traditions-des-alcooliques-anonymes-version-abregee,Les Douze Traditions des Alcooliques anonymes (version abrégée),1,aaws.widen.net,ok
260,Les Douze Traditions des Alcooliques anonymes (version intégrale),https://aaws.widen.net/content/zamvwbp5td/pdf/smff-187_the_twelve_traditions_of_aa_long_form.pdf,smff-187_the_twelve_traditions_of_aa_long_form.pdf,SMFF-187,SMF-187,Service Material,"Big Book, Steps & Traditions",Literature,French,Twelve Traditions; Form / Application,,83021,81.1 KB,2024-10-15,https://www.aa.org/fr/les-douze-traditions-des-alcooliques-anonymes-version-integrale,Les Douze Traditions des Alcooliques anonymes (version intégrale),1,aaws.widen.net,ok
261,Les Douze Étapes,https://www.aa.org/sites/default/files/literature/The%20Twelve%20Steps%20of%20Alcoholics%20Anonymous%20-%20SMF-121FR.pdf,The%20Twelve%20Steps%20of%20Alcoholics%20Anonymous%20-%20SMF-121FR.pdf,,,,"Big Book, Steps & Traditions",Literature,French,Twelve Steps,,29731,29.0 KB,2024-10-15,https://www.aa.org/fr/the-twelve-steps,Les Douze Étapes,1,www.aa.org,ok
262,Les Douze Étapes des Alcooliques anonymes,https://aaws.widen.net/content/x43xehnjfn/pdf/smff-121_the_twelve_steps_of_alcoholics_anonymous.pdf,smff-121_the_twelve_steps_of_alcoholics_anonymous.pdf,SMFF-121,SMF-121,Service Material,"Big Book, Steps & Traditions",Literature,French,Twelve Steps,,29731,29.0 KB,2024-10-15,https://www.aa.org/fr/les-douze-etapes-des-alcooliques-anonymes,Les Douze Étapes des Alcooliques anonymes,1,aaws.widen.net,ok
263,Les Douze Étapes illustrées,https://aaws.widen.net/content/kcigbq5yvc/pdf/fp-55_twelve_steps_illustrated_online.pdf,fp-55_twelve_steps_illustrated_online.pdf,FP-55,P-55,Pamphlets & Booklets,"Big Book, Steps & Traditions",Literature,French,Twelve Steps,,10592055,10.1 MB,2025-11-04,https://www.aa.org/fr/les-douze-etapes-illustrees,Les Douze Étapes illustrées,1,aaws.widen.net,ok
264,Los Doce Pasos,https://www.aa.org/sites/default/files/literature/The%20Twelve%20Steps%20of%20Alcoholics%20Anonymous%20-%20SMF-121SP.pdf,The%20Twelve%20Steps%20of%20Alcoholics%20Anonymous%20-%20SMF-121SP.pdf,,,,"Big Book, Steps & Traditions",Literature,Spanish,Twelve Steps,,43855,42.8 KB,2024-10-15,https://www.aa.org/es/the-twelve-steps,Los Doce Pasos,1,www.aa.org,ok
265,Los Doce Pasos de Alcohólicos Anónimos,https://aaws.widen.net/content/emetszawac/pdf/smfs-121_the_twelve_steps_of_alcoholics_anonymous.pdf,smfs-121_the_twelve_steps_of_alcoholics_anonymous.pdf,SMFS-121,SMF-121,Service Material,"Big Book, Steps & Traditions",Literature,Spanish,Twelve Steps,,43855,42.8 KB,2024-10-15,https://www.aa.org/es/los-doce-pasos-de-alcoholicos-anonimos,Los Doce Pasos de Alcohólicos Anónimos,1,aaws.widen.net,ok
266,Los Doce Pasos ilustrados,https://aaws.widen.net/content/qrymwhnowe/pdf/sp-55_twelve_steps_illustrated_online.pdf,sp-55_twelve_steps_illustrated_online.pdf,SP-55,P-55,Pamphlets & Booklets,"Big Book, Steps & Traditions",Literature,Spanish,Twelve Steps,,10590126,10.1 MB,2025-11-04,https://www.aa.org/es/los-doce-pasos-ilustrados,Los Doce Pasos ilustrados,1,aaws.widen.net,ok
267,Page 87 (Twelve Steps),https://www.aa.org/sites/default/files/2021-10/b-7_livingsober_87_twelvesteps.pdf,b-7_livingsober_87_twelvesteps.pdf,B-7,B-7,Books & Big Book,"Big Book, Steps & Traditions",Literature,English,Twelve Steps; Sobriety,,36314,35.5 KB,2021-10-29,https://www.aa.org/living-sober-book,Living Sober,1,www.aa.org,ok
268,Page 95 - Les Douze Étapes,https://www.aa.org/sites/default/files/2021-10/fb-7_livingsober_95_twelvesteps.pdf,fb-7_livingsober_95_twelvesteps.pdf,FB-7,B-7,Books & Big Book,"Big Book, Steps & Traditions",Literature,French,Sobriety,,72883,71.2 KB,2021-10-29,https://www.aa.org/fr/living-sober-book,Vivre... sans alcool!,1,www.aa.org,ok
269,Pages 18-32,https://www.aa.org/sites/default/files/2021-10/b-7_livingsober_18-32.pdf,b-7_livingsober_18-32.pdf,B-7,B-7,Books & Big Book,"Big Book, Steps & Traditions",Literature,English,Sobriety,,102123,99.7 KB,2021-10-29,https://www.aa.org/living-sober-book,Living Sober,1,www.aa.org,ok
270,Pages 20 à 35,https://www.aa.org/sites/default/files/2021-10/fb-7_livingsober_20-35.pdf,fb-7_livingsober_20-35.pdf,FB-7,B-7,Books & Big Book,"Big Book, Steps & Traditions",Literature,French,Sobriety,,92470,90.3 KB,2021-10-29,https://www.aa.org/fr/living-sober-book,Vivre... sans alcool!,1,www.aa.org,ok
271,Pages 33-49,https://www.aa.org/sites/default/files/2021-10/b-7_livingsober_33-49.pdf,b-7_livingsober_33-49.pdf,B-7,B-7,Books & Big Book,"Big Book, Steps & Traditions",Literature,English,Sobriety,,91200,89.1 KB,2021-10-29,https://www.aa.org/living-sober-book,Living Sober,1,www.aa.org,ok
272,Pages 35 à 51,https://www.aa.org/sites/default/files/2021-10/fb-7_livingsober_35-51.pdf,fb-7_livingsober_35-51.pdf,FB-7,B-7,Books & Big Book,"Big Book, Steps & Traditions",Literature,French,Sobriety,,111612,109.0 KB,2021-10-29,https://www.aa.org/fr/living-sober-book,Vivre... sans alcool!,1,www.aa.org,ok
273,Pages 50-63,https://www.aa.org/sites/default/files/2021-10/b-7_livingsober_50-63.pdf,b-7_livingsober_50-63.pdf,B-7,B-7,Books & Big Book,"Big Book, Steps & Traditions",Literature,English,Sobriety,,88661,86.6 KB,2021-10-29,https://www.aa.org/living-sober-book,Living Sober,1,www.aa.org,ok
274,Pages 51 à 64,https://www.aa.org/sites/default/files/2021-10/fb-7_livingsober_51-64.pdf,fb-7_livingsober_51-64.pdf,FB-7,B-7,Books & Big Book,"Big Book, Steps & Traditions",Literature,French,Sobriety,,102908,100.5 KB,2021-10-29,https://www.aa.org/fr/living-sober-book,Vivre... sans alcool!,1,www.aa.org,ok
275,Pages 63-71,https://www.aa.org/sites/default/files/2021-10/b-7_livingsober_63-71.pdf,b-7_livingsober_63-71.pdf,B-7,B-7,Books & Big Book,"Big Book, Steps & Traditions",Literature,English,Sobriety,,73897,72.2 KB,2021-10-29,https://www.aa.org/living-sober-book,Living Sober,1,www.aa.org,ok
276,Pages 64 à 71,https://www.aa.org/sites/default/files/2021-10/fb-7_livingsober_64-71.pdf,fb-7_livingsober_64-71.pdf,FB-7,B-7,Books & Big Book,"Big Book, Steps & Traditions",Literature,French,Sobriety,,69617,68.0 KB,2021-10-29,https://www.aa.org/fr/living-sober-book,Vivre... sans alcool!,1,www.aa.org,ok
277,Pages 71 à 94,https://www.aa.org/sites/default/files/2021-10/fb-7_livingsober_71-94.pdf,fb-7_livingsober_71-94.pdf,FB-7,B-7,Books & Big Book,"Big Book, Steps & Traditions",Literature,French,Sobriety,,130122,127.1 KB,2021-10-29,https://www.aa.org/fr/living-sober-book,Vivre... sans alcool!,1,www.aa.org,ok
278,Pages 72-85,https://www.aa.org/sites/default/files/2024-10/b-7_livingsober_72-85_updated_10-2024.pdf,b-7_livingsober_72-85_updated_10-2024.pdf,B-7,B-7,Books & Big Book,"Big Book, Steps & Traditions",Literature,English,Sobriety,2024,172783,168.7 KB,2024-10-17,https://www.aa.org/living-sober-book,Living Sober,1,www.aa.org,ok
279,Pages 89-92,https://www.aa.org/sites/default/files/2021-10/b-7_livingsober_89-92.pdf,b-7_livingsober_89-92.pdf,B-7,B-7,Books & Big Book,"Big Book, Steps & Traditions",Literature,English,Sobriety,,111853,109.2 KB,2021-10-29,https://www.aa.org/living-sober-book,Living Sober,1,www.aa.org,ok
280,Pages 96 à 99,https://www.aa.org/sites/default/files/2021-12/b-7_livingsober_96-99.pdf,b-7_livingsober_96-99.pdf,B-7,B-7,Books & Big Book,"Big Book, Steps & Traditions",Literature,French,Sobriety,,134695,131.5 KB,2021-12-04,https://www.aa.org/fr/living-sober-book,Vivre... sans alcool!,1,www.aa.org,ok
281,Página 87 - Los Doce Pasos,https://www.aa.org/sites/default/files/2021-10/sb-7_livingsober_87_twelvesteps.pdf,sb-7_livingsober_87_twelvesteps.pdf,SB-7,B-7,Books & Big Book,"Big Book, Steps & Traditions",Literature,Spanish,Sobriety,,58547,57.2 KB,2021-10-29,https://www.aa.org/es/living-sober-book,Viviendo sobrio,1,www.aa.org,ok
282,Página Titular hasta página 18,https://www.aa.org/sites/default/files/2021-10/sb-7_livingsober_1-18.pdf,sb-7_livingsober_1-18.pdf,SB-7,B-7,Books & Big Book,"Big Book, Steps & Traditions",Literature,Spanish,Sobriety,,154287,150.7 KB,2021-10-29,https://www.aa.org/es/living-sober-book,Viviendo sobrio,1,www.aa.org,ok
283,Páginas 18-32,https://www.aa.org/sites/default/files/2021-10/sb-7_livingsober_18-32.pdf,sb-7_livingsober_18-32.pdf,SB-7,B-7,Books & Big Book,"Big Book, Steps & Traditions",Literature,Spanish,Sobriety,,114968,112.3 KB,2021-10-29,https://www.aa.org/es/living-sober-book,Viviendo sobrio,1,www.aa.org,ok
284,Páginas 32-51,https://www.aa.org/sites/default/files/2021-10/sb-7_livingsober_32-51.pdf,sb-7_livingsober_32-51.pdf,SB-7,B-7,Books & Big Book,"Big Book, Steps & Traditions",Literature,Spanish,Sobriety,,120229,117.4 KB,2021-10-29,https://www.aa.org/es/living-sober-book,Viviendo sobrio,1,www.aa.org,ok
285,Páginas 51-62,https://www.aa.org/sites/default/files/2021-10/sb-7_livingsober_51-62.pdf,sb-7_livingsober_51-62.pdf,SB-7,B-7,Books & Big Book,"Big Book, Steps & Traditions",Literature,Spanish,Sobriety,,106930,104.4 KB,2021-10-29,https://www.aa.org/es/living-sober-book,Viviendo sobrio,1,www.aa.org,ok
286,Páginas 63-70,https://www.aa.org/sites/default/files/2021-10/sb-7_livingsober_63-70.pdf,sb-7_livingsober_63-70.pdf,SB-7,B-7,Books & Big Book,"Big Book, Steps & Traditions",Literature,Spanish,Sobriety,,71748,70.1 KB,2021-10-29,https://www.aa.org/es/living-sober-book,Viviendo sobrio,1,www.aa.org,ok
287,Páginas 70-86,https://www.aa.org/sites/default/files/2021-10/sb-7_livingsober_70-86.pdf,sb-7_livingsober_70-86.pdf,SB-7,B-7,Books & Big Book,"Big Book, Steps & Traditions",Literature,Spanish,Sobriety,,108398,105.9 KB,2021-10-29,https://www.aa.org/es/living-sober-book,Viviendo sobrio,1,www.aa.org,ok
288,Páginas 89-93,https://www.aa.org/sites/default/files/2021-10/sb-7_livingsober_89-93.pdf,sb-7_livingsober_89-93.pdf,SB-7,B-7,Books & Big Book,"Big Book, Steps & Traditions",Literature,Spanish,Sobriety,,116413,113.7 KB,2021-10-29,https://www.aa.org/es/living-sober-book,Viviendo sobrio,1,www.aa.org,ok
289,The Twelve Steps,https://www.aa.org/sites/default/files/literature/The%20Twelve%20Steps%20of%20Alcoholics%20Anonymous%20-%20SMF-121.pdf,The%20Twelve%20Steps%20of%20Alcoholics%20Anonymous%20-%20SMF-121.pdf,,,,"Big Book, Steps & Traditions",Literature,English,Twelve Steps,,22587,22.1 KB,2024-10-15,https://www.aa.org/the-twelve-steps,The Twelve Steps,1,www.aa.org,ok
290,The Twelve Steps of Alcoholics Anonymous,https://aaws.widen.net/content/kvdufcscrk/pdf/smf-121_the_twelve_steps_of_alcoholics_anonymous.pdf,smf-121_the_twelve_steps_of_alcoholics_anonymous.pdf,SMF-121,SMF-121,Service Material,"Big Book, Steps & Traditions",Literature,English,Twelve Steps,,22587,22.1 KB,2024-10-15,https://www.aa.org/twelve-steps-alcoholics-anonymous,The Twelve Steps of Alcoholics Anonymous,1,aaws.widen.net,ok
291,The Twelve Traditions,https://www.aa.org/sites/default/files/literature/smf-187_en%201021.pdf,smf-187_en%201021.pdf,SMF-187,SMF-187,Service Material,"Big Book, Steps & Traditions",Literature,English,Twelve Traditions,,33990,33.2 KB,2024-10-15,https://www.aa.org/the-twelve-traditions,The Twelve Traditions,1,www.aa.org,ok
292,The Twelve Traditions Illustrated,https://aaws.widen.net/content/fkzmhdgxkh/pdf/p-43_traditions_illustrated_online.pdf,p-43_traditions_illustrated_online.pdf,P-43,P-43,Pamphlets & Booklets,"Big Book, Steps & Traditions",Literature,English,Twelve Traditions,,8727151,8.3 MB,2026-06-17,https://www.aa.org/twelve-traditions-illustrated,The Twelve Traditions Illustrated,1,aaws.widen.net,ok
293,The Twelve Traditions of Alcoholics Anonymous (Long Form),https://aaws.widen.net/content/5wgiitmmrw/pdf/smf-187_the_twelve_traditions_of_aa_long_form.pdf,smf-187_the_twelve_traditions_of_aa_long_form.pdf,SMF-187,SMF-187,Service Material,"Big Book, Steps & Traditions",Literature,English,Twelve Traditions; Form / Application,,33990,33.2 KB,2024-10-15,https://www.aa.org/twelve-traditions-alcoholics-anonymous-long-form,The Twelve Traditions of Alcoholics Anonymous (Long Form),1,aaws.widen.net,ok
294,The Twelve Traditions of Alcoholics Anonymous (short form),https://aaws.widen.net/content/p3ehvmgyzb/pdf/smf-122_the_twelve_traditions_for_world_service_short_form.pdf,smf-122_the_twelve_traditions_for_world_service_short_form.pdf,SMF-122,SMF-122,Service Material,"Big Book, Steps & Traditions",Literature,English,Twelve Traditions; Form / Application,,23580,23.0 KB,2024-10-15,https://www.aa.org/twelve-traditions-alcoholics-anonymous-short-form,The Twelve Traditions of Alcoholics Anonymous (short form),1,aaws.widen.net,ok
295,Title page through page 17,https://www.aa.org/sites/default/files/2024-10/b-7_livingsober_1-17_updated_10-2024.pdf,b-7_livingsober_1-17_updated_10-2024.pdf,B-7,B-7,Books & Big Book,"Big Book, Steps & Traditions",Literature,English,Sobriety,2024,205273,200.5 KB,2024-10-17,https://www.aa.org/living-sober-book,Living Sober,1,www.aa.org,ok
296,Twelve Steps Illustrated,https://aaws.widen.net/content/phnymemmwg/pdf/p-55_twelve_steps_illustrated_online.pdf,p-55_twelve_steps_illustrated_online.pdf,P-55,P-55,Pamphlets & Booklets,"Big Book, Steps & Traditions",Literature,English,Twelve Steps,,10592434,10.1 MB,2026-06-03,https://www.aa.org/twelve-steps-illustrated,Twelve Steps Illustrated,1,aaws.widen.net,ok
297,Twelve Traditions Flyer,https://aaws.widen.net/content/tldgazrx4z/pdf/p-28_the_twelve_traditions_of_aa_online.pdf,p-28_the_twelve_traditions_of_aa_online.pdf,P-28,P-28,Pamphlets & Booklets,"Big Book, Steps & Traditions",Literature,English,Twelve Traditions; Flyer / Poster,,81760,79.8 KB,2026-03-25,https://www.aa.org/twelve-traditions-flyer,Twelve Traditions Flyer,1,aaws.widen.net,ok
298,Twelve Traditions Play - Get in the Car,https://aaws.widen.net/content/b33nw73ips/pdf/SMF-242_Twelve_Tradition_Play_Get_in_the_Car_ONLINE.pdf,SMF-242_Twelve_Tradition_Play_Get_in_the_Car_ONLINE.pdf,SMF-242,SMF-242,Service Material,"Big Book, Steps & Traditions",Literature,English,Twelve Traditions,,199055,194.4 KB,2026-07-27,https://www.aa.org/twelve-traditions-play-get-car,Twelve Traditions Play - Get in the Car,1,aaws.widen.net,ok
299,v. La Perspectiva Religiosa Sobre A.A. - (Página 524),https://www.aa.org/sites/default/files/2021-11/sp_bigbook_appendicev.pdf,sp_bigbook_appendicev.pdf,,,,"Big Book, Steps & Traditions",Literature,Spanish,,,41273,40.3 KB,2021-11-01,https://www.aa.org/es/the-big-book,El Libro Grande de AA,1,www.aa.org,ok
300,v. Le point de vue du milieu religieux sur les AA - (Pages 639 à 640),https://www.aa.org/sites/default/files/2021-11/fr_bigbook_appendicev.pdf,fr_bigbook_appendicev.pdf,,,,"Big Book, Steps & Traditions",Literature,French,,,43428,42.4 KB,2021-11-01,https://www.aa.org/fr/the-big-book,Le Gros Livre des AA,1,www.aa.org,ok
301,v. The Religious View on A.A. - (pp. 572),https://www.aa.org/sites/default/files/2021-11/en_bigbook_appendicev.pdf,en_bigbook_appendicev.pdf,,,,"Big Book, Steps & Traditions",Literature,English,,,37941,37.1 KB,2021-11-01,https://www.aa.org/the-big-book,The Big Book,1,www.aa.org,ok
302,vi. Comment entrer en contact avec les AA - (Pages 641 à 642),https://www.aa.org/sites/default/files/2021-11/fr_bigbook_appendicevi.pdf,fr_bigbook_appendicevi.pdf,,,,"Big Book, Steps & Traditions",Literature,French,,,46507,45.4 KB,2021-11-01,https://www.aa.org/fr/the-big-book,Le Gros Livre des AA,1,www.aa.org,ok
303,vi. Cómo Ponerse en Contacto con A.A. - (Página 525),https://www.aa.org/sites/default/files/2021-11/sp_bigbook_appendicevi.pdf,sp_bigbook_appendicevi.pdf,,,,"Big Book, Steps & Traditions",Literature,Spanish,,,32045,31.3 KB,2021-11-01,https://www.aa.org/es/the-big-book,El Libro Grande de AA,1,www.aa.org,ok
304,vi. How to Get in Touch With A.A. - (pp. 573),https://www.aa.org/sites/default/files/2021-11/en_bigbook_appendicevi.pdf,en_bigbook_appendicevi.pdf,,,,"Big Book, Steps & Traditions",Literature,English,,,33769,33.0 KB,2021-11-01,https://www.aa.org/the-big-book,The Big Book,1,www.aa.org,ok
305,vii. Doce Conceptos (Forma Corta) - (Páginas 526-528),https://www.aa.org/sites/default/files/2021-11/sp_bigbook_appendicevii.pdf,sp_bigbook_appendicevii.pdf,,,,"Big Book, Steps & Traditions",Literature,Spanish,Twelve Concepts; Form / Application,,45431,44.4 KB,2021-11-01,https://www.aa.org/es/the-big-book,El Libro Grande de AA,1,www.aa.org,ok
306,vii. Les Douze Concepts (formule abrégée) - (Pages 643 à 645),https://www.aa.org/sites/default/files/2021-11/fr_bigbook_appendicevii.pdf,fr_bigbook_appendicevii.pdf,,,,"Big Book, Steps & Traditions",Literature,French,Twelve Concepts; Form / Application,,45227,44.2 KB,2021-11-01,https://www.aa.org/fr/the-big-book,Le Gros Livre des AA,1,www.aa.org,ok
307,vii. Twelve Concepts (Short Form) - (pp. 574-575),https://www.aa.org/sites/default/files/2021-11/en_bigbook_appendicevii_.pdf,en_bigbook_appendicevii_.pdf,,,,"Big Book, Steps & Traditions",Literature,English,Twelve Concepts; Form / Application,,39611,38.7 KB,2021-11-01,https://www.aa.org/the-big-book,The Big Book,1,www.aa.org,ok
308,"Experience, Strength & Hope",https://www.aa.org/sites/default/files/literature/SB-20_Experience_Strength_%26_Hope.pdf,SB-20_Experience_Strength_%26_Hope.pdf,SB-20,B-20,Books & Big Book,Books & Big Book,Literature,Spanish,,,2552815,2.4 MB,2022-12-28,https://www.aa.org/experience-strength-hope,"Experience, Strength & Hope",3,www.aa.org,ok
309,A.A. Temporary Contact/Bridging the Gap Request - Inside,https://aaws.widen.net/content/wv6d2b9sym/pdf/f-183_aa_bridging_the_gap_request_online.pdf,f-183_aa_bridging_the_gap_request_online.pdf,F-183,F-183,"Forms, Catalogs & Order Blanks",Bridging the Gap,Carrying the Message,English,,,60165,58.8 KB,2025-12-02,https://www.aa.org/aa-temporary-contactbridging-gap-request-inside,A.A. Temporary Contact/Bridging the Gap Request - Inside,2,aaws.widen.net,ok
310,A.A. Temporary Contact/Bridging the Gap Volunteer - Outside,https://aaws.widen.net/content/13theotaav/pdf/f-184_aa_bridging_the_gap_online.pdf,f-184_aa_bridging_the_gap_online.pdf,F-184,F-184,"Forms, Catalogs & Order Blanks",Bridging the Gap,Carrying the Message,English,,,51956,50.7 KB,2025-11-10,https://www.aa.org/aa-temporary-contactbridging-gap-volunteer-outside,A.A. Temporary Contact/Bridging the Gap Volunteer - Outside,1,aaws.widen.net,ok
311,Bridging the Gap,https://aaws.widen.net/content/rbykxdzd0p/pdf/p-49_bridging_the_gap_online.pdf,p-49_bridging_the_gap_online.pdf,P-49,P-49,Pamphlets & Booklets,Bridging the Gap,Carrying the Message,English,,,121835,119.0 KB,2026-01-05,https://www.aa.org/bridging-gap,Bridging the Gap,1,aaws.widen.net,ok
312,Bénévoles AA pour le Contact temporaire/Favoriser le rapprochement - L'Extérieur,https://aaws.widen.net/content/pvdgpdzjy6/pdf/ff-184_aa_bridging_the_gap_online.pdf,ff-184_aa_bridging_the_gap_online.pdf,FF-184,F-184,"Forms, Catalogs & Order Blanks",Bridging the Gap,Carrying the Message,French,,,52496,51.3 KB,2025-08-28,https://www.aa.org/fr/benevoles-aa-pour-le-contact-temporairefavoriser-le-rapprochement-lexterieur,Bénévoles AA pour le Contact temporaire/Favoriser le rapprochement - L'Extérieur,1,aaws.widen.net,ok
313,Demande de Contact Temporaire AA/Favoriser le rapprochment - L'Intérieur,https://aaws.widen.net/content/b6mvpmaryb/pdf/ff-183_aa_bridging_the_gap_request_online.pdf,ff-183_aa_bridging_the_gap_request_online.pdf,FF-183,F-183,"Forms, Catalogs & Order Blanks",Bridging the Gap,Carrying the Message,French,,,46067,45.0 KB,2024-02-18,https://www.aa.org/fr/demande-de-contact-temporaire-aafavoriser-le-rapprochment-linterieur,Demande de Contact Temporaire AA/Favoriser le rapprochment - L'Intérieur,2,aaws.widen.net,ok
314,Favoriser le rapprochement,https://aaws.widen.net/content/eze3s5prt9/pdf/fp-49_bridging_the_gap_online.pdf,fp-49_bridging_the_gap_online.pdf,FP-49,P-49,Pamphlets & Booklets,Bridging the Gap,Carrying the Message,French,,,188081,183.7 KB,2025-04-30,https://www.aa.org/fr/favoriser-le-rapprochement,Favoriser le rapprochement,1,aaws.widen.net,ok
315,Guías de AA - Puente hacia AA,https://aaws.widen.net/content/bntpbrivhv/pdf/smg-21_bridging_the_gap_online.pdf,smg-21_bridging_the_gap_online.pdf,SMG-21,MG-21,A.A. Guidelines,Bridging the Gap,Carrying the Message,Spanish,,,41880,40.9 KB,2026-08-18,https://www.aa.org/es/guias-de-aa-puente-hacia-aa,Guías de AA - Puente hacia AA,1,aaws.widen.net,ok
316,Lignes de conduite des AA - Favoriser le rapprochement,https://aaws.widen.net/content/lc7h9zqxwy/pdf/fmg-21_bridging_the_gap_online.pdf,fmg-21_bridging_the_gap_online.pdf,FMG-21,MG-21,A.A. Guidelines,Bridging the Gap,Carrying the Message,French,,,42350,41.4 KB,2026-08-03,https://www.aa.org/fr/lignes-de-conduite-des-aa-favoriser-le-rapprochement,Lignes de conduite des AA - Favoriser le rapprochement,1,aaws.widen.net,ok
317,Programa Puente hacia AA,https://aaws.widen.net/content/zwbu5ya9hx/pdf/sp-49_bridging_the_gap_online.pdf,sp-49_bridging_the_gap_online.pdf,SP-49,P-49,Pamphlets & Booklets,Bridging the Gap,Carrying the Message,Spanish,,,144376,141.0 KB,2026-03-03,https://www.aa.org/es/programa-puente-hacia-aa,Programa Puente hacia AA,1,aaws.widen.net,ok
318,Programa Puente hacia AA – contacto temporal,https://aaws.widen.net/content/xstrp7ztqv/pdf/sf-184_aa_bridging_the_gap_online.pdf,sf-184_aa_bridging_the_gap_online.pdf,SF-184,F-184,"Forms, Catalogs & Order Blanks",Bridging the Gap,Carrying the Message,Spanish,,,56732,55.4 KB,2025-09-05,https://www.aa.org/es/programa-puente-hacia-aa-contacto-temporal,Programa Puente hacia AA – contacto temporal,2,aaws.widen.net,ok
319,Solicitud para participar en el Programa Puente hacia AA –– personas en tratamiento,https://aaws.widen.net/content/138to8uzny/pdf/sf-183_aa_bridging_the_gap_request_online.pdf,sf-183_aa_bridging_the_gap_request_online.pdf,SF-183,F-183,"Forms, Catalogs & Order Blanks",Bridging the Gap,Carrying the Message,Spanish,,,77254,75.4 KB,2026-04-16,https://www.aa.org/es/solicitud-para-participar-en-el-programa-puente-hacia-aa-personas-en-tratamiento,Solicitud para participar en el Programa Puente hacia AA –– personas en tratamiento,1,aaws.widen.net,ok
320,Temporaire d’avant libération et de « favoriser le rapprochement ».,https://aaws.widen.net/content/e9u4f4og0r/pdf/ff-222_btg_temporary_contact_volunteers_online.pdf,ff-222_btg_temporary_contact_volunteers_online.pdf,FF-222,F-222,"Forms, Catalogs & Order Blanks",Bridging the Gap,Carrying the Message,French,,,65353,63.8 KB,2026-02-10,https://www.aa.org/fr/temporaire-davant-liberation-et-de-favoriser-le-rapprochement,Temporaire d’avant libération et de « favoriser le rapprochement ».,1,aaws.widen.net,ok
321,Temporary Contact Volunteers - Bridging the Gap,https://aaws.widen.net/content/emyn5jlkwa/pdf/f-222_btg_temporary_contact_volunteers_online.pdf,f-222_btg_temporary_contact_volunteers_online.pdf,F-222,F-222,"Forms, Catalogs & Order Blanks",Bridging the Gap,Carrying the Message,English,,,65448,63.9 KB,2026-02-10,https://www.aa.org/temporary-contact-volunteers-bridging-gap,Temporary Contact Volunteers - Bridging the Gap,1,aaws.widen.net,ok
322,Voluntarios de prepuesta en libertad - Unir las Orillas,https://aaws.widen.net/content/3ue8ngwpkd/pdf/sf-222_btg_temporary_contact_volunteers_online.pdf,sf-222_btg_temporary_contact_volunteers_online.pdf,SF-222,F-222,"Forms, Catalogs & Order Blanks",Bridging the Gap,Carrying the Message,Spanish,,,72105,70.4 KB,2026-02-10,https://www.aa.org/es/voluntarios-de-prepuesta-en-libertad-unir-las-orillas,Voluntarios de prepuesta en libertad - Unir las Orillas,1,aaws.widen.net,ok
323,2025 Convention Registration Flyer,https://www.aa.org/sites/default/files/2025-04/2025ICFlyer_registration_en.pdf,2025ICFlyer_registration_en.pdf,,,,Conventions & Events,Conference & Events,English,Public Information; Flyer / Poster,2025,1699858,1.6 MB,2025-04-16,https://www.aa.org/pressrelease-041625,"Alcoholics Anonymous to Celebrate 90 Years of Recovery at 2025 International Convention in Vancouver, Canada, July 3–6",1,www.aa.org,ok
324,About A.A. - A.A.'s 45th Anniversary Celebrated at International Convention in New Orleans,https://www.aa.org/sites/default/files/newsletters/f-13_fall1980.pdf,f-13_fall1980.pdf,F-13,F-13,"Forms, Catalogs & Order Blanks",Conventions & Events,Conference & Events,English,,1980,1310910,1.3 MB,2021-07-14,https://www.aa.org/about-aa,About A.A.,1,www.aa.org,ok
325,Alcoholics Anonymous Celebrates 85 Years with the 2020 A.A. Online International Convention,https://www.aa.org/sites/default/files/literature/Alcoholics%20Anonymous%20%3A%20Alcoholics%20Anonymous%20Celebrates%2085%20Years%20with%20the%202020%20A.A.%20Online%20International%20Convention.pdf,Alcoholics%20Anonymous%20%3A%20Alcoholics%20Anonymous%20Celebrates%2085%20Years%20with%20the%202020%20A.A.%20Online%20International%20Convention.pdf,,,,Conventions & Events,Conference & Events,English,Public Information,2020,160461,156.7 KB,2021-11-09,https://www.aa.org/press-releases,Press Releases,1,www.aa.org,ok
326,"Box 459 - 11,000 at Miami Convention Pledge to Preserve A. A. Unity",https://www.aa.org/sites/default/files/newsletters/en_box459_aug-sept70.pdf,en_box459_aug-sept70.pdf,,,,Conventions & Events,Conference & Events,English,Newsletter,,786642,768.2 KB,2021-07-14,https://www.aa.org/box-459,Box 459,1,www.aa.org,ok
327,Box 459 - 1980 Convention Enriches Our Store of A.A. Memories,https://www.aa.org/sites/default/files/newsletters/en_box459_oct-nov80.pdf,en_box459_oct-nov80.pdf,,,,Conventions & Events,Conference & Events,English,Newsletter,1980,932497,910.6 KB,2021-07-14,https://www.aa.org/box-459,Box 459,1,www.aa.org,ok
328,"Box 459 - 1990 Convention: Seattle, Here We Come!",https://www.aa.org/sites/default/files/newsletters/en_box459_oct-nov86.pdf,en_box459_oct-nov86.pdf,,,,Conventions & Events,Conference & Events,English,Newsletter,1990,1967840,1.9 MB,2021-07-14,https://www.aa.org/box-459,Box 459,1,www.aa.org,ok
329,Box 459 - 1995 International Convention Most Frequently Asked Questions,https://www.aa.org/sites/default/files/newsletters/en_box459_feb-mar94.pdf,en_box459_feb-mar94.pdf,,,,Conventions & Events,Conference & Events,English,Newsletter,1995,3399597,3.2 MB,2021-07-15,https://www.aa.org/box-459,Box 459,1,www.aa.org,ok
330,Box 459 - 2025 International Convention Update,https://www.aa.org/sites/default/files/newsletters/F-36_Box_459_2024_Fall_0.pdf,F-36_Box_459_2024_Fall_0.pdf,F-36,F-36,"Forms, Catalogs & Order Blanks",Conventions & Events,Conference & Events,English,Newsletter,2025,1398210,1.3 MB,2024-11-19,https://www.aa.org/box-459,Box 459,1,www.aa.org,ok
331,Box 459 - 31st Conference to Choose 1985 Convention Site,https://www.aa.org/sites/default/files/newsletters/en_box459_april-may81.pdf,en_box459_april-may81.pdf,,,,Conventions & Events,Conference & Events,English,Conference; Newsletter,1985,1009771,986.1 KB,2021-07-14,https://www.aa.org/box-459,Box 459,1,www.aa.org,ok
332,"Box 459 - 35ème convention anniversaire internationale, Miami Beach, juillet 1970",https://www.aa.org/sites/default/files/newsletters/fr_box459_feb-mar70.pdf,fr_box459_feb-mar70.pdf,,,,Conventions & Events,Conference & Events,French,Newsletter,1970,1085550,1.0 MB,2021-07-20,https://www.aa.org/fr/box-459,Box 459,1,www.aa.org,ok
333,Box 459 - 50th Anniversary International Convention,https://www.aa.org/sites/default/files/newsletters/en_box459_aug-sept85.pdf,en_box459_aug-sept85.pdf,,,,Conventions & Events,Conference & Events,English,Newsletter,,2309175,2.2 MB,2021-07-14,https://www.aa.org/box-459,Box 459,1,www.aa.org,ok
334,"Box 459 - A la convention de Miami 11,000 personnes",https://www.aa.org/sites/default/files/newsletters/fr_box459_aug-sept70.pdf,fr_box459_aug-sept70.pdf,,,,Conventions & Events,Conference & Events,French,Newsletter,,471699,460.6 KB,2021-07-20,https://www.aa.org/fr/box-459,Box 459,1,www.aa.org,ok
335,Box 459 - A.A. Zhengzhou Convention: Slow Train to Sobriety,https://www.aa.org/sites/default/files/newsletters/en_box459_spring18.pdf,en_box459_spring18.pdf,,,,Conventions & Events,Conference & Events,English,Newsletter; Sobriety,,1100865,1.0 MB,2021-07-14,https://www.aa.org/box-459,Box 459,1,www.aa.org,ok
336,Box 459 - Anonymity and the 2015 International Convention,https://www.aa.org/sites/default/files/newsletters/en_box459_spring15.pdf,en_box459_spring15.pdf,,,,Conventions & Events,Conference & Events,English,Anonymity; Newsletter,2015,549784,536.9 KB,2021-07-14,https://www.aa.org/box-459,Box 459,1,www.aa.org,ok
337,Box 459 - Convention Highlights,https://www.aa.org/sites/default/files/newsletters/en_box459_aug60.pdf,en_box459_aug60.pdf,,,,Conventions & Events,Conference & Events,English,Newsletter,,426377,416.4 KB,2021-07-14,https://www.aa.org/box-459,Box 459,1,www.aa.org,ok
338,"Box 459 - International A.A. Convention: 80 Years — Happy, Joyous and Free",https://www.aa.org/sites/default/files/newsletters/en_box459_fall15.pdf,en_box459_fall15.pdf,,,,Conventions & Events,Conference & Events,English,Newsletter,,1547278,1.5 MB,2021-07-15,https://www.aa.org/box-459,Box 459,1,www.aa.org,ok
339,Box 459 - International Convention 2025 Update: Countdown to Vancouver!,https://www.aa.org/sites/default/files/newsletters/f-36_spring2025.pdf,f-36_spring2025.pdf,F-36,F-36,"Forms, Catalogs & Order Blanks",Conventions & Events,Conference & Events,English,Newsletter,2025,7916291,7.5 MB,2025-05-29,https://www.aa.org/box-459,Box 459,1,www.aa.org,ok
340,Box 459 - La Sixieme Convention...,https://www.aa.org/sites/default/files/newsletters/fr_box459_april-may75.pdf,fr_box459_april-may75.pdf,,,,Conventions & Events,Conference & Events,French,Newsletter,,1066350,1.0 MB,2021-07-19,https://www.aa.org/fr/box-459,Box 459,1,www.aa.org,ok
341,Box 459 - Trustees Approve 1960 Convention,https://www.aa.org/sites/default/files/newsletters/en_box459_sept58.pdf,en_box459_sept58.pdf,,,,Conventions & Events,Conference & Events,English,Newsletter,1960,972853,950.1 KB,2021-07-14,https://www.aa.org/box-459,Box 459,1,www.aa.org,ok
342,Box 459 - What to tell your group about... A.A.'s 35th Anniversary Convention in Miami Beach,https://www.aa.org/sites/default/files/newsletters/en_box459_feb-mar70.pdf,en_box459_feb-mar70.pdf,,,,Conventions & Events,Conference & Events,English,Newsletter,,863089,842.9 KB,2021-07-15,https://www.aa.org/box-459,Box 459,1,www.aa.org,ok
343,Box 459 - Widening Circles of Sobriety Mark Native American International A.A. Convention,https://www.aa.org/sites/default/files/newsletters/en_box459_aug-sept98.pdf,en_box459_aug-sept98.pdf,,,,Conventions & Events,Conference & Events,English,Remote Communities; Newsletter; Sobriety,,3334853,3.2 MB,2021-07-14,https://www.aa.org/box-459,Box 459,1,www.aa.org,ok
344,Feuillet d'information :Congres Internationaux des AA,https://aaws.widen.net/content/4g3vnuszfi/pdf/aa_international_conventions_info_sheet_fr_online.pdf,aa_international_conventions_info_sheet_fr_online.pdf,,,,Conventions & Events,Conference & Events,French,Form / Application,,139100,135.8 KB,2026-02-10,https://www.aa.org/fr/feuillet-dinformation-congres-internationaux-des-aa,Feuillet d'information :Congres Internationaux des AA,1,aaws.widen.net,ok
345,"Guías de A.A. acerca de Conferencias, Convenciones y Encuentros",https://aaws.widen.net/content/wact1w0bjp/pdf/smg-4_conference_conventions__roundups_online.pdf,smg-4_conference_conventions__roundups_online.pdf,SMG-4,MG-4,A.A. Guidelines,Conventions & Events,Conference & Events,Spanish,Conference,,67328,65.8 KB,2025-06-02,https://www.aa.org/es/guias-de-aa-acerca-de-conferencias-convenciones-y-encuentros,"Guías de A.A. acerca de Conferencias, Convenciones y Encuentros",1,aaws.widen.net,ok
346,Hoja informativa: Convenciones lnternacionales de AA,https://aaws.widen.net/content/6uysjkepyx/pdf/aa_international_conventions_info_sheet_sp_online.pdf,aa_international_conventions_info_sheet_sp_online.pdf,,,,Conventions & Events,Conference & Events,Spanish,Form / Application,,66850,65.3 KB,2026-02-10,https://www.aa.org/es/hoja-informativa-convenciones-lnternacionales-de-aa,Hoja informativa: Convenciones lnternacionales de AA,1,aaws.widen.net,ok
347,Information Sheet: A.A. International Conventions,https://aaws.widen.net/content/mjmgnx9758/pdf/aa_international_conventions_info_sheet_en_online.pdf,aa_international_conventions_info_sheet_en_online.pdf,,,,Conventions & Events,Conference & Events,English,Form / Application,,127752,124.8 KB,2026-02-10,https://www.aa.org/information-sheet-aa-international-conventions,Information Sheet: A.A. International Conventions,1,aaws.widen.net,ok
348,"Ligne de conduite des AA sur les Conférences, Congrès et Rassemblements",https://aaws.widen.net/content/djgcgjij7l/pdf/fmg-4_conference_conventions__roundups_online.pdf,fmg-4_conference_conventions__roundups_online.pdf,FMG-4,MG-4,A.A. Guidelines,Conventions & Events,Conference & Events,French,Conference,,108298,105.8 KB,2026-03-10,https://www.aa.org/fr/ligne-de-conduite-des-aa-sur-les-conferences-congres-et-rassemblements,"Ligne de conduite des AA sur les Conférences, Congrès et Rassemblements",1,aaws.widen.net,ok
349,Markings - A Small Meeting 60 Years Ago Launched A.A.’s International Conventions,https://www.aa.org/sites/default/files/newsletters/f-151-markings_summer-2010.pdf,f-151-markings_summer-2010.pdf,F-151,F-151,"Forms, Catalogs & Order Blanks",Conventions & Events,Conference & Events,English,Newsletter,2010,541534,528.8 KB,2021-07-12,https://www.aa.org/markings-newsletter,Markings,1,www.aa.org,ok
350,"Markings - Excerpts From ""The Archives"" At The International Convention, Seattle - Part 2",https://www.aa.org/sites/default/files/newsletters/marking_1991_1.pdf,marking_1991_1.pdf,,,,Conventions & Events,Conference & Events,English,Archives; Newsletter,1991,3240262,3.1 MB,2023-08-28,https://www.aa.org/markings-newsletter,Markings,1,www.aa.org,ok
351,10. Aux employeurs - (Pages 154 à 169),https://www.aa.org/sites/default/files/2021-11/fr_bigbook_chapt10.pdf,fr_bigbook_chapt10.pdf,,,,Cooperation with the Professional Community,Carrying the Message,French,Professionals,,410280,400.7 KB,2021-11-03,https://www.aa.org/fr/the-big-book,Le Gros Livre des AA,1,www.aa.org,ok
352,10. To Employers - (pp. 136-150),https://www.aa.org/sites/default/files/2021-11/en_bigbook_chapt10.pdf,en_bigbook_chapt10.pdf,,,,Cooperation with the Professional Community,Carrying the Message,English,Professionals,,80184,78.3 KB,2021-11-01,https://www.aa.org/the-big-book,The Big Book,1,www.aa.org,ok
353,A.A. as a Resource for the Health Care Professional,https://aaws.widen.net/content/tsrr4le7e4/pdf/p-23_aa_resource_hcp_online.pdf,p-23_aa_resource_hcp_online.pdf,P-23,P-23,Pamphlets & Booklets,Cooperation with the Professional Community,Carrying the Message,English,Professionals,,182943,178.7 KB,2025-06-12,https://www.aa.org/aa-resource-health-care-professional,A.A. as a Resource for the Health Care Professional,1,aaws.widen.net,ok
354,An Open Letter to Health Care Professionals,https://aaws.widen.net/content/is8uldqfrh/pdf/f-210_cpc_letter_to_professionals_online.pdf,f-210_cpc_letter_to_professionals_online.pdf,F-210,F-210,"Forms, Catalogs & Order Blanks",Cooperation with the Professional Community,Carrying the Message,English,Professionals,,498561,486.9 KB,2026-02-02,https://www.aa.org/open-letter-health-care-professionals,An Open Letter to Health Care Professionals,1,aaws.widen.net,ok
355,C.P.C. Presentation - Let's Be Friendly with Our Friends,https://aaws.widen.net/content/ewl4jnpt7v/pdf/f-175_cpc_presentation_online.pdf,f-175_cpc_presentation_online.pdf,F-175,F-175,"Forms, Catalogs & Order Blanks",Cooperation with the Professional Community,Carrying the Message,English,Professionals,,1145346,1.1 MB,2026-02-10,https://www.aa.org/cpc-presentation-lets-be-friendly-our-friends,C.P.C. Presentation - Let's Be Friendly with Our Friends,2,aaws.widen.net,ok
356,Carte de Service de la CMP : Connaissez-vous quelqu’un avec un problème d’alcool?,https://aaws.widen.net/content/52sanqj9zd/pdf/service_card_cpc_do_you_know_form_fr_online.pdf,service_card_cpc_do_you_know_form_fr_online.pdf,,,,Cooperation with the Professional Community,Carrying the Message,French,Professionals; Form / Application,,207447,202.6 KB,2026-02-10,https://www.aa.org/fr/carte-de-service-de-la-cmp-connaissez-vous-quelquun-avec-un-probleme-dalcool,Carte de Service de la CMP : Connaissez-vous quelqu’un avec un problème d’alcool?,1,aaws.widen.net,ok
357,Carte de Service de la CMP : L’application Meeting Guide des AA,https://aaws.widen.net/content/s32kz5feqs/pdf/service_card_cpc_meeting_guide_fr_online.pdf,service_card_cpc_meeting_guide_fr_online.pdf,,,,Cooperation with the Professional Community,Carrying the Message,French,Professionals; Workbook / Kit; Form / Application,,197133,192.5 KB,2026-04-07,https://www.aa.org/fr/carte-de-service-de-la-cmp-lapplication-meeting-guide-des-aa,Carte de Service de la CMP : L’application Meeting Guide des AA,1,aaws.widen.net,ok
358,Contenido del Paquete de C.C.P.,https://aaws.widen.net/content/ga3pnoxvtv/pdf/sf-66_cpc_kit_online.pdf,sf-66_cpc_kit_online.pdf,SF-66,F-66,"Forms, Catalogs & Order Blanks",Cooperation with the Professional Community,Carrying the Message,Spanish,Professionals; Workbook / Kit,,121431,118.6 KB,2026-02-10,https://www.aa.org/es/contenido-del-paquete-de-ccp,Contenido del Paquete de C.C.P.,1,aaws.widen.net,ok
359,Contents of CPC Kit List,https://aaws.widen.net/content/dm0p1pmau2/pdf/f-66_cpc_kit_online.pdf,f-66_cpc_kit_online.pdf,F-66,F-66,"Forms, Catalogs & Order Blanks",Cooperation with the Professional Community,Carrying the Message,English,Professionals; Workbook / Kit,,139461,136.2 KB,2026-02-10,https://www.aa.org/contents-cpc-kit-list,Contents of CPC Kit List,1,aaws.widen.net,ok
360,Contenu de la pochette des C.M.P.,https://aaws.widen.net/content/lyrfzmiuav/pdf/ff-66_cpc_kit_online.pdf,ff-66_cpc_kit_online.pdf,FF-66,F-66,"Forms, Catalogs & Order Blanks",Cooperation with the Professional Community,Carrying the Message,French,Professionals; Workbook / Kit,,158642,154.9 KB,2026-02-10,https://www.aa.org/fr/contenu-de-la-pochette-des-cmp,Contenu de la pochette des C.M.P.,1,aaws.widen.net,ok
361,Cooperation with the Professional Community (CPC) Workbook,https://aaws.widen.net/content/bar0sewvix/pdf/m-41i_cpc_workbook_online.pdf,m-41i_cpc_workbook_online.pdf,M-41I,M-41I,Displays & Wallet Cards,Cooperation with the Professional Community,Carrying the Message,English,Professionals; Workbook / Kit,,320652,313.1 KB,2026-03-10,https://www.aa.org/cooperation-professional-community-cpc-workbook,Cooperation with the Professional Community (CPC) Workbook,1,aaws.widen.net,ok
362,CPC Service Card: Do you know someone with a drinking problem?,https://aaws.widen.net/content/fiyw4lucnv/pdf/service_card_cpc_do_you_know_form_en_online.pdf,service_card_cpc_do_you_know_form_en_online.pdf,,,,Cooperation with the Professional Community,Carrying the Message,English,Professionals; Form / Application,,194653,190.1 KB,2026-02-10,https://www.aa.org/cpc-service-card-do-you-know-someone-drinking-problem,CPC Service Card: Do you know someone with a drinking problem?,2,aaws.widen.net,ok
363,CPC Service Card: Meeting Guide App.,https://aaws.widen.net/content/pdojx6zyr7/pdf/service_card_cpc_meeting_guide_en_online.pdf,service_card_cpc_meeting_guide_en_online.pdf,,,,Cooperation with the Professional Community,Carrying the Message,English,Professionals; Workbook / Kit,,193342,188.8 KB,2026-04-07,https://www.aa.org/cpc-service-card-meeting-guide-app,CPC Service Card: Meeting Guide App.,1,aaws.widen.net,ok
364,Guías de A.A. acerca de Cooperación con la Comunidad Profesional,https://aaws.widen.net/content/dqo3vbvvz2/pdf/smg-11_cpc_online.pdf,smg-11_cpc_online.pdf,SMG-11,MG-11,A.A. Guidelines,Cooperation with the Professional Community,Carrying the Message,Spanish,Professionals,,73552,71.8 KB,2024-02-13,https://www.aa.org/es/guias-de-aa-acerca-de-cooperacion-con-la-comunidad-profesional,Guías de A.A. acerca de Cooperación con la Comunidad Profesional,1,aaws.widen.net,ok
365,Lettre ouverte à professionnels de la santé,https://aaws.widen.net/content/vjsliszz9z/pdf/ff-210_cpc_letter_to_professionals_online.pdf,ff-210_cpc_letter_to_professionals_online.pdf,FF-210,F-210,"Forms, Catalogs & Order Blanks",Cooperation with the Professional Community,Carrying the Message,French,Professionals,,500403,488.7 KB,2026-02-02,https://www.aa.org/fr/lettre-ouverte-professionnels-de-la-sante,Lettre ouverte à professionnels de la santé,1,aaws.widen.net,ok
366,Libro de Trabajo de Cooperación con la Comunidad Profesional,https://aaws.widen.net/content/0lzacjlmug/pdf/sm-41i_cpc_workbook_online.pdf,sm-41i_cpc_workbook_online.pdf,SM-41I,SM-41I,Service Material,Cooperation with the Professional Community,Carrying the Message,Spanish,Professionals; Workbook / Kit,,221408,216.2 KB,2025-10-22,https://www.aa.org/es/libro-de-trabajo-de-cooperacion-con-la-comunidad-profesional,Libro de Trabajo de Cooperación con la Comunidad Profesional,1,aaws.widen.net,ok
367,Ligne de conduite des AA sur les Collaboration avec les milieux professionnels,https://aaws.widen.net/content/vjd9vdu3u0/pdf/fmg-11_cpc_online.pdf,fmg-11_cpc_online.pdf,FMG-11,MG-11,A.A. Guidelines,Cooperation with the Professional Community,Carrying the Message,French,Professionals,,47549,46.4 KB,2026-03-10,https://www.aa.org/fr/ligne-de-conduite-des-aa-sur-les-collaboration-avec-les-milieux-professionnels,Ligne de conduite des AA sur les Collaboration avec les milieux professionnels,1,aaws.widen.net,ok
368,Manuel de la Collaboration avec les milieux professionnels,https://aaws.widen.net/content/oufz91dawq/pdf/fm-41i_cpc_workbook_online.pdf,fm-41i_cpc_workbook_online.pdf,,,,Cooperation with the Professional Community,Carrying the Message,French,Professionals; Workbook / Kit,,156285,152.6 KB,2026-03-10,https://www.aa.org/fr/manuel-de-la-collaboration-avec-les-milieux-professionnels,Manuel de la Collaboration avec les milieux professionnels,1,aaws.widen.net,ok
369,Presentación de CCP: Seamos amables con nuestros amigos,https://aaws.widen.net/content/ea7ptecmtq/pdf/sf-175_cpc_presentation_online.pdf,sf-175_cpc_presentation_online.pdf,SF-175,F-175,"Forms, Catalogs & Order Blanks",Cooperation with the Professional Community,Carrying the Message,Spanish,Professionals,,2801349,2.7 MB,2026-02-10,https://www.aa.org/es/presentacion-de-ccp-seamos-amables-con-nuestros-amigos,Presentación de CCP: Seamos amables con nuestros amigos,2,aaws.widen.net,ok
370,Présentation de la CMP — Collaborons avec nos amis,https://aaws.widen.net/content/lxthgzkius/pdf/ff-175_cpc_presentation_online.pdf,ff-175_cpc_presentation_online.pdf,FF-175,F-175,"Forms, Catalogs & Order Blanks",Cooperation with the Professional Community,Carrying the Message,French,Professionals,,2369579,2.3 MB,2026-02-10,https://www.aa.org/fr/presentation-de-la-cmp-collaborons-avec-nos-amis,Présentation de la CMP — Collaborons avec nos amis,2,aaws.widen.net,ok
371,Tarjeta de servicio de CCP: La aplicación Meeting Guide,https://aaws.widen.net/content/oiq7sfkwdw/pdf/service_card_cpc_meeting_guide_sp_online.pdf,service_card_cpc_meeting_guide_sp_online.pdf,,,,Cooperation with the Professional Community,Carrying the Message,Spanish,Professionals; Workbook / Kit,,199292,194.6 KB,2026-04-07,https://www.aa.org/es/tarjeta-de-servicio-de-ccp-la-aplicacion-meeting-guide,Tarjeta de servicio de CCP: La aplicación Meeting Guide,1,aaws.widen.net,ok
372,Tarjeta de servicio de CCP: ¿Conoce a alguien que tenga un problema con la bebida?,https://aaws.widen.net/content/pttbbqf3ie/pdf/service_card_cpc_do_you_know_form_sp_online.pdf,service_card_cpc_do_you_know_form_sp_online.pdf,,,,Cooperation with the Professional Community,Carrying the Message,Spanish,Professionals; Form / Application,,207249,202.4 KB,2026-02-10,https://www.aa.org/es/tarjeta-de-servicio-de-ccp-conoce-alguien-que-tenga-un-problema-con-la-bebida,Tarjeta de servicio de CCP: ¿Conoce a alguien que tenga un problema con la bebida?,1,aaws.widen.net,ok
373,Trabajo con estudiantes de escuelas profesionales,https://aaws.widen.net/content/w4bme5rmjb/pdf/sf-106_working_students_professional_schools_online.pdf,sf-106_working_students_professional_schools_online.pdf,SF-106,F-106,"Forms, Catalogs & Order Blanks",Cooperation with the Professional Community,Carrying the Message,Spanish,Professionals,,58262,56.9 KB,2026-02-10,https://www.aa.org/es/trabajo-con-estudiantes-de-escuelas-profesionales,Trabajo con estudiantes de escuelas profesionales,1,aaws.widen.net,ok
374,Travailler avec les étudiants,https://aaws.widen.net/content/rzbazoxbew/pdf/ff-106_working_students_professional_schools_online.pdf,ff-106_working_students_professional_schools_online.pdf,FF-106,F-106,"Forms, Catalogs & Order Blanks",Cooperation with the Professional Community,Carrying the Message,French,Professionals,,29606,28.9 KB,2026-02-10,https://www.aa.org/fr/travailler-avec-les-etudiants,Travailler avec les étudiants,1,aaws.widen.net,ok
375,Una carta abierta a profesionales de la salud,https://aaws.widen.net/content/68dwjkkfin/pdf/sf-210_cpc_letter_to_professionals_online.pdf,sf-210_cpc_letter_to_professionals_online.pdf,SF-210,F-210,"Forms, Catalogs & Order Blanks",Cooperation with the Professional Community,Carrying the Message,Spanish,Professionals,,499038,487.3 KB,2026-02-02,https://www.aa.org/es/una-carta-abierta-profesionales-de-la-salud,Una carta abierta a profesionales de la salud,1,aaws.widen.net,ok
376,Working with Students Attending Professional Schools,https://aaws.widen.net/content/ahds10dotu/pdf/f-106_working_students_professional_schools_online.pdf,f-106_working_students_professional_schools_online.pdf,F-106,F-106,"Forms, Catalogs & Order Blanks",Cooperation with the Professional Community,Carrying the Message,English,Professionals,,50306,49.1 KB,2026-02-10,https://www.aa.org/working-students-attending-professional-schools,Working with Students Attending Professional Schools,1,aaws.widen.net,ok
377,A Message to Corrections Professionals...,https://aaws.widen.net/content/vpwdxfhvkl/pdf/p-20_a_message_correction_professionals_online.pdf,p-20_a_message_correction_professionals_online.pdf,P-20,P-20,Pamphlets & Booklets,Corrections,Carrying the Message,English,Corrections; Professionals,,54918,53.6 KB,2026-02-26,https://www.aa.org/message-corrections-professionals,A Message to Corrections Professionals...,1,aaws.widen.net,ok
378,A.A. Corrections Prerelease Contact Information - Inside,https://aaws.widen.net/content/w0kzolb0mk/pdf/f-163_corrections_prerelease_for_aa_inmates_inside_online.pdf,f-163_corrections_prerelease_for_aa_inmates_inside_online.pdf,F-163,F-163,"Forms, Catalogs & Order Blanks",Corrections,Carrying the Message,English,Corrections; Form / Application,,56940,55.6 KB,2025-10-20,https://www.aa.org/aa-corrections-prerelease-contact-information-inside,A.A. Corrections Prerelease Contact Information - Inside,1,aaws.widen.net,ok
379,A.A. Corrections Prerelease Contact Information - Outside,https://aaws.widen.net/content/xufbemq07w/pdf/f-162_corrections_prerelease_for_aa_members_outside_online.pdf,f-162_corrections_prerelease_for_aa_members_outside_online.pdf,F-162,F-162,"Forms, Catalogs & Order Blanks",Corrections,Carrying the Message,English,Corrections; Form / Application,,98798,96.5 KB,2026-03-18,https://www.aa.org/aa-corrections-prerelease-contact-information-outside,A.A. Corrections Prerelease Contact Information - Outside,1,aaws.widen.net,ok
380,A.A. in Correctional Facilities,https://aaws.widen.net/content/2ibku8tcy9/pdf/p-26_aa_in_correctionals_facilities_online.pdf,p-26_aa_in_correctionals_facilities_online.pdf,P-26,P-26,Pamphlets & Booklets,Corrections,Carrying the Message,English,Corrections,,213068,208.1 KB,2026-06-10,https://www.aa.org/aa-correctional-facilities,A.A. in Correctional Facilities,1,aaws.widen.net,ok
381,AA en las instituciones correccionales,https://aaws.widen.net/content/iqb9aopew2/pdf/sp-26_aa_in_correctionals_facilities_online.pdf,sp-26_aa_in_correctionals_facilities_online.pdf,SP-26,P-26,Pamphlets & Booklets,Corrections,Carrying the Message,Spanish,Corrections,,221571,216.4 KB,2025-06-03,https://www.aa.org/es/aa-en-las-instituciones-correccionales,AA en las instituciones correccionales,1,aaws.widen.net,ok
382,Behind the Walls: A Message of Hope,https://aaws.widen.net/content/cslrsdhgw1/pdf/p-9_behind_the_walls_a_message_of_hope_online.pdf,p-9_behind_the_walls_a_message_of_hope_online.pdf,P-9,P-9,Pamphlets & Booklets,Corrections,Carrying the Message,English,,,578299,564.7 KB,2025-10-30,https://www.aa.org/behind-walls-message-hope,Behind the Walls: A Message of Hope,1,aaws.widen.net,ok
383,Carrying the Message into Correctional Facilities,https://aaws.widen.net/content/hldp4cm8zf/pdf/f-5_carrying_message_into_correctional_facilities_online.pdf,f-5_carrying_message_into_correctional_facilities_online.pdf,F-5,F-5,"Forms, Catalogs & Order Blanks",Corrections,Carrying the Message,English,Corrections,,532486,520.0 KB,2025-01-09,https://www.aa.org/carrying-message-correctional-facilities,Carrying the Message into Correctional Facilities,1,aaws.widen.net,ok
384,Compartiendo desde detrás de los muros - Invierno 2008,https://www.aa.org/sites/default/files/newsletters/sf-97_winter_2008.pdf,sf-97_winter_2008.pdf,SF-97,F-97,"Forms, Catalogs & Order Blanks",Corrections,Carrying the Message,Spanish,,2008,526967,514.6 KB,2021-07-13,https://www.aa.org/es/sharing-from-behind-the-walls,Compartiendo desde detrás de los Muros,1,www.aa.org,ok
385,Compartiendo desde detrás de los muros - Invierno 2011,https://www.aa.org/sites/default/files/newsletters/sf-97_winter_2011.pdf,sf-97_winter_2011.pdf,SF-97,F-97,"Forms, Catalogs & Order Blanks",Corrections,Carrying the Message,Spanish,,2011,233626,228.2 KB,2021-07-13,https://www.aa.org/es/sharing-from-behind-the-walls,Compartiendo desde detrás de los Muros,1,www.aa.org,ok
386,Compartiendo desde detrás de los muros - Invierno 2012,https://www.aa.org/sites/default/files/newsletters/sf-97_winter_2012.pdf,sf-97_winter_2012.pdf,SF-97,F-97,"Forms, Catalogs & Order Blanks",Corrections,Carrying the Message,Spanish,,2012,1087806,1.0 MB,2021-07-13,https://www.aa.org/es/sharing-from-behind-the-walls,Compartiendo desde detrás de los Muros,1,www.aa.org,ok
387,Compartiendo desde detrás de los muros - Invierno 2014,https://www.aa.org/sites/default/files/newsletters/sf-97_Winter_2014.pdf,sf-97_Winter_2014.pdf,SF-97,F-97,"Forms, Catalogs & Order Blanks",Corrections,Carrying the Message,Spanish,,2014,341891,333.9 KB,2021-07-13,https://www.aa.org/es/sharing-from-behind-the-walls,Compartiendo desde detrás de los Muros,1,www.aa.org,ok
388,Compartiendo desde detrás de los muros - Invierno 2015,https://www.aa.org/sites/default/files/newsletters/sf-97_Winter_2015.pdf,sf-97_Winter_2015.pdf,SF-97,F-97,"Forms, Catalogs & Order Blanks",Corrections,Carrying the Message,Spanish,,2015,551712,538.8 KB,2021-07-13,https://www.aa.org/es/sharing-from-behind-the-walls,Compartiendo desde detrás de los Muros,1,www.aa.org,ok
389,Compartiendo desde detrás de los muros - Invierno 2016,https://www.aa.org/sites/default/files/newsletters/sf-97_Winter_2016.pdf,sf-97_Winter_2016.pdf,SF-97,F-97,"Forms, Catalogs & Order Blanks",Corrections,Carrying the Message,Spanish,,2016,431155,421.0 KB,2021-07-13,https://www.aa.org/es/sharing-from-behind-the-walls,Compartiendo desde detrás de los Muros,1,www.aa.org,ok
390,Compartiendo desde detrás de los muros - Invierno 2017,https://www.aa.org/sites/default/files/newsletters/sf-97_Winter_2017.pdf,sf-97_Winter_2017.pdf,SF-97,F-97,"Forms, Catalogs & Order Blanks",Corrections,Carrying the Message,Spanish,,2017,114701,112.0 KB,2021-07-13,https://www.aa.org/es/sharing-from-behind-the-walls,Compartiendo desde detrás de los Muros,1,www.aa.org,ok
391,Compartiendo desde detrás de los muros - Invierno 2018,https://www.aa.org/sites/default/files/newsletters/sf-97_Winter_2018.pdf,sf-97_Winter_2018.pdf,SF-97,F-97,"Forms, Catalogs & Order Blanks",Corrections,Carrying the Message,Spanish,,2018,525882,513.6 KB,2021-07-13,https://www.aa.org/es/sharing-from-behind-the-walls,Compartiendo desde detrás de los Muros,1,www.aa.org,ok
392,Compartiendo desde detrás de los muros - Invierno 2019,https://www.aa.org/sites/default/files/newsletters/sf-97_Winter_2019.pdf,sf-97_Winter_2019.pdf,SF-97,F-97,"Forms, Catalogs & Order Blanks",Corrections,Carrying the Message,Spanish,,2019,147295,143.8 KB,2021-07-13,https://www.aa.org/es/sharing-from-behind-the-walls,Compartiendo desde detrás de los Muros,1,www.aa.org,ok
393,Compartiendo Desde Detrás de los Muros - Invierno 2020,https://www.aa.org/sites/default/files/newsletters/sf-97_winter_2020_0.pdf,sf-97_winter_2020_0.pdf,SF-97,F-97,"Forms, Catalogs & Order Blanks",Corrections,Carrying the Message,Spanish,,2020,883891,863.2 KB,2021-08-31,https://www.aa.org/es/sharing-from-behind-the-walls,Compartiendo desde detrás de los Muros,1,www.aa.org,ok
394,Compartiendo Desde Detrás de los Muros - Invierno 2021,https://www.aa.org/sites/default/files/newsletters/SF-97_Winter_2021_0.pdf,SF-97_Winter_2021_0.pdf,SF-97,F-97,"Forms, Catalogs & Order Blanks",Corrections,Carrying the Message,Spanish,,2021,87309,85.3 KB,2022-01-04,https://www.aa.org/es/sharing-from-behind-the-walls,Compartiendo desde detrás de los Muros,1,www.aa.org,ok
395,Compartiendo Desde Detrás De Los Muros - Invierno 2022,https://www.aa.org/sites/default/files/newsletters/SF-97_Winter_2022.pdf,SF-97_Winter_2022.pdf,SF-97,F-97,"Forms, Catalogs & Order Blanks",Corrections,Carrying the Message,Spanish,,2022,257810,251.8 KB,2023-01-19,https://www.aa.org/es/sharing-from-behind-the-walls,Compartiendo desde detrás de los Muros,1,www.aa.org,ok
396,Compartiendo Desde Detrás De Los Muros - Invierno 2023,https://www.aa.org/sites/default/files/newsletters/SF-97_Winter_2023.pdf,SF-97_Winter_2023.pdf,SF-97,F-97,"Forms, Catalogs & Order Blanks",Corrections,Carrying the Message,Spanish,,2023,103813,101.4 KB,2024-03-05,https://www.aa.org/es/sharing-from-behind-the-walls,Compartiendo desde detrás de los Muros,1,www.aa.org,ok
397,Compartiendo Desde Detrás De Los Muros - Invierno 2025,https://www.aa.org/sites/default/files/newsletters/sf-97_winter2025.pdf,sf-97_winter2025.pdf,SF-97,F-97,"Forms, Catalogs & Order Blanks",Corrections,Carrying the Message,Spanish,,2025,87800,85.7 KB,2025-03-11,https://www.aa.org/es/sharing-from-behind-the-walls,Compartiendo desde detrás de los Muros,1,www.aa.org,ok
398,Compartiendo desde detrás de los muros - Otoño 2008,https://www.aa.org/sites/default/files/newsletters/sf-97_fall_2008.pdf,sf-97_fall_2008.pdf,SF-97,F-97,"Forms, Catalogs & Order Blanks",Corrections,Carrying the Message,Spanish,,2008,83870,81.9 KB,2021-07-13,https://www.aa.org/es/sharing-from-behind-the-walls,Compartiendo desde detrás de los Muros,1,www.aa.org,ok
399,Compartiendo desde detrás de los muros - Otoño 2009,https://www.aa.org/sites/default/files/newsletters/sf-97_fall_2009.pdf,sf-97_fall_2009.pdf,SF-97,F-97,"Forms, Catalogs & Order Blanks",Corrections,Carrying the Message,Spanish,,2009,255294,249.3 KB,2021-07-13,https://www.aa.org/es/sharing-from-behind-the-walls,Compartiendo desde detrás de los Muros,1,www.aa.org,ok
400,Compartiendo desde detrás de los muros - Otoño 2010,https://www.aa.org/sites/default/files/newsletters/sf-97_fall_2010.pdf,sf-97_fall_2010.pdf,SF-97,F-97,"Forms, Catalogs & Order Blanks",Corrections,Carrying the Message,Spanish,,2010,120933,118.1 KB,2021-07-13,https://www.aa.org/es/sharing-from-behind-the-walls,Compartiendo desde detrás de los Muros,1,www.aa.org,ok
401,Compartiendo desde detrás de los muros - Otoño 2011,https://www.aa.org/sites/default/files/newsletters/sf-97_fall_2011.pdf,sf-97_fall_2011.pdf,SF-97,F-97,"Forms, Catalogs & Order Blanks",Corrections,Carrying the Message,Spanish,,2011,193993,189.4 KB,2021-07-13,https://www.aa.org/es/sharing-from-behind-the-walls,Compartiendo desde detrás de los Muros,1,www.aa.org,ok
402,Compartiendo desde detrás de los muros - Otoño 2012,https://www.aa.org/sites/default/files/newsletters/sf-97_fall_2012.pdf,sf-97_fall_2012.pdf,SF-97,F-97,"Forms, Catalogs & Order Blanks",Corrections,Carrying the Message,Spanish,,2012,123700,120.8 KB,2021-07-13,https://www.aa.org/es/sharing-from-behind-the-walls,Compartiendo desde detrás de los Muros,1,www.aa.org,ok
403,Compartiendo desde detrás de los muros - Otoño 2013,https://www.aa.org/sites/default/files/newsletters/sf-97_fall_2013.pdf,sf-97_fall_2013.pdf,SF-97,F-97,"Forms, Catalogs & Order Blanks",Corrections,Carrying the Message,Spanish,,2013,69049,67.4 KB,2021-07-13,https://www.aa.org/es/sharing-from-behind-the-walls,Compartiendo desde detrás de los Muros,1,www.aa.org,ok
404,Compartiendo desde detrás de los muros - Otoño 2014,https://www.aa.org/sites/default/files/newsletters/sf-97_fall_2014.pdf,sf-97_fall_2014.pdf,SF-97,F-97,"Forms, Catalogs & Order Blanks",Corrections,Carrying the Message,Spanish,,2014,68399,66.8 KB,2021-07-13,https://www.aa.org/es/sharing-from-behind-the-walls,Compartiendo desde detrás de los Muros,1,www.aa.org,ok
405,Compartiendo desde detrás de los muros - Otoño 2015,https://www.aa.org/sites/default/files/newsletters/sf-97_fall_2015.pdf,sf-97_fall_2015.pdf,SF-97,F-97,"Forms, Catalogs & Order Blanks",Corrections,Carrying the Message,Spanish,,2015,65660,64.1 KB,2021-07-13,https://www.aa.org/es/sharing-from-behind-the-walls,Compartiendo desde detrás de los Muros,1,www.aa.org,ok
406,Compartiendo desde detrás de los muros - Otoño 2016,https://www.aa.org/sites/default/files/newsletters/sf-97_fall_2016.pdf,sf-97_fall_2016.pdf,SF-97,F-97,"Forms, Catalogs & Order Blanks",Corrections,Carrying the Message,Spanish,,2016,331973,324.2 KB,2021-07-13,https://www.aa.org/es/sharing-from-behind-the-walls,Compartiendo desde detrás de los Muros,1,www.aa.org,ok
407,Compartiendo desde detrás de los muros - Otoño 2017,https://www.aa.org/sites/default/files/newsletters/sf-97_fall_2017.pdf,sf-97_fall_2017.pdf,SF-97,F-97,"Forms, Catalogs & Order Blanks",Corrections,Carrying the Message,Spanish,,2017,103418,101.0 KB,2021-07-13,https://www.aa.org/es/sharing-from-behind-the-walls,Compartiendo desde detrás de los Muros,1,www.aa.org,ok
408,Compartiendo desde detrás de los muros - Otoño 2018,https://www.aa.org/sites/default/files/newsletters/sf-97_fall_2018.pdf,sf-97_fall_2018.pdf,SF-97,F-97,"Forms, Catalogs & Order Blanks",Corrections,Carrying the Message,Spanish,,2018,568364,555.0 KB,2021-07-13,https://www.aa.org/es/sharing-from-behind-the-walls,Compartiendo desde detrás de los Muros,1,www.aa.org,ok
409,Compartiendo desde detrás de los muros - Otoño 2019,https://www.aa.org/sites/default/files/newsletters/sf-97_fall_2019.pdf,sf-97_fall_2019.pdf,SF-97,F-97,"Forms, Catalogs & Order Blanks",Corrections,Carrying the Message,Spanish,,2019,111405,108.8 KB,2021-07-13,https://www.aa.org/es/sharing-from-behind-the-walls,Compartiendo desde detrás de los Muros,1,www.aa.org,ok
410,Compartiendo Desde Detrás de los Muros - Otoño 2020,https://www.aa.org/sites/default/files/newsletters/sf-97_fall_2020.pdf,sf-97_fall_2020.pdf,SF-97,F-97,"Forms, Catalogs & Order Blanks",Corrections,Carrying the Message,Spanish,,2020,108433,105.9 KB,2021-07-13,https://www.aa.org/es/sharing-from-behind-the-walls,Compartiendo desde detrás de los Muros,1,www.aa.org,ok
411,Compartiendo Desde Detrás De Los Muros - Otoño 2022,https://www.aa.org/sites/default/files/newsletters/SF-97_Fall_2022.pdf,SF-97_Fall_2022.pdf,SF-97,F-97,"Forms, Catalogs & Order Blanks",Corrections,Carrying the Message,Spanish,,2022,380399,371.5 KB,2022-09-21,https://www.aa.org/es/sharing-from-behind-the-walls,Compartiendo desde detrás de los Muros,1,www.aa.org,ok
412,Compartiendo Desde Detrás De Los Muros - Otoño 2023,https://www.aa.org/sites/default/files/newsletters/sf-97_fall2023.pdf,sf-97_fall2023.pdf,SF-97,F-97,"Forms, Catalogs & Order Blanks",Corrections,Carrying the Message,Spanish,,2023,93025,90.8 KB,2023-12-28,https://www.aa.org/es/sharing-from-behind-the-walls,Compartiendo desde detrás de los Muros,1,www.aa.org,ok
413,Compartiendo Desde Detrás De Los Muros - Otoño 2024,https://www.aa.org/sites/default/files/newsletters/SF-97_fall2024.pdf,SF-97_fall2024.pdf,SF-97,F-97,"Forms, Catalogs & Order Blanks",Corrections,Carrying the Message,Spanish,,2024,84626,82.6 KB,2024-11-15,https://www.aa.org/es/sharing-from-behind-the-walls,Compartiendo desde detrás de los Muros,1,www.aa.org,ok
414,Compartiendo Desde Detrás De Los Muros - Otoño 2025,https://www.aa.org/sites/default/files/newsletters/SF-97_fall2025.pdf,SF-97_fall2025.pdf,SF-97,F-97,"Forms, Catalogs & Order Blanks",Corrections,Carrying the Message,Spanish,,2025,114500,111.8 KB,2025-11-12,https://www.aa.org/es/sharing-from-behind-the-walls,Compartiendo desde detrás de los Muros,1,www.aa.org,ok
415,Compartiendo desde detrás de los muros - Primavera 2008,https://www.aa.org/sites/default/files/newsletters/sf-97_spring_2008.pdf,sf-97_spring_2008.pdf,SF-97,F-97,"Forms, Catalogs & Order Blanks",Corrections,Carrying the Message,Spanish,,2008,64549,63.0 KB,2021-07-13,https://www.aa.org/es/sharing-from-behind-the-walls,Compartiendo desde detrás de los Muros,1,www.aa.org,ok
416,Compartiendo desde detrás de los muros - Primavera 2009,https://www.aa.org/sites/default/files/newsletters/sf-97_spring_2009.pdf,sf-97_spring_2009.pdf,SF-97,F-97,"Forms, Catalogs & Order Blanks",Corrections,Carrying the Message,Spanish,,2009,216187,211.1 KB,2021-07-13,https://www.aa.org/es/sharing-from-behind-the-walls,Compartiendo desde detrás de los Muros,1,www.aa.org,ok
417,Compartiendo desde detrás de los muros - Primavera 2009,https://www.aa.org/sites/default/files/newsletters/sf-97_winter_2009.pdf,sf-97_winter_2009.pdf,SF-97,F-97,"Forms, Catalogs & Order Blanks",Corrections,Carrying the Message,Spanish,,2009,206466,201.6 KB,2021-07-13,https://www.aa.org/es/sharing-from-behind-the-walls,Compartiendo desde detrás de los Muros,1,www.aa.org,ok
418,Compartiendo desde detrás de los muros - Primavera 2010,https://www.aa.org/sites/default/files/newsletters/sf-97_spring_2010.pdf,sf-97_spring_2010.pdf,SF-97,F-97,"Forms, Catalogs & Order Blanks",Corrections,Carrying the Message,Spanish,,2010,125232,122.3 KB,2021-07-13,https://www.aa.org/es/sharing-from-behind-the-walls,Compartiendo desde detrás de los Muros,1,www.aa.org,ok
419,Compartiendo desde detrás de los muros - Primavera 2011,https://www.aa.org/sites/default/files/newsletters/sf-97_spring_2011.pdf,sf-97_spring_2011.pdf,SF-97,F-97,"Forms, Catalogs & Order Blanks",Corrections,Carrying the Message,Spanish,,2011,182264,178.0 KB,2021-07-13,https://www.aa.org/es/sharing-from-behind-the-walls,Compartiendo desde detrás de los Muros,1,www.aa.org,ok
420,Compartiendo desde detrás de los muros - Primavera 2012,https://www.aa.org/sites/default/files/newsletters/sf-97_spring_2012.pdf,sf-97_spring_2012.pdf,SF-97,F-97,"Forms, Catalogs & Order Blanks",Corrections,Carrying the Message,Spanish,,2012,116723,114.0 KB,2021-07-13,https://www.aa.org/es/sharing-from-behind-the-walls,Compartiendo desde detrás de los Muros,1,www.aa.org,ok
421,Compartiendo desde detrás de los muros - Primavera 2013,https://www.aa.org/sites/default/files/newsletters/sf-97_spring_2013.pdf,sf-97_spring_2013.pdf,SF-97,F-97,"Forms, Catalogs & Order Blanks",Corrections,Carrying the Message,Spanish,,2013,70516,68.9 KB,2021-07-13,https://www.aa.org/es/sharing-from-behind-the-walls,Compartiendo desde detrás de los Muros,1,www.aa.org,ok
422,Compartiendo desde detrás de los muros - Primavera 2014,https://www.aa.org/sites/default/files/newsletters/sf-97_spring_2014.pdf,sf-97_spring_2014.pdf,SF-97,F-97,"Forms, Catalogs & Order Blanks",Corrections,Carrying the Message,Spanish,,2014,63661,62.2 KB,2021-07-13,https://www.aa.org/es/sharing-from-behind-the-walls,Compartiendo desde detrás de los Muros,1,www.aa.org,ok
423,Compartiendo desde detrás de los muros - Primavera 2016,https://www.aa.org/sites/default/files/newsletters/sf-97_spring_2016.pdf,sf-97_spring_2016.pdf,SF-97,F-97,"Forms, Catalogs & Order Blanks",Corrections,Carrying the Message,Spanish,,2016,74846,73.1 KB,2021-07-13,https://www.aa.org/es/sharing-from-behind-the-walls,Compartiendo desde detrás de los Muros,1,www.aa.org,ok
424,Compartiendo desde detrás de los muros - Primavera 2017,https://www.aa.org/sites/default/files/newsletters/sf-97_spring_2017.pdf,sf-97_spring_2017.pdf,SF-97,F-97,"Forms, Catalogs & Order Blanks",Corrections,Carrying the Message,Spanish,,2017,82150,80.2 KB,2021-07-13,https://www.aa.org/es/sharing-from-behind-the-walls,Compartiendo desde detrás de los Muros,1,www.aa.org,ok
425,Compartiendo desde detrás de los muros - Primavera 2018,https://www.aa.org/sites/default/files/newsletters/sf-97_spring_2018.pdf,sf-97_spring_2018.pdf,SF-97,F-97,"Forms, Catalogs & Order Blanks",Corrections,Carrying the Message,Spanish,,2018,112023,109.4 KB,2021-07-13,https://www.aa.org/es/sharing-from-behind-the-walls,Compartiendo desde detrás de los Muros,1,www.aa.org,ok
426,Compartiendo Desde Detrás de los Muros - Primavera 2020,https://www.aa.org/sites/default/files/newsletters/sf-97_spring_2020.pdf,sf-97_spring_2020.pdf,SF-97,F-97,"Forms, Catalogs & Order Blanks",Corrections,Carrying the Message,Spanish,,2020,91126,89.0 KB,2021-09-03,https://www.aa.org/es/sharing-from-behind-the-walls,Compartiendo desde detrás de los Muros,1,www.aa.org,ok
427,Compartiendo Desde Detrás de los Muros - Primavera 2021,https://www.aa.org/sites/default/files/newsletters/sf-97_spring_2021_0.pdf,sf-97_spring_2021_0.pdf,SF-97,F-97,"Forms, Catalogs & Order Blanks",Corrections,Carrying the Message,Spanish,,2021,308339,301.1 KB,2021-09-03,https://www.aa.org/es/sharing-from-behind-the-walls,Compartiendo desde detrás de los Muros,1,www.aa.org,ok
428,Compartiendo Desde Detrás De Los Muros - Primavera 2022,https://www.aa.org/sites/default/files/newsletters/SF-97_Spring_2022_SP.pdf,SF-97_Spring_2022_SP.pdf,SF-97,F-97,"Forms, Catalogs & Order Blanks",Corrections,Carrying the Message,Spanish,,2022,324235,316.6 KB,2022-03-31,https://www.aa.org/es/sharing-from-behind-the-walls,Compartiendo desde detrás de los Muros,1,www.aa.org,ok
429,Compartiendo Desde Detrás De Los Muros - Primavera 2023,https://www.aa.org/sites/default/files/newsletters/SF-97_Spring_2023.pdf,SF-97_Spring_2023.pdf,SF-97,F-97,"Forms, Catalogs & Order Blanks",Corrections,Carrying the Message,Spanish,,2023,252992,247.1 KB,2023-03-20,https://www.aa.org/es/sharing-from-behind-the-walls,Compartiendo desde detrás de los Muros,1,www.aa.org,ok
430,Compartiendo Desde Detrás De Los Muros - Primavera 2024,https://www.aa.org/sites/default/files/newsletters/sf-97_spring2024.pdf,sf-97_spring2024.pdf,SF-97,F-97,"Forms, Catalogs & Order Blanks",Corrections,Carrying the Message,Spanish,,2024,105702,103.2 KB,2024-07-16,https://www.aa.org/es/sharing-from-behind-the-walls,Compartiendo desde detrás de los Muros,1,www.aa.org,ok
431,Compartiendo Desde Detrás De Los Muros - Primavera 2026,https://www.aa.org/sites/default/files/newsletters/sf-97_spring2026.pdf,sf-97_spring2026.pdf,SF-97,F-97,"Forms, Catalogs & Order Blanks",Corrections,Carrying the Message,Spanish,,2026,348039,339.9 KB,2026-03-27,https://www.aa.org/es/sharing-from-behind-the-walls,Compartiendo desde detrás de los Muros,1,www.aa.org,ok
432,Compartiendo Desde Detrás De Los Muros - Primavera/Verano 2025,https://www.aa.org/sites/default/files/newsletters/SF-97_spring-summer2025.pdf,SF-97_spring-summer2025.pdf,SF-97,F-97,"Forms, Catalogs & Order Blanks",Corrections,Carrying the Message,Spanish,,2025,95686,93.4 KB,2025-08-04,https://www.aa.org/es/sharing-from-behind-the-walls,Compartiendo desde detrás de los Muros,1,www.aa.org,ok
433,Compartiendo desde detrás de los muros - Verano 2008,https://www.aa.org/sites/default/files/newsletters/sf-97_summer_2008.pdf,sf-97_summer_2008.pdf,SF-97,F-97,"Forms, Catalogs & Order Blanks",Corrections,Carrying the Message,Spanish,,2008,58548,57.2 KB,2021-07-13,https://www.aa.org/es/sharing-from-behind-the-walls,Compartiendo desde detrás de los Muros,1,www.aa.org,ok
434,Compartiendo desde detrás de los muros - Verano 2009,https://www.aa.org/sites/default/files/newsletters/sf-97_summer_2009.pdf,sf-97_summer_2009.pdf,SF-97,F-97,"Forms, Catalogs & Order Blanks",Corrections,Carrying the Message,Spanish,,2009,185382,181.0 KB,2021-07-13,https://www.aa.org/es/sharing-from-behind-the-walls,Compartiendo desde detrás de los Muros,1,www.aa.org,ok
435,Compartiendo desde detrás de los muros - Verano 2010,https://www.aa.org/sites/default/files/newsletters/sf-97_summer_2010.pdf,sf-97_summer_2010.pdf,SF-97,F-97,"Forms, Catalogs & Order Blanks",Corrections,Carrying the Message,Spanish,,2010,226073,220.8 KB,2021-07-13,https://www.aa.org/es/sharing-from-behind-the-walls,Compartiendo desde detrás de los Muros,1,www.aa.org,ok
436,Compartiendo desde detrás de los muros - Verano 2011,https://www.aa.org/sites/default/files/newsletters/sf-97_summer_2011.pdf,sf-97_summer_2011.pdf,SF-97,F-97,"Forms, Catalogs & Order Blanks",Corrections,Carrying the Message,Spanish,,2011,123139,120.3 KB,2021-07-13,https://www.aa.org/es/sharing-from-behind-the-walls,Compartiendo desde detrás de los Muros,1,www.aa.org,ok
437,Compartiendo desde detrás de los muros - Verano 2012,https://www.aa.org/sites/default/files/newsletters/sf-97_summer_2012.pdf,sf-97_summer_2012.pdf,SF-97,F-97,"Forms, Catalogs & Order Blanks",Corrections,Carrying the Message,Spanish,,2012,117477,114.7 KB,2021-07-13,https://www.aa.org/es/sharing-from-behind-the-walls,Compartiendo desde detrás de los Muros,1,www.aa.org,ok
438,Compartiendo desde detrás de los muros - Verano 2013,https://www.aa.org/sites/default/files/newsletters/sf-97_summer_2013.pdf,sf-97_summer_2013.pdf,SF-97,F-97,"Forms, Catalogs & Order Blanks",Corrections,Carrying the Message,Spanish,,2013,199236,194.6 KB,2021-07-13,https://www.aa.org/es/sharing-from-behind-the-walls,Compartiendo desde detrás de los Muros,1,www.aa.org,ok
439,Compartiendo desde detrás de los muros - Verano 2014,https://www.aa.org/sites/default/files/newsletters/sf-97_summer_2014.pdf,sf-97_summer_2014.pdf,SF-97,F-97,"Forms, Catalogs & Order Blanks",Corrections,Carrying the Message,Spanish,,2014,67918,66.3 KB,2021-07-13,https://www.aa.org/es/sharing-from-behind-the-walls,Compartiendo desde detrás de los Muros,1,www.aa.org,ok
440,Compartiendo desde detrás de los muros - Verano 2015,https://www.aa.org/sites/default/files/newsletters/sf-97_spring_2015.pdf,sf-97_spring_2015.pdf,SF-97,F-97,"Forms, Catalogs & Order Blanks",Corrections,Carrying the Message,Spanish,,2015,56782,55.5 KB,2021-07-13,https://www.aa.org/es/sharing-from-behind-the-walls,Compartiendo desde detrás de los Muros,1,www.aa.org,ok
441,Compartiendo desde detrás de los muros - Verano 2015,https://www.aa.org/sites/default/files/newsletters/sf-97_summer_2015.pdf,sf-97_summer_2015.pdf,SF-97,F-97,"Forms, Catalogs & Order Blanks",Corrections,Carrying the Message,Spanish,,2015,66229,64.7 KB,2021-07-13,https://www.aa.org/es/sharing-from-behind-the-walls,Compartiendo desde detrás de los Muros,1,www.aa.org,ok
442,Compartiendo desde detrás de los muros - Verano 2016,https://www.aa.org/sites/default/files/newsletters/sf-97_summer_2016.pdf,sf-97_summer_2016.pdf,SF-97,F-97,"Forms, Catalogs & Order Blanks",Corrections,Carrying the Message,Spanish,,2016,58379,57.0 KB,2021-07-13,https://www.aa.org/es/sharing-from-behind-the-walls,Compartiendo desde detrás de los Muros,1,www.aa.org,ok
443,Compartiendo desde detrás de los muros - Verano 2017,https://www.aa.org/sites/default/files/newsletters/sf-97_summer_2017.pdf,sf-97_summer_2017.pdf,SF-97,F-97,"Forms, Catalogs & Order Blanks",Corrections,Carrying the Message,Spanish,,2017,74111,72.4 KB,2021-07-13,https://www.aa.org/es/sharing-from-behind-the-walls,Compartiendo desde detrás de los Muros,1,www.aa.org,ok
444,Compartiendo desde detrás de los muros - Verano 2018,https://www.aa.org/sites/default/files/newsletters/sf-97_summer_2018.pdf,sf-97_summer_2018.pdf,SF-97,F-97,"Forms, Catalogs & Order Blanks",Corrections,Carrying the Message,Spanish,,2018,145827,142.4 KB,2021-07-13,https://www.aa.org/es/sharing-from-behind-the-walls,Compartiendo desde detrás de los Muros,1,www.aa.org,ok
445,Compartiendo desde detrás de los muros - Verano 2019,https://www.aa.org/sites/default/files/newsletters/sf-97_summer_2019.pdf,sf-97_summer_2019.pdf,SF-97,F-97,"Forms, Catalogs & Order Blanks",Corrections,Carrying the Message,Spanish,,2019,482713,471.4 KB,2021-07-13,https://www.aa.org/es/sharing-from-behind-the-walls,Compartiendo desde detrás de los Muros,1,www.aa.org,ok
446,Compartiendo Desde Detrás de los Muros - Verano 2020,https://www.aa.org/sites/default/files/newsletters/sf-97_summer_2020.pdf,sf-97_summer_2020.pdf,SF-97,F-97,"Forms, Catalogs & Order Blanks",Corrections,Carrying the Message,Spanish,,2020,522361,510.1 KB,2021-07-13,https://www.aa.org/es/sharing-from-behind-the-walls,Compartiendo desde detrás de los Muros,1,www.aa.org,ok
447,Compartiendo Desde Detrás de los Muros - Verano 2021,https://www.aa.org/sites/default/files/newsletters/sf-97_summer_2021.pdf,sf-97_summer_2021.pdf,SF-97,F-97,"Forms, Catalogs & Order Blanks",Corrections,Carrying the Message,Spanish,,2021,93633,91.4 KB,2021-09-03,https://www.aa.org/es/sharing-from-behind-the-walls,Compartiendo desde detrás de los Muros,1,www.aa.org,ok
448,Compartiendo Desde Detrás De Los Muros - Verano 2022,https://www.aa.org/sites/default/files/newsletters/SF-97_Summer_2022.pdf,SF-97_Summer_2022.pdf,SF-97,F-97,"Forms, Catalogs & Order Blanks",Corrections,Carrying the Message,Spanish,,2022,128977,126.0 KB,2022-07-07,https://www.aa.org/es/sharing-from-behind-the-walls,Compartiendo desde detrás de los Muros,1,www.aa.org,ok
449,Compartiendo Desde Detrás De Los Muros - Verano 2023,https://www.aa.org/sites/default/files/newsletters/sf-97_summer2023.pdf,sf-97_summer2023.pdf,SF-97,F-97,"Forms, Catalogs & Order Blanks",Corrections,Carrying the Message,Spanish,,2023,80199,78.3 KB,2023-06-08,https://www.aa.org/es/sharing-from-behind-the-walls,Compartiendo desde detrás de los Muros,1,www.aa.org,ok
450,Compartiendo Desde Detrás De Los Muros - Verano 2026,https://www.aa.org/sites/default/files/newsletters/SF-97_summer2026.pdf,SF-97_summer2026.pdf,SF-97,F-97,"Forms, Catalogs & Order Blanks",Corrections,Carrying the Message,Spanish,,2026,336609,328.7 KB,2026-07-23,https://www.aa.org/es/sharing-from-behind-the-walls,Compartiendo desde detrás de los Muros,1,www.aa.org,ok
451,Contenido del Manual del grupo de AA para los grupos que se reúnen dentro de una institución correccional,https://www.aa.org/sites/default/files/literature/cf-36sp-contents-of-the-aa-group-handbook-that-meet-in-correctional-facilities-sp-2025.pdf,cf-36sp-contents-of-the-aa-group-handbook-that-meet-in-correctional-facilities-sp-2025.pdf,,,,Corrections,Carrying the Message,Spanish,Corrections; Group Service,2025,152263,148.7 KB,2025-09-30,https://www.aa.org/es/instituciones-correccionales-manual-de-grupo,Contenido del Manual del grupo de AA para los grupos que se reúnen dentro de una institución correccional,2,www.aa.org,ok
452,Contenido del Paquete de Correccionales,https://aaws.widen.net/content/ndhsudey9n/pdf/sf-68_corrections_kit_online.pdf,sf-68_corrections_kit_online.pdf,SF-68,F-68,"Forms, Catalogs & Order Blanks",Corrections,Carrying the Message,Spanish,Corrections; Workbook / Kit,,163272,159.4 KB,2026-02-10,https://www.aa.org/es/contenido-del-paquete-de-correccionales,Contenido del Paquete de Correccionales,1,aaws.widen.net,ok
453,Contents of Corrections Committee Kit List,https://aaws.widen.net/content/uhxx9rtu7v/pdf/f-68_corrections_kit_online.pdf,f-68_corrections_kit_online.pdf,F-68,F-68,"Forms, Catalogs & Order Blanks",Corrections,Carrying the Message,English,Corrections; Workbook / Kit,,118428,115.7 KB,2026-02-10,https://www.aa.org/contents-corrections-kit,Contents of Corrections Committee Kit List,2,aaws.widen.net,ok
454,Contents of the A.A. Group Handbook for Groups That Meet in Correctional Facilities,https://www.aa.org/sites/default/files/literature/cf-36-contents-of-the-aa-group-handbook-that-meet-in-correctional-facilities-en-2025.pdf,cf-36-contents-of-the-aa-group-handbook-that-meet-in-correctional-facilities-en-2025.pdf,CF-36,CF-36,Conference & Forum Materials,Corrections,Carrying the Message,English,Corrections; Group Service,2025,135301,132.1 KB,2025-09-30,https://www.aa.org/contents-aa-group-handbook-groups-meet-correctional-facilities,Contents of the A.A. Group Handbook for Groups That Meet in Correctional Facilities,2,www.aa.org,ok
455,Contenu de la pochette du Correctionnel,https://aaws.widen.net/content/ixpjszbzra/pdf/ff-68_corrections_kit_online.pdf,ff-68_corrections_kit_online.pdf,FF-68,F-68,"Forms, Catalogs & Order Blanks",Corrections,Carrying the Message,French,Corrections; Workbook / Kit,,168450,164.5 KB,2026-02-10,https://www.aa.org/fr/contenu-de-la-pochette-du-correctionnel,Contenu de la pochette du Correctionnel,1,aaws.widen.net,ok
456,Corrections Correspondence Service Insider Request Form,https://aaws.widen.net/content/pwy82ehgc7/pdf/f-73_ccs-2_insider_request_form.pdf,f-73_ccs-2_insider_request_form.pdf,F-73,F-73,"Forms, Catalogs & Order Blanks",Corrections,Carrying the Message,English,Corrections; Form / Application,,95800,93.6 KB,2026-03-10,https://www.aa.org/corrections-correspondence-service-insider-request-form,Corrections Correspondence Service Insider Request Form,1,aaws.widen.net,ok
457,Corrections Correspondence — a special kind of A.A. Service,https://aaws.widen.net/content/ypmeikl1c9/pdf/f-26_corrections_correspondence_online.pdf,f-26_corrections_correspondence_online.pdf,F-26,F-26,"Forms, Catalogs & Order Blanks",Corrections,Carrying the Message,English,Corrections,,52688,51.5 KB,2026-03-10,https://www.aa.org/corrections-correspondence-special-kind-aa-service,Corrections Correspondence — a special kind of A.A. Service,2,aaws.widen.net,ok
458,Corrections Workbook,https://aaws.widen.net/content/wac1oxgi48/pdf/m-45i_corrections_workbook_online.pdf,m-45i_corrections_workbook_online.pdf,M-45I,M-45I,Displays & Wallet Cards,Corrections,Carrying the Message,English,Corrections; Workbook / Kit,,2574066,2.5 MB,2026-03-10,https://www.aa.org/corrections-workbook,Corrections Workbook,1,aaws.widen.net,ok
459,Correspondance avec les détenus : une forme particulière de service chez les AA,https://aaws.widen.net/content/bkm5bd8rzt/pdf/ff-26_corrections_correspondence_online.pdf,ff-26_corrections_correspondence_online.pdf,FF-26,F-26,"Forms, Catalogs & Order Blanks",Corrections,Carrying the Message,French,Corrections; Form / Application,,49822,48.7 KB,2026-03-10,https://www.aa.org/fr/correspondance-avec-les-detenus-une-forme-particuliere-de-service-chez-les-aa,Correspondance avec les détenus : une forme particulière de service chez les AA,1,aaws.widen.net,ok
460,Correspondencia de Correccionales: una clase especial de servicio de AA,https://aaws.widen.net/content/z0bk55jizy/pdf/sf-26_corrections_correspondence_online.pdf,sf-26_corrections_correspondence_online.pdf,SF-26,F-26,"Forms, Catalogs & Order Blanks",Corrections,Carrying the Message,Spanish,Corrections,,48623,47.5 KB,2025-10-22,https://www.aa.org/es/correspondencia-de-correccionales-una-clase-especial-de-servicio-de-aa,Correspondencia de Correccionales: una clase especial de servicio de AA,1,aaws.widen.net,ok
461,Derrière les murs : un message d'espoir,https://aaws.widen.net/content/tutr46zqy9/pdf/fp-9_behind_the_walls_a_message_of_hope_online.pdf,fp-9_behind_the_walls_a_message_of_hope_online.pdf,FP-9,P-9,Pamphlets & Booklets,Corrections,Carrying the Message,French,,,650579,635.3 KB,2024-08-28,https://www.aa.org/fr/derriere-les-murs-un-message-despoir,Derrière les murs : un message d'espoir,1,aaws.widen.net,ok
462,Detrás de los muros: un mensaje de esperanza,https://aaws.widen.net/content/aljajmhlgb/pdf/sp-9_behind_the_walls_a_message_of_hope_online.pdf,sp-9_behind_the_walls_a_message_of_hope_online.pdf,SP-9,P-9,Pamphlets & Booklets,Corrections,Carrying the Message,Spanish,,,573028,559.6 KB,2025-04-25,https://www.aa.org/es/detras-de-los-muros-un-mensaje-de-esperanza,Detrás de los muros: un mensaje de esperanza,1,aaws.widen.net,ok
463,F-97 Winter 2022,https://www.aa.org/sites/default/files/newsletters/F-97_Winter_2022.pdf,F-97_Winter_2022.pdf,F-97,F-97,"Forms, Catalogs & Order Blanks",Corrections,Carrying the Message,English,,2022,241436,235.8 KB,2023-01-19,https://www.aa.org/sharing-from-behind-the-walls,Sharing from Behind the Walls,1,www.aa.org,ok
464,Guías de A.A. acerca de Comités de Correccionales,https://aaws.widen.net/content/qs3cvdlw19/pdf/smg-6_corrections_online.pdf,smg-6_corrections_online.pdf,SMG-6,MG-6,A.A. Guidelines,Corrections,Carrying the Message,Spanish,Corrections,,36289,35.4 KB,2025-07-30,https://www.aa.org/es/guias-de-aa-acerca-de-comites-de-correccionales,Guías de A.A. acerca de Comités de Correccionales,1,aaws.widen.net,ok
465,Información de Contactos de AA Previos a la Salida en Libertad de Correccionales,https://aaws.widen.net/content/hq222intzx/pdf/sf-163_corrections_prerelease_for_aa_inmates_inside_online.pdf,sf-163_corrections_prerelease_for_aa_inmates_inside_online.pdf,SF-163,F-163,"Forms, Catalogs & Order Blanks",Corrections,Carrying the Message,Spanish,Corrections; Form / Application,,50349,49.2 KB,2025-04-10,https://www.aa.org/es/informacion-de-contactos-de-aa-previos-la-salida-en-libertad-de-correccionales,Información de Contactos de AA Previos a la Salida en Libertad de Correccionales,2,aaws.widen.net,ok
466,Información sobre Contactos de AA previos a la Salida en Libertad de Correccionales,https://aaws.widen.net/content/awfprtgtrz/pdf/sf-162_corrections_prerelease_for_aa_members_outside_online.pdf,sf-162_corrections_prerelease_for_aa_members_outside_online.pdf,SF-162,F-162,"Forms, Catalogs & Order Blanks",Corrections,Carrying the Message,Spanish,Corrections; Form / Application,,54491,53.2 KB,2025-06-11,https://www.aa.org/es/informacion-sobre-contactos-de-aa-previos-la-salida-en-libertad-de-correccionales,Información sobre Contactos de AA previos a la Salida en Libertad de Correccionales,2,aaws.widen.net,ok
467,Informations de contact avant libération des AA dans les centres correctionnels - L'extérieur,https://aaws.widen.net/content/nsnzwinrt6/pdf/ff-162_corrections_prerelease_for_aa_members_outside_online.pdf,ff-162_corrections_prerelease_for_aa_members_outside_online.pdf,FF-162,F-162,"Forms, Catalogs & Order Blanks",Corrections,Carrying the Message,French,Corrections; Form / Application,,51525,50.3 KB,2026-03-10,https://www.aa.org/fr/informations-contact-avant-liberation-des-aa-dans-les-centres-correctionnels-lexterieur,Informations de contact avant libération des AA dans les centres correctionnels - L'extérieur,2,aaws.widen.net,ok
468,Le programme des AA de contact avant libération dans les centres correctionnels - l’intérieur,https://aaws.widen.net/content/5qluh87u6f/pdf/ff-163_corrections_prerelease_for_aa_inmates_inside_online.pdf,ff-163_corrections_prerelease_for_aa_inmates_inside_online.pdf,FF-163,F-163,"Forms, Catalogs & Order Blanks",Corrections,Carrying the Message,French,Corrections,,79779,77.9 KB,2025-10-21,https://www.aa.org/fr/le-programme-des-aa-de-contact-avant-liberation-dans-les-centres-correctionnels-linterieur,Le programme des AA de contact avant libération dans les centres correctionnels - l’intérieur,2,aaws.widen.net,ok
469,Les AA dans les centres de détention,https://aaws.widen.net/content/fy8eqnjd8j/pdf/fp-26_aa_in_correctionals_facilities_online.pdf,fp-26_aa_in_correctionals_facilities_online.pdf,FP-26,P-26,Pamphlets & Booklets,Corrections,Carrying the Message,French,Corrections,,278862,272.3 KB,2024-01-24,https://www.aa.org/fr/les-aa-dans-les-centres-de-detention,Les AA dans les centres de détention,1,aaws.widen.net,ok
470,Libro de Trabajo de Correccionales,https://aaws.widen.net/content/jwyjpejlyz/pdf/sm-45i_corrections_workbook_online.pdf,sm-45i_corrections_workbook_online.pdf,SM-45I,SM-45I,Service Material,Corrections,Carrying the Message,Spanish,Corrections; Workbook / Kit,,1626731,1.6 MB,2024-12-12,https://www.aa.org/es/libro-de-trabajo-de-correccionales,Libro de Trabajo de Correccionales,2,aaws.widen.net,ok
471,Ligne de conduite des AA sur les Comités correctionnels,https://aaws.widen.net/content/ves3gqhssi/pdf/fmg-6_corrections_online.pdf,fmg-6_corrections_online.pdf,FMG-6,MG-6,A.A. Guidelines,Corrections,Carrying the Message,French,Corrections,,57743,56.4 KB,2026-08-04,https://www.aa.org/fr/ligne-de-conduite-des-aa-sur-les-comites-correctionnels,Ligne de conduite des AA sur les Comités correctionnels,1,aaws.widen.net,ok
472,Lista de literatura disponible en tablets — despacho de Correccionales,https://aaws.widen.net/content/ousyxbvlro/pdf/sf-239_corrections_tablet_literature_list_online.pdf,sf-239_corrections_tablet_literature_list_online.pdf,SF-239,F-239,"Forms, Catalogs & Order Blanks",Corrections,Carrying the Message,Spanish,Corrections,,162976,159.2 KB,2026-02-10,https://www.aa.org/es/lista-de-literatura-disponible-en-tablets-despacho-de-correccionales,Lista de literatura disponible en tablets — despacho de Correccionales,1,aaws.widen.net,ok
473,Liste des publications disponibles sur tablette -bureau du Correctionnel,https://aaws.widen.net/content/upx6s0i8qd/pdf/ff-239_corrections_tablet_literature_list_online.pdf,ff-239_corrections_tablet_literature_list_online.pdf,FF-239,F-239,"Forms, Catalogs & Order Blanks",Corrections,Carrying the Message,French,Corrections,,176496,172.4 KB,2026-02-10,https://www.aa.org/fr/liste-des-publications-disponibles-sur-tablette-bureau-du-correctionnel,Liste des publications disponibles sur tablette -bureau du Correctionnel,1,aaws.widen.net,ok
474,Llevar el mensaje a las instituciones correccionales,https://aaws.widen.net/content/3iyrtpii0y/pdf/sf-5_carrying_message_into_correctional_facilities_online.pdf,sf-5_carrying_message_into_correctional_facilities_online.pdf,SF-5,F-5,"Forms, Catalogs & Order Blanks",Corrections,Carrying the Message,Spanish,Corrections,,525682,513.4 KB,2026-09-02,https://www.aa.org/es/llevar-el-mensaje-las-instituciones-correccionales,Llevar el mensaje a las instituciones correccionales,2,aaws.widen.net,ok
475,Manuel du Correctionnel,https://aaws.widen.net/content/i4htqsfaor/pdf/fm-45i_corrections_workbook_online.pdf,fm-45i_corrections_workbook_online.pdf,,,,Corrections,Carrying the Message,French,Corrections; Workbook / Kit,,3191127,3.0 MB,2026-03-10,https://www.aa.org/fr/manuel-du-correctionnel,Manuel du Correctionnel,2,aaws.widen.net,ok
476,Partages Derrière les murs - Automne 2008,https://www.aa.org/sites/default/files/newsletters/ff-97_fall_2008.pdf,ff-97_fall_2008.pdf,FF-97,F-97,"Forms, Catalogs & Order Blanks",Corrections,Carrying the Message,French,,2008,46357,45.3 KB,2021-07-13,https://www.aa.org/fr/sharing-from-behind-the-walls,Partages derrière les murs,1,www.aa.org,ok
477,Partages Derrière les murs - Automne 2009,https://www.aa.org/sites/default/files/newsletters/ff-97_fall_2009.pdf,ff-97_fall_2009.pdf,FF-97,F-97,"Forms, Catalogs & Order Blanks",Corrections,Carrying the Message,French,,2009,83948,82.0 KB,2021-07-13,https://www.aa.org/fr/sharing-from-behind-the-walls,Partages derrière les murs,1,www.aa.org,ok
478,Partages Derrière les murs - Automne 2010,https://www.aa.org/sites/default/files/newsletters/ff-97_fall_2010.pdf,ff-97_fall_2010.pdf,FF-97,F-97,"Forms, Catalogs & Order Blanks",Corrections,Carrying the Message,French,,2010,174222,170.1 KB,2021-07-13,https://www.aa.org/fr/sharing-from-behind-the-walls,Partages derrière les murs,1,www.aa.org,ok
479,Partages Derrière les murs - Automne 2011,https://www.aa.org/sites/default/files/newsletters/ff-97_fall_2011.pdf,ff-97_fall_2011.pdf,FF-97,F-97,"Forms, Catalogs & Order Blanks",Corrections,Carrying the Message,French,,2011,330299,322.6 KB,2021-07-13,https://www.aa.org/fr/sharing-from-behind-the-walls,Partages derrière les murs,1,www.aa.org,ok
480,Partages Derrière les murs - Automne 2012,https://www.aa.org/sites/default/files/newsletters/ff-97_fall_2012.pdf,ff-97_fall_2012.pdf,FF-97,F-97,"Forms, Catalogs & Order Blanks",Corrections,Carrying the Message,French,,2012,238076,232.5 KB,2021-07-13,https://www.aa.org/fr/sharing-from-behind-the-walls,Partages derrière les murs,1,www.aa.org,ok
481,Partages Derrière les murs - Automne 2013,https://www.aa.org/sites/default/files/newsletters/ff-97_fall_2013.pdf,ff-97_fall_2013.pdf,FF-97,F-97,"Forms, Catalogs & Order Blanks",Corrections,Carrying the Message,French,,2013,53870,52.6 KB,2021-07-13,https://www.aa.org/fr/sharing-from-behind-the-walls,Partages derrière les murs,1,www.aa.org,ok
482,Partages Derrière les murs - Automne 2014,https://www.aa.org/sites/default/files/newsletters/ff-97_fall_2014.pdf,ff-97_fall_2014.pdf,FF-97,F-97,"Forms, Catalogs & Order Blanks",Corrections,Carrying the Message,French,,2014,100483,98.1 KB,2021-07-13,https://www.aa.org/fr/sharing-from-behind-the-walls,Partages derrière les murs,1,www.aa.org,ok
483,Partages Derrière les murs - Automne 2015,https://www.aa.org/sites/default/files/newsletters/ff-97_fall_2015.pdf,ff-97_fall_2015.pdf,FF-97,F-97,"Forms, Catalogs & Order Blanks",Corrections,Carrying the Message,French,,2015,115876,113.2 KB,2021-07-13,https://www.aa.org/fr/sharing-from-behind-the-walls,Partages derrière les murs,1,www.aa.org,ok
484,Partages Derrière les murs - Automne 2016,https://www.aa.org/sites/default/files/newsletters/ff-97_fall_2016.pdf,ff-97_fall_2016.pdf,FF-97,F-97,"Forms, Catalogs & Order Blanks",Corrections,Carrying the Message,French,,2016,327854,320.2 KB,2021-07-13,https://www.aa.org/fr/sharing-from-behind-the-walls,Partages derrière les murs,1,www.aa.org,ok
485,Partages Derrière les murs - Automne 2017,https://www.aa.org/sites/default/files/newsletters/ff-97_fall_2017.pdf,ff-97_fall_2017.pdf,FF-97,F-97,"Forms, Catalogs & Order Blanks",Corrections,Carrying the Message,French,,2017,116146,113.4 KB,2021-07-13,https://www.aa.org/fr/sharing-from-behind-the-walls,Partages derrière les murs,1,www.aa.org,ok
486,Partages Derrière les murs - Automne 2018,https://www.aa.org/sites/default/files/newsletters/ff-97_fall_2018.pdf,ff-97_fall_2018.pdf,FF-97,F-97,"Forms, Catalogs & Order Blanks",Corrections,Carrying the Message,French,,2018,570032,556.7 KB,2021-07-13,https://www.aa.org/fr/sharing-from-behind-the-walls,Partages derrière les murs,1,www.aa.org,ok
487,Partages Derrière les murs - Automne 2019,https://www.aa.org/sites/default/files/newsletters/ff-97_fall_2019.pdf,ff-97_fall_2019.pdf,FF-97,F-97,"Forms, Catalogs & Order Blanks",Corrections,Carrying the Message,French,,2019,126255,123.3 KB,2021-07-13,https://www.aa.org/fr/sharing-from-behind-the-walls,Partages derrière les murs,1,www.aa.org,ok
488,Partages Derrière les murs - Automne 2020,https://www.aa.org/sites/default/files/newsletters/ff-97_fall_2020.pdf,ff-97_fall_2020.pdf,FF-97,F-97,"Forms, Catalogs & Order Blanks",Corrections,Carrying the Message,French,,2020,145299,141.9 KB,2021-07-13,https://www.aa.org/fr/sharing-from-behind-the-walls,Partages derrière les murs,1,www.aa.org,ok
489,Partages Derrière Les Murs - Automne 2022,https://www.aa.org/sites/default/files/newsletters/FF-97_Fall_2022.pdf,FF-97_Fall_2022.pdf,FF-97,F-97,"Forms, Catalogs & Order Blanks",Corrections,Carrying the Message,French,,2022,393249,384.0 KB,2022-09-21,https://www.aa.org/fr/sharing-from-behind-the-walls,Partages derrière les murs,1,www.aa.org,ok
490,Partages Derrière Les Murs - Automne 2023,https://www.aa.org/sites/default/files/newsletters/ff-97_fall2023.pdf,ff-97_fall2023.pdf,FF-97,F-97,"Forms, Catalogs & Order Blanks",Corrections,Carrying the Message,French,,2023,110820,108.2 KB,2023-12-28,https://www.aa.org/fr/sharing-from-behind-the-walls,Partages derrière les murs,1,www.aa.org,ok
491,Partages Derrière Les Murs - Automne 2024,https://www.aa.org/sites/default/files/newsletters/FF-97_fall2024.pdf,FF-97_fall2024.pdf,FF-97,F-97,"Forms, Catalogs & Order Blanks",Corrections,Carrying the Message,French,,2024,106446,104.0 KB,2024-11-15,https://www.aa.org/fr/sharing-from-behind-the-walls,Partages derrière les murs,1,www.aa.org,ok
492,Partages Derrière Les Murs - Automne 2025,https://www.aa.org/sites/default/files/newsletters/FF-97_fall2025.pdf,FF-97_fall2025.pdf,FF-97,F-97,"Forms, Catalogs & Order Blanks",Corrections,Carrying the Message,French,,2025,129767,126.7 KB,2025-11-12,https://www.aa.org/fr/sharing-from-behind-the-walls,Partages derrière les murs,1,www.aa.org,ok
493,Partages Derrière les murs - Hiver 2008,https://www.aa.org/sites/default/files/newsletters/ff-97_winter_2008.pdf,ff-97_winter_2008.pdf,FF-97,F-97,"Forms, Catalogs & Order Blanks",Corrections,Carrying the Message,French,,2008,802500,783.7 KB,2021-07-13,https://www.aa.org/fr/sharing-from-behind-the-walls,Partages derrière les murs,1,www.aa.org,ok
494,Partages Derrière les murs - Hiver 2009,https://www.aa.org/sites/default/files/newsletters/ff-97_winter_2009.pdf,ff-97_winter_2009.pdf,FF-97,F-97,"Forms, Catalogs & Order Blanks",Corrections,Carrying the Message,French,,2009,165673,161.8 KB,2021-07-13,https://www.aa.org/fr/sharing-from-behind-the-walls,Partages derrière les murs,1,www.aa.org,ok
495,Partages Derrière les murs - Hiver 2011,https://www.aa.org/sites/default/files/newsletters/ff-97_winter_2011.pdf,ff-97_winter_2011.pdf,FF-97,F-97,"Forms, Catalogs & Order Blanks",Corrections,Carrying the Message,French,,2011,270928,264.6 KB,2021-07-13,https://www.aa.org/fr/sharing-from-behind-the-walls,Partages derrière les murs,1,www.aa.org,ok
496,Partages Derrière les murs - Hiver 2012,https://www.aa.org/sites/default/files/newsletters/ff-97_winter_2012.pdf,ff-97_winter_2012.pdf,FF-97,F-97,"Forms, Catalogs & Order Blanks",Corrections,Carrying the Message,French,,2012,1183630,1.1 MB,2021-07-13,https://www.aa.org/fr/sharing-from-behind-the-walls,Partages derrière les murs,1,www.aa.org,ok
497,Partages Derrière les murs - Hiver 2014,https://www.aa.org/sites/default/files/newsletters/ff-97_Winter_2014.pdf,ff-97_Winter_2014.pdf,FF-97,F-97,"Forms, Catalogs & Order Blanks",Corrections,Carrying the Message,French,,2014,393517,384.3 KB,2021-07-13,https://www.aa.org/fr/sharing-from-behind-the-walls,Partages derrière les murs,1,www.aa.org,ok
498,Partages Derrière les murs - Hiver 2015,https://www.aa.org/sites/default/files/newsletters/ff-97_Winter_2015.pdf,ff-97_Winter_2015.pdf,FF-97,F-97,"Forms, Catalogs & Order Blanks",Corrections,Carrying the Message,French,,2015,620026,605.5 KB,2021-07-13,https://www.aa.org/fr/sharing-from-behind-the-walls,Partages derrière les murs,1,www.aa.org,ok
499,Partages Derrière les murs - Hiver 2016,https://www.aa.org/sites/default/files/newsletters/ff-97_Winter_2016.pdf,ff-97_Winter_2016.pdf,FF-97,F-97,"Forms, Catalogs & Order Blanks",Corrections,Carrying the Message,French,,2016,434053,423.9 KB,2021-07-13,https://www.aa.org/fr/sharing-from-behind-the-walls,Partages derrière les murs,1,www.aa.org,ok
500,Partages Derrière les murs - Hiver 2017,https://www.aa.org/sites/default/files/newsletters/ff-97_Winter_2017.pdf,ff-97_Winter_2017.pdf,FF-97,F-97,"Forms, Catalogs & Order Blanks",Corrections,Carrying the Message,French,,2017,136660,133.5 KB,2021-07-13,https://www.aa.org/fr/sharing-from-behind-the-walls,Partages derrière les murs,1,www.aa.org,ok
501,Partages Derrière les murs - Hiver 2018,https://www.aa.org/sites/default/files/newsletters/ff-97_Winter_2018.pdf,ff-97_Winter_2018.pdf,FF-97,F-97,"Forms, Catalogs & Order Blanks",Corrections,Carrying the Message,French,,2018,149042,145.5 KB,2021-07-13,https://www.aa.org/fr/sharing-from-behind-the-walls,Partages derrière les murs,1,www.aa.org,ok
502,Partages Derrière les murs - Hiver 2019,https://www.aa.org/sites/default/files/newsletters/ff-97_Winter_2019.pdf,ff-97_Winter_2019.pdf,FF-97,F-97,"Forms, Catalogs & Order Blanks",Corrections,Carrying the Message,French,,2019,159670,155.9 KB,2021-07-13,https://www.aa.org/fr/sharing-from-behind-the-walls,Partages derrière les murs,1,www.aa.org,ok
503,Partages Derrière les murs - Hiver 2020,https://www.aa.org/sites/default/files/newsletters/ff-97_winter_2020.pdf,ff-97_winter_2020.pdf,FF-97,F-97,"Forms, Catalogs & Order Blanks",Corrections,Carrying the Message,French,,2020,886847,866.1 KB,2021-07-13,https://www.aa.org/fr/sharing-from-behind-the-walls,Partages derrière les murs,1,www.aa.org,ok
504,Partages Derrière Les Murs - Hiver 2021,https://www.aa.org/sites/default/files/newsletters/FF-97_Winter_2021_0.pdf,FF-97_Winter_2021_0.pdf,FF-97,F-97,"Forms, Catalogs & Order Blanks",Corrections,Carrying the Message,French,,2021,89860,87.8 KB,2022-01-04,https://www.aa.org/fr/sharing-from-behind-the-walls,Partages derrière les murs,1,www.aa.org,ok
505,Partages Derrière Les Murs - Hiver 2022,https://www.aa.org/sites/default/files/newsletters/FF-97_Winter_2022.pdf,FF-97_Winter_2022.pdf,FF-97,F-97,"Forms, Catalogs & Order Blanks",Corrections,Carrying the Message,French,,2022,294288,287.4 KB,2023-01-19,https://www.aa.org/fr/sharing-from-behind-the-walls,Partages derrière les murs,1,www.aa.org,ok
506,Partages Derrière Les Murs - Hiver 2023,https://www.aa.org/sites/default/files/newsletters/FF-97_Winter_2023.pdf,FF-97_Winter_2023.pdf,FF-97,F-97,"Forms, Catalogs & Order Blanks",Corrections,Carrying the Message,French,,2023,122979,120.1 KB,2024-03-05,https://www.aa.org/fr/sharing-from-behind-the-walls,Partages derrière les murs,1,www.aa.org,ok
507,Partages Derrière Les Murs - Hiver 2025,https://www.aa.org/sites/default/files/newsletters/ff_97_winter2025.pdf,ff_97_winter2025.pdf,FF-97,F-97,"Forms, Catalogs & Order Blanks",Corrections,Carrying the Message,French,,2025,103939,101.5 KB,2025-03-11,https://www.aa.org/fr/sharing-from-behind-the-walls,Partages derrière les murs,1,www.aa.org,ok
508,Partages Derrière les murs - Printemps 2008,https://www.aa.org/sites/default/files/newsletters/ff-97_spring_2008.pdf,ff-97_spring_2008.pdf,FF-97,F-97,"Forms, Catalogs & Order Blanks",Corrections,Carrying the Message,French,,2008,49807,48.6 KB,2021-07-13,https://www.aa.org/fr/sharing-from-behind-the-walls,Partages derrière les murs,1,www.aa.org,ok
509,Partages Derrière les murs - Printemps 2009,https://www.aa.org/sites/default/files/newsletters/ff-97_spring_2009.pdf,ff-97_spring_2009.pdf,FF-97,F-97,"Forms, Catalogs & Order Blanks",Corrections,Carrying the Message,French,,2009,40590,39.6 KB,2021-07-13,https://www.aa.org/fr/sharing-from-behind-the-walls,Partages derrière les murs,1,www.aa.org,ok
510,Partages Derrière les murs - Printemps 2010,https://www.aa.org/sites/default/files/newsletters/ff-97_spring_2010.pdf,ff-97_spring_2010.pdf,FF-97,F-97,"Forms, Catalogs & Order Blanks",Corrections,Carrying the Message,French,,2010,105488,103.0 KB,2021-07-13,https://www.aa.org/fr/sharing-from-behind-the-walls,Partages derrière les murs,1,www.aa.org,ok
511,Partages Derrière les murs - Printemps 2011,https://www.aa.org/sites/default/files/newsletters/ff-97_spring_2011.pdf,ff-97_spring_2011.pdf,FF-97,F-97,"Forms, Catalogs & Order Blanks",Corrections,Carrying the Message,French,,2011,224467,219.2 KB,2021-07-13,https://www.aa.org/fr/sharing-from-behind-the-walls,Partages derrière les murs,1,www.aa.org,ok
512,Partages Derrière les murs - Printemps 2012,https://www.aa.org/sites/default/files/newsletters/ff-97_spring_2012.pdf,ff-97_spring_2012.pdf,FF-97,F-97,"Forms, Catalogs & Order Blanks",Corrections,Carrying the Message,French,,2012,104635,102.2 KB,2021-07-13,https://www.aa.org/fr/sharing-from-behind-the-walls,Partages derrière les murs,1,www.aa.org,ok
513,Partages Derrière les murs - Printemps 2013,https://www.aa.org/sites/default/files/newsletters/ff-97_spring_2013.pdf,ff-97_spring_2013.pdf,FF-97,F-97,"Forms, Catalogs & Order Blanks",Corrections,Carrying the Message,French,,2013,69292,67.7 KB,2021-07-13,https://www.aa.org/fr/sharing-from-behind-the-walls,Partages derrière les murs,1,www.aa.org,ok
514,Partages Derrière les murs - Printemps 2014,https://www.aa.org/sites/default/files/newsletters/ff-97_spring_2014.pdf,ff-97_spring_2014.pdf,FF-97,F-97,"Forms, Catalogs & Order Blanks",Corrections,Carrying the Message,French,,2014,110308,107.7 KB,2021-07-13,https://www.aa.org/fr/sharing-from-behind-the-walls,Partages derrière les murs,1,www.aa.org,ok
515,Partages Derrière les murs - Printemps 2015,https://www.aa.org/sites/default/files/newsletters/ff-97_spring_2015.pdf,ff-97_spring_2015.pdf,FF-97,F-97,"Forms, Catalogs & Order Blanks",Corrections,Carrying the Message,French,,2015,67298,65.7 KB,2021-07-13,https://www.aa.org/fr/sharing-from-behind-the-walls,Partages derrière les murs,1,www.aa.org,ok
516,Partages Derrière les murs - Printemps 2016,https://www.aa.org/sites/default/files/newsletters/ff-97_spring_2016.pdf,ff-97_spring_2016.pdf,FF-97,F-97,"Forms, Catalogs & Order Blanks",Corrections,Carrying the Message,French,,2016,149075,145.6 KB,2021-07-13,https://www.aa.org/fr/sharing-from-behind-the-walls,Partages derrière les murs,1,www.aa.org,ok
517,Partages Derrière les murs - Printemps 2017,https://www.aa.org/sites/default/files/newsletters/ff-97_spring_2017.pdf,ff-97_spring_2017.pdf,FF-97,F-97,"Forms, Catalogs & Order Blanks",Corrections,Carrying the Message,French,,2017,104978,102.5 KB,2021-07-13,https://www.aa.org/fr/sharing-from-behind-the-walls,Partages derrière les murs,1,www.aa.org,ok
518,Partages Derrière les murs - Printemps 2018,https://www.aa.org/sites/default/files/newsletters/ff-97_spring_2018.pdf,ff-97_spring_2018.pdf,FF-97,F-97,"Forms, Catalogs & Order Blanks",Corrections,Carrying the Message,French,,2018,118252,115.5 KB,2021-07-13,https://www.aa.org/fr/sharing-from-behind-the-walls,Partages derrière les murs,1,www.aa.org,ok
519,Partages Derrière les murs - Printemps 2019,https://www.aa.org/sites/default/files/newsletters/ff-97_spring_2019.pdf,ff-97_spring_2019.pdf,FF-97,F-97,"Forms, Catalogs & Order Blanks",Corrections,Carrying the Message,French,,2019,503849,492.0 KB,2021-07-13,https://www.aa.org/fr/sharing-from-behind-the-walls,Partages derrière les murs,1,www.aa.org,ok
520,Partages Derrière les murs - Printemps 2020,https://www.aa.org/sites/default/files/newsletters/ff-97_spring_2020.pdf,ff-97_spring_2020.pdf,FF-97,F-97,"Forms, Catalogs & Order Blanks",Corrections,Carrying the Message,French,,2020,94948,92.7 KB,2021-07-13,https://www.aa.org/fr/sharing-from-behind-the-walls,Partages derrière les murs,1,www.aa.org,ok
521,Partages Derrière les murs - Printemps 2021,https://www.aa.org/sites/default/files/newsletters/ff-97_spring_2021_0.pdf,ff-97_spring_2021_0.pdf,FF-97,F-97,"Forms, Catalogs & Order Blanks",Corrections,Carrying the Message,French,,2021,144533,141.1 KB,2021-09-03,https://www.aa.org/fr/sharing-from-behind-the-walls,Partages derrière les murs,1,www.aa.org,ok
522,Partages Derrière les murs - Printemps 2022,https://www.aa.org/sites/default/files/newsletters/FF-97_Spring_2022_FR.pdf,FF-97_Spring_2022_FR.pdf,FF-97,F-97,"Forms, Catalogs & Order Blanks",Corrections,Carrying the Message,French,,2022,365326,356.8 KB,2022-03-31,https://www.aa.org/fr/sharing-from-behind-the-walls,Partages derrière les murs,1,www.aa.org,ok
523,Partages Derrière les murs - Printemps 2023,https://www.aa.org/sites/default/files/newsletters/FF-97_Spring_2023.pdf,FF-97_Spring_2023.pdf,FF-97,F-97,"Forms, Catalogs & Order Blanks",Corrections,Carrying the Message,French,,2023,291199,284.4 KB,2023-03-20,https://www.aa.org/fr/sharing-from-behind-the-walls,Partages derrière les murs,1,www.aa.org,ok
524,Partages Derrière Les Murs - Printemps 2024,https://www.aa.org/sites/default/files/newsletters/ff-97_spring2024.pdf,ff-97_spring2024.pdf,FF-97,F-97,"Forms, Catalogs & Order Blanks",Corrections,Carrying the Message,French,,2024,124402,121.5 KB,2024-07-16,https://www.aa.org/fr/sharing-from-behind-the-walls,Partages derrière les murs,1,www.aa.org,ok
525,Partages Derrière Les Murs - Printemps 2026,https://www.aa.org/sites/default/files/newsletters/ff-97_spring2026.pdf,ff-97_spring2026.pdf,FF-97,F-97,"Forms, Catalogs & Order Blanks",Corrections,Carrying the Message,French,,2026,339439,331.5 KB,2026-03-27,https://www.aa.org/fr/sharing-from-behind-the-walls,Partages derrière les murs,1,www.aa.org,ok
526,Partages Derrière Les Murs - Printemps/ÉTÉ 2025,https://www.aa.org/sites/default/files/newsletters/FF-97_spring-summer2025.pdf,FF-97_spring-summer2025.pdf,FF-97,F-97,"Forms, Catalogs & Order Blanks",Corrections,Carrying the Message,French,,2025,114686,112.0 KB,2025-08-04,https://www.aa.org/fr/sharing-from-behind-the-walls,Partages derrière les murs,1,www.aa.org,ok
527,Partages Derrière les murs - Éte 2014,https://www.aa.org/sites/default/files/newsletters/ff-97_summer_2014.pdf,ff-97_summer_2014.pdf,FF-97,F-97,"Forms, Catalogs & Order Blanks",Corrections,Carrying the Message,French,,2014,72037,70.3 KB,2021-07-13,https://www.aa.org/fr/sharing-from-behind-the-walls,Partages derrière les murs,1,www.aa.org,ok
528,Partages Derrière les murs - Éte 2016,https://www.aa.org/sites/default/files/newsletters/ff-97_summer_2016.pdf,ff-97_summer_2016.pdf,FF-97,F-97,"Forms, Catalogs & Order Blanks",Corrections,Carrying the Message,French,,2016,64644,63.1 KB,2021-07-13,https://www.aa.org/fr/sharing-from-behind-the-walls,Partages derrière les murs,1,www.aa.org,ok
529,Partages Derrière les murs - Été 2008,https://www.aa.org/sites/default/files/newsletters/ff-97_summer_2008.pdf,ff-97_summer_2008.pdf,FF-97,F-97,"Forms, Catalogs & Order Blanks",Corrections,Carrying the Message,French,,2008,57064,55.7 KB,2021-07-13,https://www.aa.org/fr/sharing-from-behind-the-walls,Partages derrière les murs,1,www.aa.org,ok
530,Partages Derrière les murs - Été 2009,https://www.aa.org/sites/default/files/newsletters/ff-97_summer_2009.pdf,ff-97_summer_2009.pdf,FF-97,F-97,"Forms, Catalogs & Order Blanks",Corrections,Carrying the Message,French,,2009,45908,44.8 KB,2021-07-13,https://www.aa.org/fr/sharing-from-behind-the-walls,Partages derrière les murs,1,www.aa.org,ok
531,Partages Derrière les murs - Été 2011,https://www.aa.org/sites/default/files/newsletters/ff-97_summer_2011.pdf,ff-97_summer_2011.pdf,FF-97,F-97,"Forms, Catalogs & Order Blanks",Corrections,Carrying the Message,French,,2011,232399,227.0 KB,2021-07-13,https://www.aa.org/fr/sharing-from-behind-the-walls,Partages derrière les murs,1,www.aa.org,ok
532,Partages Derrière les murs - Été 2012,https://www.aa.org/sites/default/files/newsletters/ff-97_summer_2012.pdf,ff-97_summer_2012.pdf,FF-97,F-97,"Forms, Catalogs & Order Blanks",Corrections,Carrying the Message,French,,2012,254564,248.6 KB,2021-07-13,https://www.aa.org/fr/sharing-from-behind-the-walls,Partages derrière les murs,1,www.aa.org,ok
533,Partages Derrière les murs - Été 2013,https://www.aa.org/sites/default/files/newsletters/ff-97_summer_2013.pdf,ff-97_summer_2013.pdf,FF-97,F-97,"Forms, Catalogs & Order Blanks",Corrections,Carrying the Message,French,,2013,343766,335.7 KB,2021-07-13,https://www.aa.org/fr/sharing-from-behind-the-walls,Partages derrière les murs,1,www.aa.org,ok
534,Partages Derrière les murs - Été 2015,https://www.aa.org/sites/default/files/newsletters/ff-97_summer_2015.pdf,ff-97_summer_2015.pdf,FF-97,F-97,"Forms, Catalogs & Order Blanks",Corrections,Carrying the Message,French,,2015,120861,118.0 KB,2021-07-13,https://www.aa.org/fr/sharing-from-behind-the-walls,Partages derrière les murs,1,www.aa.org,ok
535,Partages Derrière les murs - Été 2017,https://www.aa.org/sites/default/files/newsletters/ff-97_summer_2017.pdf,ff-97_summer_2017.pdf,FF-97,F-97,"Forms, Catalogs & Order Blanks",Corrections,Carrying the Message,French,,2017,103564,101.1 KB,2021-07-13,https://www.aa.org/fr/sharing-from-behind-the-walls,Partages derrière les murs,1,www.aa.org,ok
536,Partages Derrière les murs - Été 2018,https://www.aa.org/sites/default/files/newsletters/ff-97_summer_2018.pdf,ff-97_summer_2018.pdf,FF-97,F-97,"Forms, Catalogs & Order Blanks",Corrections,Carrying the Message,French,,2018,132246,129.1 KB,2021-07-13,https://www.aa.org/fr/sharing-from-behind-the-walls,Partages derrière les murs,1,www.aa.org,ok
537,Partages Derrière les murs - Été 2019,https://www.aa.org/sites/default/files/newsletters/ff-97_summer_2019.pdf,ff-97_summer_2019.pdf,FF-97,F-97,"Forms, Catalogs & Order Blanks",Corrections,Carrying the Message,French,,2019,486767,475.4 KB,2021-07-13,https://www.aa.org/fr/sharing-from-behind-the-walls,Partages derrière les murs,1,www.aa.org,ok
538,Partages Derrière les murs - Été 2020,https://www.aa.org/sites/default/files/newsletters/ff-97_summer_2020.pdf,ff-97_summer_2020.pdf,FF-97,F-97,"Forms, Catalogs & Order Blanks",Corrections,Carrying the Message,French,,2020,506798,494.9 KB,2021-07-13,https://www.aa.org/fr/sharing-from-behind-the-walls,Partages derrière les murs,1,www.aa.org,ok
539,Partages Derrière les murs - Été 2021,https://www.aa.org/sites/default/files/newsletters/ff-97_summer_2021.pdf,ff-97_summer_2021.pdf,FF-97,F-97,"Forms, Catalogs & Order Blanks",Corrections,Carrying the Message,French,,2021,96432,94.2 KB,2021-09-03,https://www.aa.org/fr/sharing-from-behind-the-walls,Partages derrière les murs,1,www.aa.org,ok
540,Partages Derrière Les Murs - Été 2022,https://www.aa.org/sites/default/files/newsletters/FF-97_Summer_2022.pdf,FF-97_Summer_2022.pdf,FF-97,F-97,"Forms, Catalogs & Order Blanks",Corrections,Carrying the Message,French,,2022,134865,131.7 KB,2022-07-07,https://www.aa.org/fr/sharing-from-behind-the-walls,Partages derrière les murs,1,www.aa.org,ok
541,Partages Derrière Les Murs - Été 2023,https://www.aa.org/sites/default/files/newsletters/ff-97_summer2023.pdf,ff-97_summer2023.pdf,FF-97,F-97,"Forms, Catalogs & Order Blanks",Corrections,Carrying the Message,French,,2023,99062,96.7 KB,2023-06-08,https://www.aa.org/fr/sharing-from-behind-the-walls,Partages derrière les murs,1,www.aa.org,ok
542,Sharing From Behind the Walls - Fall 2008,https://www.aa.org/sites/default/files/newsletters/f-97_fall_2008.pdf,f-97_fall_2008.pdf,F-97,F-97,"Forms, Catalogs & Order Blanks",Corrections,Carrying the Message,English,,2008,103470,101.0 KB,2021-07-13,https://www.aa.org/sharing-from-behind-the-walls,Sharing from Behind the Walls,1,www.aa.org,ok
543,Sharing From Behind the Walls - Fall 2009,https://www.aa.org/sites/default/files/newsletters/f-97_fall_2009.pdf,f-97_fall_2009.pdf,F-97,F-97,"Forms, Catalogs & Order Blanks",Corrections,Carrying the Message,English,,2009,278218,271.7 KB,2021-07-13,https://www.aa.org/sharing-from-behind-the-walls,Sharing from Behind the Walls,1,www.aa.org,ok
544,Sharing From Behind the Walls - Fall 2010,https://www.aa.org/sites/default/files/newsletters/f-97_fall_2010.pdf,f-97_fall_2010.pdf,F-97,F-97,"Forms, Catalogs & Order Blanks",Corrections,Carrying the Message,English,,2010,120485,117.7 KB,2021-07-13,https://www.aa.org/sharing-from-behind-the-walls,Sharing from Behind the Walls,1,www.aa.org,ok
545,Sharing From Behind the Walls - Fall 2011,https://www.aa.org/sites/default/files/newsletters/f-97_fall_2011.pdf,f-97_fall_2011.pdf,F-97,F-97,"Forms, Catalogs & Order Blanks",Corrections,Carrying the Message,English,,2011,112942,110.3 KB,2021-07-13,https://www.aa.org/sharing-from-behind-the-walls,Sharing from Behind the Walls,1,www.aa.org,ok
546,Sharing From Behind the Walls - Fall 2012,https://www.aa.org/sites/default/files/newsletters/f-97_fall_2012.pdf,f-97_fall_2012.pdf,F-97,F-97,"Forms, Catalogs & Order Blanks",Corrections,Carrying the Message,English,,2012,110783,108.2 KB,2021-07-13,https://www.aa.org/sharing-from-behind-the-walls,Sharing from Behind the Walls,1,www.aa.org,ok
547,Sharing From Behind the Walls - Fall 2013,https://www.aa.org/sites/default/files/newsletters/f-97_fall_2013.pdf,f-97_fall_2013.pdf,F-97,F-97,"Forms, Catalogs & Order Blanks",Corrections,Carrying the Message,English,,2013,61007,59.6 KB,2021-07-13,https://www.aa.org/sharing-from-behind-the-walls,Sharing from Behind the Walls,1,www.aa.org,ok
548,Sharing From Behind the Walls - Fall 2014,https://www.aa.org/sites/default/files/newsletters/f-97_fall_2014.pdf,f-97_fall_2014.pdf,F-97,F-97,"Forms, Catalogs & Order Blanks",Corrections,Carrying the Message,English,,2014,66796,65.2 KB,2021-07-13,https://www.aa.org/sharing-from-behind-the-walls,Sharing from Behind the Walls,1,www.aa.org,ok
549,Sharing From Behind the Walls - Fall 2015,https://www.aa.org/sites/default/files/newsletters/f-97_fall_2015.pdf,f-97_fall_2015.pdf,F-97,F-97,"Forms, Catalogs & Order Blanks",Corrections,Carrying the Message,English,,2015,83643,81.7 KB,2021-07-13,https://www.aa.org/sharing-from-behind-the-walls,Sharing from Behind the Walls,1,www.aa.org,ok
550,Sharing From Behind the Walls - Fall 2016,https://www.aa.org/sites/default/files/newsletters/f-97_fall_2016.pdf,f-97_fall_2016.pdf,F-97,F-97,"Forms, Catalogs & Order Blanks",Corrections,Carrying the Message,English,,2016,312514,305.2 KB,2021-07-13,https://www.aa.org/sharing-from-behind-the-walls,Sharing from Behind the Walls,1,www.aa.org,ok
551,Sharing from Behind the Walls - Fall 2017,https://www.aa.org/sites/default/files/newsletters/f-97_fall_2017.pdf,f-97_fall_2017.pdf,F-97,F-97,"Forms, Catalogs & Order Blanks",Corrections,Carrying the Message,English,,2017,102488,100.1 KB,2021-07-13,https://www.aa.org/sharing-from-behind-the-walls,Sharing from Behind the Walls,1,www.aa.org,ok
552,Sharing from Behind the Walls - Fall 2018,https://www.aa.org/sites/default/files/newsletters/f-97_fall_2018.pdf,f-97_fall_2018.pdf,F-97,F-97,"Forms, Catalogs & Order Blanks",Corrections,Carrying the Message,English,,2018,562268,549.1 KB,2021-07-13,https://www.aa.org/sharing-from-behind-the-walls,Sharing from Behind the Walls,1,www.aa.org,ok
553,Sharing from Behind the Walls - Fall 2019,https://www.aa.org/sites/default/files/newsletters/f-97_fall_2019.pdf,f-97_fall_2019.pdf,F-97,F-97,"Forms, Catalogs & Order Blanks",Corrections,Carrying the Message,English,,2019,105916,103.4 KB,2021-07-13,https://www.aa.org/sharing-from-behind-the-walls,Sharing from Behind the Walls,1,www.aa.org,ok
554,Sharing from Behind the Walls - Fall 2020,https://www.aa.org/sites/default/files/newsletters/f-97_fall_2020.pdf,f-97_fall_2020.pdf,F-97,F-97,"Forms, Catalogs & Order Blanks",Corrections,Carrying the Message,English,,2020,119694,116.9 KB,2021-07-13,https://www.aa.org/sharing-from-behind-the-walls,Sharing from Behind the Walls,1,www.aa.org,ok
555,Sharing from Behind the Walls - Fall 2022,https://www.aa.org/sites/default/files/newsletters/F-97_Fall_2022.pdf,F-97_Fall_2022.pdf,F-97,F-97,"Forms, Catalogs & Order Blanks",Corrections,Carrying the Message,English,,2022,346077,338.0 KB,2022-09-21,https://www.aa.org/sharing-from-behind-the-walls,Sharing from Behind the Walls,1,www.aa.org,ok
556,Sharing from Behind the Walls - Fall 2023,https://www.aa.org/sites/default/files/newsletters/F-97_Fall_2023.pdf,F-97_Fall_2023.pdf,F-97,F-97,"Forms, Catalogs & Order Blanks",Corrections,Carrying the Message,English,,2023,87349,85.3 KB,2024-01-16,https://www.aa.org/sharing-from-behind-the-walls,Sharing from Behind the Walls,1,www.aa.org,ok
557,Sharing From Behind the Walls - Fall 2024,https://www.aa.org/sites/default/files/newsletters/F-97_fall2024.pdf,F-97_fall2024.pdf,F-97,F-97,"Forms, Catalogs & Order Blanks",Corrections,Carrying the Message,English,,2024,79229,77.4 KB,2024-11-15,https://www.aa.org/sharing-from-behind-the-walls,Sharing from Behind the Walls,1,www.aa.org,ok
558,Sharing From Behind the Walls - Fall 2025,https://www.aa.org/sites/default/files/newsletters/F-97_fall2025.pdf,F-97_fall2025.pdf,F-97,F-97,"Forms, Catalogs & Order Blanks",Corrections,Carrying the Message,English,,2025,104246,101.8 KB,2025-11-12,https://www.aa.org/sharing-from-behind-the-walls,Sharing from Behind the Walls,1,www.aa.org,ok
559,Sharing From Behind the Walls - Spring 2008,https://www.aa.org/sites/default/files/newsletters/f-97_spring_2008.pdf,f-97_spring_2008.pdf,F-97,F-97,"Forms, Catalogs & Order Blanks",Corrections,Carrying the Message,English,,2008,77032,75.2 KB,2021-07-13,https://www.aa.org/sharing-from-behind-the-walls,Sharing from Behind the Walls,1,www.aa.org,ok
560,Sharing From Behind the Walls - Spring 2009,https://www.aa.org/sites/default/files/newsletters/f-97_spring_2009.pdf,f-97_spring_2009.pdf,F-97,F-97,"Forms, Catalogs & Order Blanks",Corrections,Carrying the Message,English,,2009,117435,114.7 KB,2021-07-13,https://www.aa.org/sharing-from-behind-the-walls,Sharing from Behind the Walls,1,www.aa.org,ok
561,Sharing From Behind the Walls - Spring 2010,https://www.aa.org/sites/default/files/newsletters/f-97_spring_2010.pdf,f-97_spring_2010.pdf,F-97,F-97,"Forms, Catalogs & Order Blanks",Corrections,Carrying the Message,English,,2010,64772,63.3 KB,2021-07-13,https://www.aa.org/sharing-from-behind-the-walls,Sharing from Behind the Walls,1,www.aa.org,ok
562,Sharing From Behind the Walls - Spring 2011,https://www.aa.org/sites/default/files/newsletters/f-97_spring_2011.pdf,f-97_spring_2011.pdf,F-97,F-97,"Forms, Catalogs & Order Blanks",Corrections,Carrying the Message,English,,2011,389673,380.5 KB,2021-07-13,https://www.aa.org/sharing-from-behind-the-walls,Sharing from Behind the Walls,1,www.aa.org,ok
563,Sharing From Behind the Walls - Spring 2012,https://www.aa.org/sites/default/files/newsletters/f-97_spring_2012.pdf,f-97_spring_2012.pdf,F-97,F-97,"Forms, Catalogs & Order Blanks",Corrections,Carrying the Message,English,,2012,115561,112.9 KB,2021-07-13,https://www.aa.org/sharing-from-behind-the-walls,Sharing from Behind the Walls,1,www.aa.org,ok
564,Sharing From Behind the Walls - Spring 2013,https://www.aa.org/sites/default/files/newsletters/f-97_spring_2013.pdf,f-97_spring_2013.pdf,F-97,F-97,"Forms, Catalogs & Order Blanks",Corrections,Carrying the Message,English,,2013,70821,69.2 KB,2021-07-13,https://www.aa.org/sharing-from-behind-the-walls,Sharing from Behind the Walls,1,www.aa.org,ok
565,Sharing From Behind the Walls - Spring 2014,https://www.aa.org/sites/default/files/newsletters/f-97_spring_2014.pdf,f-97_spring_2014.pdf,F-97,F-97,"Forms, Catalogs & Order Blanks",Corrections,Carrying the Message,English,,2014,65420,63.9 KB,2021-07-13,https://www.aa.org/sharing-from-behind-the-walls,Sharing from Behind the Walls,1,www.aa.org,ok
566,Sharing From Behind the Walls - Spring 2015,https://www.aa.org/sites/default/files/newsletters/f-97_spring_2015.pdf,f-97_spring_2015.pdf,F-97,F-97,"Forms, Catalogs & Order Blanks",Corrections,Carrying the Message,English,,2015,57521,56.2 KB,2021-07-13,https://www.aa.org/sharing-from-behind-the-walls,Sharing from Behind the Walls,1,www.aa.org,ok
567,Sharing From Behind the Walls - Spring 2016,https://www.aa.org/sites/default/files/newsletters/f-97_spring_2016.pdf,f-97_spring_2016.pdf,F-97,F-97,"Forms, Catalogs & Order Blanks",Corrections,Carrying the Message,English,,2016,65752,64.2 KB,2021-07-13,https://www.aa.org/sharing-from-behind-the-walls,Sharing from Behind the Walls,1,www.aa.org,ok
568,Sharing from Behind the Walls - Spring 2017,https://www.aa.org/sites/default/files/newsletters/f-97_spring_2017.pdf,f-97_spring_2017.pdf,F-97,F-97,"Forms, Catalogs & Order Blanks",Corrections,Carrying the Message,English,,2017,72921,71.2 KB,2021-07-13,https://www.aa.org/sharing-from-behind-the-walls,Sharing from Behind the Walls,1,www.aa.org,ok
569,Sharing from Behind the Walls - Spring 2018,https://www.aa.org/sites/default/files/newsletters/f-97_spring_2018.pdf,f-97_spring_2018.pdf,F-97,F-97,"Forms, Catalogs & Order Blanks",Corrections,Carrying the Message,English,,2018,142262,138.9 KB,2021-07-13,https://www.aa.org/sharing-from-behind-the-walls,Sharing from Behind the Walls,1,www.aa.org,ok
570,Sharing from Behind the Walls - Spring 2019,https://www.aa.org/sites/default/files/newsletters/f-97_spring_2019.pdf,f-97_spring_2019.pdf,F-97,F-97,"Forms, Catalogs & Order Blanks",Corrections,Carrying the Message,English,,2019,493338,481.8 KB,2021-07-13,https://www.aa.org/sharing-from-behind-the-walls,Sharing from Behind the Walls,2,www.aa.org,ok
571,Sharing from Behind the Walls - Spring 2020,https://www.aa.org/sites/default/files/newsletters/f-97_spring_2020.pdf,f-97_spring_2020.pdf,F-97,F-97,"Forms, Catalogs & Order Blanks",Corrections,Carrying the Message,English,,2020,89427,87.3 KB,2021-07-13,https://www.aa.org/sharing-from-behind-the-walls,Sharing from Behind the Walls,1,www.aa.org,ok
572,Sharing from Behind the Walls - Spring 2021,https://www.aa.org/sites/default/files/newsletters/f-97_spring_2021_1.pdf,f-97_spring_2021_1.pdf,F-97,F-97,"Forms, Catalogs & Order Blanks",Corrections,Carrying the Message,English,,2021,138938,135.7 KB,2021-09-03,https://www.aa.org/sharing-from-behind-the-walls,Sharing from Behind the Walls,1,www.aa.org,ok
573,Sharing from Behind the Walls - Spring 2022,https://www.aa.org/sites/default/files/newsletters/F-97_Spring_2022_EN.pdf,F-97_Spring_2022_EN.pdf,F-97,F-97,"Forms, Catalogs & Order Blanks",Corrections,Carrying the Message,English,,2022,323849,316.3 KB,2022-03-31,https://www.aa.org/sharing-from-behind-the-walls,Sharing from Behind the Walls,1,www.aa.org,ok
574,Sharing from Behind the Walls - Spring 2023,https://www.aa.org/sites/default/files/newsletters/F-97_Spring_2023.pdf,F-97_Spring_2023.pdf,F-97,F-97,"Forms, Catalogs & Order Blanks",Corrections,Carrying the Message,English,,2023,91559,89.4 KB,2023-03-20,https://www.aa.org/sharing-from-behind-the-walls,Sharing from Behind the Walls,1,www.aa.org,ok
575,Sharing From Behind the Walls - Spring 2024,https://www.aa.org/sites/default/files/newsletters/f-97_spring2024.pdf,f-97_spring2024.pdf,F-97,F-97,"Forms, Catalogs & Order Blanks",Corrections,Carrying the Message,English,,2024,106526,104.0 KB,2024-07-16,https://www.aa.org/sharing-from-behind-the-walls,Sharing from Behind the Walls,1,www.aa.org,ok
576,Sharing From Behind the Walls - Spring 2026,https://www.aa.org/sites/default/files/newsletters/f-97_spring2026.pdf,f-97_spring2026.pdf,F-97,F-97,"Forms, Catalogs & Order Blanks",Corrections,Carrying the Message,English,,2026,351725,343.5 KB,2026-03-27,https://www.aa.org/sharing-from-behind-the-walls,Sharing from Behind the Walls,1,www.aa.org,ok
577,Sharing From Behind the Walls - Spring/Summer 2025,https://www.aa.org/sites/default/files/newsletters/F-97_spring-summer2025.pdf,F-97_spring-summer2025.pdf,F-97,F-97,"Forms, Catalogs & Order Blanks",Corrections,Carrying the Message,English,,2025,88342,86.3 KB,2025-08-04,https://www.aa.org/sharing-from-behind-the-walls,Sharing from Behind the Walls,1,www.aa.org,ok
578,Sharing From Behind the Walls - Summer 2008,https://www.aa.org/sites/default/files/newsletters/f-97_summer_2008.pdf,f-97_summer_2008.pdf,F-97,F-97,"Forms, Catalogs & Order Blanks",Corrections,Carrying the Message,English,,2008,76776,75.0 KB,2021-07-13,https://www.aa.org/sharing-from-behind-the-walls,Sharing from Behind the Walls,1,www.aa.org,ok
579,Sharing From Behind the Walls - Summer 2009,https://www.aa.org/sites/default/files/newsletters/f-97_summer_2009.pdf,f-97_summer_2009.pdf,F-97,F-97,"Forms, Catalogs & Order Blanks",Corrections,Carrying the Message,English,,2009,104684,102.2 KB,2021-07-13,https://www.aa.org/sharing-from-behind-the-walls,Sharing from Behind the Walls,1,www.aa.org,ok
580,Sharing From Behind the Walls - Summer 2010,https://www.aa.org/sites/default/files/newsletters/f-97_summer_2010.pdf,f-97_summer_2010.pdf,F-97,F-97,"Forms, Catalogs & Order Blanks",Corrections,Carrying the Message,English,,2010,104856,102.4 KB,2021-07-13,https://www.aa.org/sharing-from-behind-the-walls,Sharing from Behind the Walls,2,www.aa.org,ok
581,Sharing From Behind the Walls - Summer 2011,https://www.aa.org/sites/default/files/newsletters/f-97_summer_2011.pdf,f-97_summer_2011.pdf,F-97,F-97,"Forms, Catalogs & Order Blanks",Corrections,Carrying the Message,English,,2011,138532,135.3 KB,2021-07-13,https://www.aa.org/sharing-from-behind-the-walls,Sharing from Behind the Walls,1,www.aa.org,ok
582,Sharing From Behind the Walls - Summer 2012,https://www.aa.org/sites/default/files/newsletters/f-97_summer_2012.pdf,f-97_summer_2012.pdf,F-97,F-97,"Forms, Catalogs & Order Blanks",Corrections,Carrying the Message,English,,2012,114591,111.9 KB,2021-07-13,https://www.aa.org/sharing-from-behind-the-walls,Sharing from Behind the Walls,1,www.aa.org,ok
583,Sharing From Behind the Walls - Summer 2013,https://www.aa.org/sites/default/files/newsletters/f-97_summer_2013.pdf,f-97_summer_2013.pdf,F-97,F-97,"Forms, Catalogs & Order Blanks",Corrections,Carrying the Message,English,,2013,196533,191.9 KB,2021-07-13,https://www.aa.org/sharing-from-behind-the-walls,Sharing from Behind the Walls,1,www.aa.org,ok
584,Sharing From Behind the Walls - Summer 2014,https://www.aa.org/sites/default/files/newsletters/f-97_summer_2014.pdf,f-97_summer_2014.pdf,F-97,F-97,"Forms, Catalogs & Order Blanks",Corrections,Carrying the Message,English,,2014,75406,73.6 KB,2021-07-13,https://www.aa.org/sharing-from-behind-the-walls,Sharing from Behind the Walls,1,www.aa.org,ok
585,Sharing From Behind the Walls - Summer 2015,https://www.aa.org/sites/default/files/newsletters/f-97_summer_2015.pdf,f-97_summer_2015.pdf,F-97,F-97,"Forms, Catalogs & Order Blanks",Corrections,Carrying the Message,English,,2015,70485,68.8 KB,2021-07-13,https://www.aa.org/sharing-from-behind-the-walls,Sharing from Behind the Walls,1,www.aa.org,ok
586,Sharing From Behind the Walls - Summer 2016,https://www.aa.org/sites/default/files/newsletters/f-97_summer_2016.pdf,f-97_summer_2016.pdf,F-97,F-97,"Forms, Catalogs & Order Blanks",Corrections,Carrying the Message,English,,2016,70499,68.8 KB,2021-07-13,https://www.aa.org/sharing-from-behind-the-walls,Sharing from Behind the Walls,1,www.aa.org,ok
587,Sharing from Behind the Walls - Summer 2017,https://www.aa.org/sites/default/files/newsletters/f-97_summer_2017.pdf,f-97_summer_2017.pdf,F-97,F-97,"Forms, Catalogs & Order Blanks",Corrections,Carrying the Message,English,,2017,71464,69.8 KB,2021-07-13,https://www.aa.org/sharing-from-behind-the-walls,Sharing from Behind the Walls,1,www.aa.org,ok
588,Sharing from Behind the Walls - Summer 2018,https://www.aa.org/sites/default/files/newsletters/f-97_summer_2018.pdf,f-97_summer_2018.pdf,F-97,F-97,"Forms, Catalogs & Order Blanks",Corrections,Carrying the Message,English,,2018,124595,121.7 KB,2021-07-13,https://www.aa.org/sharing-from-behind-the-walls,Sharing from Behind the Walls,1,www.aa.org,ok
589,Sharing from Behind the Walls - Summer 2019,https://www.aa.org/sites/default/files/newsletters/f-97_summer_2019.pdf,f-97_summer_2019.pdf,F-97,F-97,"Forms, Catalogs & Order Blanks",Corrections,Carrying the Message,English,,2019,476956,465.8 KB,2021-07-13,https://www.aa.org/sharing-from-behind-the-walls,Sharing from Behind the Walls,1,www.aa.org,ok
590,Sharing from Behind the Walls - Summer 2020,https://www.aa.org/sites/default/files/newsletters/f-97_summer_2020.pdf,f-97_summer_2020.pdf,F-97,F-97,"Forms, Catalogs & Order Blanks",Corrections,Carrying the Message,English,,2020,141902,138.6 KB,2021-07-13,https://www.aa.org/sharing-from-behind-the-walls,Sharing from Behind the Walls,1,www.aa.org,ok
591,Sharing from Behind the Walls - Summer 2021,https://www.aa.org/sites/default/files/newsletters/f-97_summer_2021.pdf,f-97_summer_2021.pdf,F-97,F-97,"Forms, Catalogs & Order Blanks",Corrections,Carrying the Message,English,,2021,90970,88.8 KB,2021-11-08,https://www.aa.org/sharing-from-behind-the-walls,Sharing from Behind the Walls,1,www.aa.org,ok
592,Sharing from Behind the Walls - Summer 2022,https://www.aa.org/sites/default/files/newsletters/F-97_Summer_2022.pdf,F-97_Summer_2022.pdf,F-97,F-97,"Forms, Catalogs & Order Blanks",Corrections,Carrying the Message,English,,2022,125300,122.4 KB,2022-07-07,https://www.aa.org/sharing-from-behind-the-walls,Sharing from Behind the Walls,1,www.aa.org,ok
593,Sharing from Behind the Walls - Summer 2023,https://www.aa.org/sites/default/files/newsletters/f-97_summer2023.pdf,f-97_summer2023.pdf,F-97,F-97,"Forms, Catalogs & Order Blanks",Corrections,Carrying the Message,English,,2023,82297,80.4 KB,2023-06-08,https://www.aa.org/sharing-from-behind-the-walls,Sharing from Behind the Walls,1,www.aa.org,ok
594,Sharing From Behind the Walls - Summer 2026,https://www.aa.org/sites/default/files/newsletters/F-97_Summer2026.pdf,F-97_Summer2026.pdf,F-97,F-97,"Forms, Catalogs & Order Blanks",Corrections,Carrying the Message,English,,2026,327513,319.8 KB,2026-07-23,https://www.aa.org/sharing-from-behind-the-walls,Sharing from Behind the Walls,1,www.aa.org,ok
595,Sharing From Behind the Walls - Winter 2008,https://www.aa.org/sites/default/files/newsletters/f-97_winter_2008.pdf,f-97_winter_2008.pdf,F-97,F-97,"Forms, Catalogs & Order Blanks",Corrections,Carrying the Message,English,,2008,816778,797.6 KB,2021-07-13,https://www.aa.org/sharing-from-behind-the-walls,Sharing from Behind the Walls,1,www.aa.org,ok
596,Sharing From Behind the Walls - Winter 2009,https://www.aa.org/sites/default/files/newsletters/f-97_winter_2009.pdf,f-97_winter_2009.pdf,F-97,F-97,"Forms, Catalogs & Order Blanks",Corrections,Carrying the Message,English,,2009,126230,123.3 KB,2021-07-13,https://www.aa.org/sharing-from-behind-the-walls,Sharing from Behind the Walls,1,www.aa.org,ok
597,Sharing From Behind the Walls - Winter 2011,https://www.aa.org/sites/default/files/newsletters/f-97_winter_2011.pdf,f-97_winter_2011.pdf,F-97,F-97,"Forms, Catalogs & Order Blanks",Corrections,Carrying the Message,English,,2011,227376,222.0 KB,2021-07-13,https://www.aa.org/sharing-from-behind-the-walls,Sharing from Behind the Walls,1,www.aa.org,ok
598,Sharing From Behind the Walls - Winter 2012,https://www.aa.org/sites/default/files/newsletters/f-97_winter_2012.pdf,f-97_winter_2012.pdf,F-97,F-97,"Forms, Catalogs & Order Blanks",Corrections,Carrying the Message,English,,2012,1039117,1014.8 KB,2021-07-13,https://www.aa.org/sharing-from-behind-the-walls,Sharing from Behind the Walls,1,www.aa.org,ok
599,Sharing From Behind the Walls - Winter 2014,https://www.aa.org/sites/default/files/newsletters/f-97_Winter_2014.pdf,f-97_Winter_2014.pdf,F-97,F-97,"Forms, Catalogs & Order Blanks",Corrections,Carrying the Message,English,,2014,350568,342.4 KB,2021-07-13,https://www.aa.org/sharing-from-behind-the-walls,Sharing from Behind the Walls,1,www.aa.org,ok
600,Sharing From Behind the Walls - Winter 2015,https://www.aa.org/sites/default/files/newsletters/f-97_Winter_2015.pdf,f-97_Winter_2015.pdf,F-97,F-97,"Forms, Catalogs & Order Blanks",Corrections,Carrying the Message,English,,2015,541735,529.0 KB,2021-07-13,https://www.aa.org/sharing-from-behind-the-walls,Sharing from Behind the Walls,1,www.aa.org,ok
601,Sharing From Behind the Walls - Winter 2016,https://www.aa.org/sites/default/files/newsletters/f-97_Winter_2016.pdf,f-97_Winter_2016.pdf,F-97,F-97,"Forms, Catalogs & Order Blanks",Corrections,Carrying the Message,English,,2016,430912,420.8 KB,2021-07-13,https://www.aa.org/sharing-from-behind-the-walls,Sharing from Behind the Walls,1,www.aa.org,ok
602,Sharing From Behind the Walls - Winter 2017,https://www.aa.org/sites/default/files/newsletters/f-97_Winter_2017.pdf,f-97_Winter_2017.pdf,F-97,F-97,"Forms, Catalogs & Order Blanks",Corrections,Carrying the Message,English,,2017,110043,107.5 KB,2021-07-13,https://www.aa.org/sharing-from-behind-the-walls,Sharing from Behind the Walls,1,www.aa.org,ok
603,Sharing From Behind the Walls - Winter 2018,https://www.aa.org/sites/default/files/newsletters/f-97_Winter_2018.pdf,f-97_Winter_2018.pdf,F-97,F-97,"Forms, Catalogs & Order Blanks",Corrections,Carrying the Message,English,,2018,534590,522.1 KB,2021-07-13,https://www.aa.org/sharing-from-behind-the-walls,Sharing from Behind the Walls,1,www.aa.org,ok
604,Sharing From Behind the Walls - Winter 2019,https://www.aa.org/sites/default/files/newsletters/f-97_Winter_2019.pdf,f-97_Winter_2019.pdf,F-97,F-97,"Forms, Catalogs & Order Blanks",Corrections,Carrying the Message,English,,2019,135742,132.6 KB,2021-07-13,https://www.aa.org/sharing-from-behind-the-walls,Sharing from Behind the Walls,1,www.aa.org,ok
605,Sharing from Behind the Walls - Winter 2020,https://www.aa.org/sites/default/files/newsletters/f-97_winter_2020.pdf,f-97_winter_2020.pdf,F-97,F-97,"Forms, Catalogs & Order Blanks",Corrections,Carrying the Message,English,,2020,897225,876.2 KB,2021-07-13,https://www.aa.org/sharing-from-behind-the-walls,Sharing from Behind the Walls,1,www.aa.org,ok
606,Sharing from Behind the Walls - Winter 2021,https://www.aa.org/sites/default/files/newsletters/F-97_Winter_2021_0.pdf,F-97_Winter_2021_0.pdf,F-97,F-97,"Forms, Catalogs & Order Blanks",Corrections,Carrying the Message,English,,2021,83281,81.3 KB,2022-01-04,https://www.aa.org/sharing-from-behind-the-walls,Sharing from Behind the Walls,1,www.aa.org,ok
607,Sharing From Behind the Walls - Winter 2023,https://www.aa.org/sites/default/files/newsletters/F-97_Winter_2023.pdf,F-97_Winter_2023.pdf,F-97,F-97,"Forms, Catalogs & Order Blanks",Corrections,Carrying the Message,English,,2023,102042,99.7 KB,2024-03-05,https://www.aa.org/sharing-from-behind-the-walls,Sharing from Behind the Walls,1,www.aa.org,ok
608,Sharing From Behind the Walls - Winter 2025,https://www.aa.org/sites/default/files/newsletters/f-97_winter2025.pdf,f-97_winter2025.pdf,F-97,F-97,"Forms, Catalogs & Order Blanks",Corrections,Carrying the Message,English,,2025,83654,81.7 KB,2025-03-11,https://www.aa.org/sharing-from-behind-the-walls,Sharing from Behind the Walls,1,www.aa.org,ok
609,Tablet Literature List - Corrections Desk,https://aaws.widen.net/content/wct1sxwwba/pdf/f-239_corrections_tablet_literature_list_online.pdf,f-239_corrections_tablet_literature_list_online.pdf,F-239,F-239,"Forms, Catalogs & Order Blanks",Corrections,Carrying the Message,English,Corrections,,164052,160.2 KB,2026-02-10,https://www.aa.org/tablet-literature-list-corrections-desk,Tablet Literature List - Corrections Desk,1,aaws.widen.net,ok
610,Transmettre le message dans les centres correctionnels,https://aaws.widen.net/content/io2yewcthw/pdf/ff-5_carrying_message_into_correctional_facilities_online.pdf,ff-5_carrying_message_into_correctional_facilities_online.pdf,FF-5,F-5,"Forms, Catalogs & Order Blanks",Corrections,Carrying the Message,French,Corrections,,126379,123.4 KB,2024-04-05,https://www.aa.org/fr/transmettre-le-message-dans-les-centres-correctionnels,Transmettre le message dans les centres correctionnels,1,aaws.widen.net,ok
611,Un mensaje a quienes trabajan en instituciones correccionales,https://aaws.widen.net/content/gsmmianju8/pdf/sp-20_a_message_correction_professionals_online.pdf,sp-20_a_message_correction_professionals_online.pdf,SP-20,P-20,Pamphlets & Booklets,Corrections,Carrying the Message,Spanish,Corrections; Professionals,,53135,51.9 KB,2024-01-20,https://www.aa.org/es/un-mensaje-quienes-trabajan-en-instituciones-correccionales,Un mensaje a quienes trabajan en instituciones correccionales,1,aaws.widen.net,ok
612,Un message aux professionnels d'établissements correctionnels,https://aaws.widen.net/content/dz43lwxviy/pdf/fp-20_a_message_correction_professionals_online.pdf,fp-20_a_message_correction_professionals_online.pdf,FP-20,P-20,Pamphlets & Booklets,Corrections,Carrying the Message,French,Corrections; Professionals,,56160,54.8 KB,2024-01-20,https://www.aa.org/fr/un-message-aux-professionnels-detablissements-correctionnels,Un message aux professionnels d'établissements correctionnels,1,aaws.widen.net,ok
613,Édition actuelle,https://www.aa.org/sites/default/files/newsletters/FF-97_summer2026.pdf,FF-97_summer2026.pdf,FF-97,F-97,"Forms, Catalogs & Order Blanks",Corrections,Carrying the Message,French,,2026,331067,323.3 KB,2026-07-23,https://www.aa.org/fr/sharing-from-behind-the-walls,Partages derrière les murs,1,www.aa.org,ok
614,M-39 Advisory Actions,https://aaws.widen.net/content/u6qlpluvn1/pdf/m-39_advisory_actions_online.pdf,m-39_advisory_actions_online.pdf,M-39,M-39,Displays & Wallet Cards,Displays & Wallet Cards,Forms & Catalogs,English,,,2796175,2.7 MB,2026-07-24,https://www.aa.org/m-39-advisory-actions,M-39 Advisory Actions,1,aaws.widen.net,ok
615,Twelve and Twelve Wallet Card,https://aaws.widen.net/content/kvtfivmx6c/pdf/m-2_twelvetwelve_wallet_card_online.pdf,m-2_twelvetwelve_wallet_card_online.pdf,M-2,M-2,Displays & Wallet Cards,Displays & Wallet Cards,Forms & Catalogs,English,,,44596,43.6 KB,2026-03-10,https://www.aa.org/twelve-and-twelve-wallet-card,Twelve and Twelve Wallet Card,1,aaws.widen.net,ok
616,Carte sur l'autonomie financière,https://aaws.widen.net/content/veixhceylz/pdf/ff-42_self_support_card_online.pdf,ff-42_self_support_card_online.pdf,FF-42,F-42,"Forms, Catalogs & Order Blanks",Finance & Self-Support,Finance,French,Self-Support,,32641,31.9 KB,2026-06-12,https://www.aa.org/fr/carte-sur-lautonomie-financiere,Carte sur l'autonomie financière,1,aaws.widen.net,ok
617,Contribuciones = Servicio,https://www.aa.org/sites/default/files/literature/aa-contributions-equals-service-sp.pdf,aa-contributions-equals-service-sp.pdf,,,,Finance & Self-Support,Finance,Spanish,Self-Support,,1904387,1.8 MB,2026-01-30,https://www.aa.org/es/aa-contributions-self-support,Contribuciones y automantenimiento,1,www.aa.org,ok
618,Contributions = Service!,https://www.aa.org/sites/default/files/literature/aa-contributions-equals-service-en.pdf,aa-contributions-equals-service-en.pdf,,,,Finance & Self-Support,Finance,English,Self-Support,,2113385,2.0 MB,2026-01-30,https://www.aa.org/aa-contributions-self-support,Contributions and Self-Support,1,www.aa.org,ok
619,Contributions = Service!,https://www.aa.org/sites/default/files/literature/aa-contributions-equals-service-fr.pdf,aa-contributions-equals-service-fr.pdf,,,,Finance & Self-Support,Finance,French,Self-Support,,1930126,1.8 MB,2026-01-30,https://www.aa.org/fr/aa-contributions-self-support,Les contributions et l’autonomie financière,1,www.aa.org,ok
620,El automantenimiento: donde la espiritualidad y el dinero se relacionan,https://aaws.widen.net/content/4rxstiqy74/pdf/sf-3_self_support_online.pdf,sf-3_self_support_online.pdf,SF-3,F-3,"Forms, Catalogs & Order Blanks",Finance & Self-Support,Finance,Spanish,Self-Support; Spirituality,,402653,393.2 KB,2026-07-08,https://www.aa.org/es/el-automantenimiento-donde-se-mezclan-la-espiritualidad-y-el-dinero,El automantenimiento: donde la espiritualidad y el dinero se relacionan,2,aaws.widen.net,ok
621,El tesorero de un grupo de AA,https://aaws.widen.net/content/5ryymksrwt/pdf/sf-96_the_aa_group_treasurer_online.pdf,sf-96_the_aa_group_treasurer_online.pdf,SF-96,F-96,"Forms, Catalogs & Order Blanks",Finance & Self-Support,Finance,Spanish,Self-Support,,4427738,4.2 MB,2026-08-07,https://www.aa.org/es/tesorero-de-un-grupo-de-aa,El tesorero de un grupo de AA,2,aaws.widen.net,ok
622,Guías de AA: Finanzas,https://aaws.widen.net/content/gzgpjtvbed/pdf/smg-15_finance_online.pdf,smg-15_finance_online.pdf,SMG-15,MG-15,A.A. Guidelines,Finance & Self-Support,Finance,Spanish,Self-Support,,125974,123.0 KB,2026-01-05,https://www.aa.org/es/guias-de-aa-finanzas,Guías de AA: Finanzas,2,aaws.widen.net,ok
623,Informations sur la Septième Tradition - Vos contributions à la Septième Tradition,https://aaws.widen.net/content/stn72z2jxl/pdf/ff-203_7th_tradition_fact_sheet_online.pdf,ff-203_7th_tradition_fact_sheet_online.pdf,FF-203,F-203,"Forms, Catalogs & Order Blanks",Finance & Self-Support,Finance,French,Twelve Traditions; Self-Support; Form / Application,,190945,186.5 KB,2026-08-04,https://www.aa.org/fr/informations-sur-la-septieme-tradition-vos-contributions-la-septieme-tradition,Informations sur la Septième Tradition - Vos contributions à la Septième Tradition,2,aaws.widen.net,ok
624,Le Trésorier du Groupe AA,https://aaws.widen.net/content/p5qhi358py/pdf/ff-96_the_aa_group_treasurer_online.pdf,ff-96_the_aa_group_treasurer_online.pdf,FF-96,F-96,"Forms, Catalogs & Order Blanks",Finance & Self-Support,Finance,French,Self-Support,,4127164,3.9 MB,2024-08-29,https://www.aa.org/fr/tresorier-du-groupe-aa,Le Trésorier du Groupe AA,2,aaws.widen.net,ok
625,Ligne de conduite des AA sur les Finances,https://aaws.widen.net/content/cuxc7dqdo3/pdf/fmg-15_finance_online.pdf,fmg-15_finance_online.pdf,FMG-15,MG-15,A.A. Guidelines,Finance & Self-Support,Finance,French,Self-Support,,130104,127.1 KB,2026-03-10,https://www.aa.org/fr/ligne-de-conduite-des-aa-sur-les-finances,Ligne de conduite des AA sur les Finances,1,aaws.widen.net,ok
626,Lista de Recursos con Información Sobre Autosuficiencia y Finanzas Personales,https://aaws.widen.net/content/a73iw8yrvu/pdf/smfs-241_resource_information_self_support__finance.pdf,smfs-241_resource_information_self_support__finance.pdf,SMFS-241,SMF-241,Service Material,Finance & Self-Support,Finance,Spanish,Self-Support; Form / Application,,83540,81.6 KB,2026-05-13,https://www.aa.org/es/lista-de-recursos-con-informacion-sobre-autosuficiencia-y-finanzas-personales,Lista de Recursos con Información Sobre Autosuficiencia y Finanzas Personales,1,aaws.widen.net,ok
627,Liste de ressources pour s'informer sur l'autonomie financière et la gestion de ses finances personnelles,https://aaws.widen.net/content/zf2cglsu7t/pdf/smff-241_resource_information_self_support__finance.pdf,smff-241_resource_information_self_support__finance.pdf,SMFF-241,SMF-241,Service Material,Finance & Self-Support,Finance,French,Self-Support; Form / Application,,86482,84.5 KB,2026-05-13,https://www.aa.org/fr/liste-de-ressources-pour-sinformer-sur-lautonomie-financiere-et-la-gestion-de-ses-finances,Liste de ressources pour s'informer sur l'autonomie financière et la gestion de ses finances personnelles,1,aaws.widen.net,ok
628,L’autonomie Financière : Alliance de l’argent et de la spiritualité,https://aaws.widen.net/content/jzoeukirsx/pdf/ff-3_self_support_online.pdf,ff-3_self_support_online.pdf,FF-3,F-3,"Forms, Catalogs & Order Blanks",Finance & Self-Support,Finance,French,Self-Support; Spirituality,,459074,448.3 KB,2026-09-16,https://www.aa.org/fr/lautonomie-financiere-alliance-de-largent-et-de-la-spiritualite,L’autonomie Financière : Alliance de l’argent et de la spiritualité,1,aaws.widen.net,ok
629,Resource List for Information on Self-Support and Finance,https://aaws.widen.net/content/2qkajtczlu/pdf/smf-241_resource_information_self_support__finance.pdf,smf-241_resource_information_self_support__finance.pdf,SMF-241,SMF-241,Service Material,Finance & Self-Support,Finance,English,Self-Support; Form / Application,,80369,78.5 KB,2026-05-13,https://www.aa.org/resource-list-information-self-support-and-finance,Resource List for Information on Self-Support and Finance,1,aaws.widen.net,ok
630,Self-Support Card,https://aaws.widen.net/content/ksvdklqccd/pdf/f-42_self_support_card_online.pdf,f-42_self_support_card_online.pdf,F-42,F-42,"Forms, Catalogs & Order Blanks",Finance & Self-Support,Finance,English,Self-Support,,30884,30.2 KB,2026-06-10,https://www.aa.org/self-support-card,Self-Support Card,1,aaws.widen.net,ok
631,Self-Support: Where Money and Spirituality Mix,https://aaws.widen.net/content/peqdbcrwer/pdf/f-3_self_support_online.pdf,f-3_self_support_online.pdf,F-3,F-3,"Forms, Catalogs & Order Blanks",Finance & Self-Support,Finance,English,Self-Support; Spirituality,,402168,392.7 KB,2026-06-15,https://www.aa.org/self-support-where-money-and-spirituality-mix,Self-Support: Where Money and Spirituality Mix,1,aaws.widen.net,ok
632,Seventh Tradition Fact Sheet - Your Seventh Tradition Contributions,https://aaws.widen.net/content/z9besrd4vr/pdf/f-203_7th_tradition_fact_sheet_online.pdf,f-203_7th_tradition_fact_sheet_online.pdf,F-203,F-203,"Forms, Catalogs & Order Blanks",Finance & Self-Support,Finance,English,Twelve Traditions; Self-Support,,141970,138.6 KB,2026-04-23,https://www.aa.org/seventh-tradition-fact-sheet-your-seventh-tradition-contributions,Seventh Tradition Fact Sheet - Your Seventh Tradition Contributions,1,aaws.widen.net,ok
633,Tarjeta de automantenimiento,https://aaws.widen.net/content/moiv5e8fte/pdf/sf-42_self_support_card_online.pdf,sf-42_self_support_card_online.pdf,SF-42,F-42,"Forms, Catalogs & Order Blanks",Finance & Self-Support,Finance,Spanish,Self-Support,,30100,29.4 KB,2026-08-12,https://www.aa.org/es/tarjeta-de-automantenimiento,Tarjeta de automantenimiento,1,aaws.widen.net,ok
634,The A.A. Group Treasurer,https://aaws.widen.net/content/lankccv8fa/pdf/f-96_the_aa_group_treasurer_online.pdf,f-96_the_aa_group_treasurer_online.pdf,F-96,F-96,"Forms, Catalogs & Order Blanks",Finance & Self-Support,Finance,English,Self-Support,,4124505,3.9 MB,2026-03-31,https://www.aa.org/aa-group-treasurer,The A.A. Group Treasurer,1,aaws.widen.net,ok
635,A Message to the Fellowship about the Everything AA App,https://www.aa.org/sites/default/files/literature/Message_to_the_Fellowship_Everything_AA_Sept_2026.pdf,Message_to_the_Fellowship_Everything_AA_Sept_2026.pdf,,,,Flyers & Announcements,Forms & Catalogs,English,Flyer / Poster,2026,234209,228.7 KB,2026-09-04,https://www.aa.org/news-and-announcements,What's New,1,www.aa.org,ok
636,Bienvenidos a la página de envío de historias para la 5.a edición del Libro Grande.,https://www.aa.org/sites/default/files/literature/Announcement_5th_EditionBB_SP.pdf,Announcement_5th_EditionBB_SP.pdf,,,,Flyers & Announcements,Forms & Catalogs,Spanish,Flyer / Poster,,673223,657.4 KB,2022-07-08,https://www.aa.org/es/submit-bigbook-english-5th,Bienvenidos a la página de envío de historias para la 5.a edición del Libro Grande.,1,www.aa.org,ok
637,Bienvenue sur la page de soumission de partages pour la Cinquième Édition du Gros Livre!,https://www.aa.org/sites/default/files/literature/Announcement_5th_EditionBB_FR.pdf,Announcement_5th_EditionBB_FR.pdf,,,,Flyers & Announcements,Forms & Catalogs,French,Flyer / Poster,,535847,523.3 KB,2022-07-08,https://www.aa.org/fr/submit-bigbook-english-5th,Bienvenue sur la page de soumission de partages pour la Cinquième Édition du Gros Livre!,2,www.aa.org,ok
638,Envíe su historia de recuperación,https://www.aa.org/sites/default/files/literature/Announcement_4th%20Ed%20BB_SP_0.pdf,Announcement_4th%20Ed%20BB_SP_0.pdf,SP-0,P-0,Pamphlets & Booklets,Flyers & Announcements,Forms & Catalogs,Spanish,Flyer / Poster; Form / Application,,481960,470.7 KB,2022-07-12,https://www.aa.org/es/submit-bigbook-english-5th-form,Envíe su historia de recuperación,1,www.aa.org,ok
639,Foros Regionales Calendario/Póster,https://www.aa.org/sites/default/files/literature/SP_2026-2027_Forums_Calendar_Poster.pdf,SP_2026-2027_Forums_Calendar_Poster.pdf,,,,Flyers & Announcements,Forms & Catalogs,Spanish,Regional Forum; Flyer / Poster,2027,150090,146.6 KB,2026-03-05,https://www.aa.org/es/regional-and-local-forums,"Foros regionales, locales y especiales",4,www.aa.org,ok
640,"Forums territoriaux, locaux et spéciaux",https://www.aa.org/sites/default/files/literature/FR_2026-2027_Forums_Calendar_Poster.pdf,FR_2026-2027_Forums_Calendar_Poster.pdf,,,,Flyers & Announcements,Forms & Catalogs,French,Regional Forum; Flyer / Poster,2027,132580,129.5 KB,2026-03-05,https://www.aa.org/fr/regional-and-local-forums,"Forums territoriaux, locaux et spéciaux",4,www.aa.org,ok
641,Mensaje para la Comunidad sobre la aplicación Everything AA,https://www.aa.org/sites/default/files/literature/SP_Message_to_the_Fellowship_Everything_AA_Sept_2026.pdf,SP_Message_to_the_Fellowship_Everything_AA_Sept_2026.pdf,,,,Flyers & Announcements,Forms & Catalogs,Spanish,Flyer / Poster,2026,316395,309.0 KB,2026-09-04,https://www.aa.org/es/news-and-announcements,Novedades en aa.org,1,www.aa.org,ok
642,Un message au Mouvement à propos de l’appli Everything AA,https://www.aa.org/sites/default/files/literature/FR_Message_to_the_Fellowship_Everything_AA_Sept_2026.pdf,FR_Message_to_the_Fellowship_Everything_AA_Sept_2026.pdf,,,,Flyers & Announcements,Forms & Catalogs,French,Flyer / Poster,2026,264979,258.8 KB,2026-09-04,https://www.aa.org/fr/news-and-announcements,Quoi de neuf,1,www.aa.org,ok
643,A.A. at a Glance,https://aaws.widen.net/content/uufoysuuvn/pdf/f-1_aa_at_a_glance_online.pdf,f-1_aa_at_a_glance_online.pdf,F-1,F-1,"Forms, Catalogs & Order Blanks","Forms, Catalogs & Order Blanks",Forms & Catalogs,English,,,27540,26.9 KB,2026-07-09,https://www.aa.org/aa-glance,A.A. at a Glance,1,aaws.widen.net,ok
644,A.A. de un Vistazo,https://aaws.widen.net/content/v9cvi20jme/pdf/sf-1_aa_at_a_glance_online.pdf,sf-1_aa_at_a_glance_online.pdf,SF-1,F-1,"Forms, Catalogs & Order Blanks","Forms, Catalogs & Order Blanks",Forms & Catalogs,Spanish,,,30612,29.9 KB,2025-11-06,https://www.aa.org/es/aa-de-un-vistazo,A.A. de un Vistazo,1,aaws.widen.net,ok
645,A.A. Literature Catalog,https://aaws.widen.net/content/kurwimn3rc/pdf/f-10_2026_literature_sales_catalog_online.pdf,f-10_2026_literature_sales_catalog_online.pdf,F-10,F-10,"Forms, Catalogs & Order Blanks","Forms, Catalogs & Order Blanks",Forms & Catalogs,English,Catalog / Order,2026,2876591,2.7 MB,2026-09-03,https://www.aa.org/aa-literature-catalog,A.A. Literature Catalog,3,aaws.widen.net,ok
646,Actualice la información sobre su grupo,https://www.aa.org/sites/default/files/literature/SF28_GSOGroupInformationChangeForm_fillable_SP.pdf,SF28_GSOGroupInformationChangeForm_fillable_SP.pdf,SF-28,F-28,"Forms, Catalogs & Order Blanks","Forms, Catalogs & Order Blanks",Forms & Catalogs,Spanish,Form / Application,,173342,169.3 KB,2022-01-12,https://www.aa.org/es/the-aa-group,El grupo de AA,1,www.aa.org,ok
647,Affectations des membres du personnel du BSG,https://aaws.widen.net/content/fkxpb9vkea/pdf/ff-15_gso_staff_assignment_sheet.pdf,ff-15_gso_staff_assignment_sheet.pdf,FF-15,F-15,"Forms, Catalogs & Order Blanks","Forms, Catalogs & Order Blanks",Forms & Catalogs,French,,,202137,197.4 KB,2025-09-23,https://www.aa.org/fr/affectations-des-membres-du-personnel-du-bsg,Affectations des membres du personnel du BSG,1,aaws.widen.net,ok
648,Agregue la información sobre su grupo,https://www.aa.org/sites/default/files/literature/SF30_NewGroupListingGuidelinesForm_fillable_SP_2_0.pdf,SF30_NewGroupListingGuidelinesForm_fillable_SP_2_0.pdf,SF-30,F-30,"Forms, Catalogs & Order Blanks","Forms, Catalogs & Order Blanks",Forms & Catalogs,Spanish,Guidelines; Workbook / Kit; Form / Application,,204874,200.1 KB,2022-01-12,https://www.aa.org/es/the-aa-group,El grupo de AA,1,www.aa.org,ok
649,Ajouter les informations de votre groupe,https://www.aa.org/sites/default/files/literature/FF30_NewGroupListingGuidelinesForm_fillable_FR.pdf,FF30_NewGroupListingGuidelinesForm_fillable_FR.pdf,FF-30,F-30,"Forms, Catalogs & Order Blanks","Forms, Catalogs & Order Blanks",Forms & Catalogs,French,Guidelines; Workbook / Kit; Form / Application,,181940,177.7 KB,2022-01-12,https://www.aa.org/fr/the-aa-group,Le Groupe des AA,1,www.aa.org,ok
650,Apadrinamiento de país a país: Llevar el mensaje de AA a nivel mundial,https://aaws.widen.net/content/avv4ibnowg/pdf/sf-168_country_to_country.pdf,sf-168_country_to_country.pdf,SF-168,F-168,"Forms, Catalogs & Order Blanks","Forms, Catalogs & Order Blanks",Forms & Catalogs,Spanish,,,932961,911.1 KB,2024-02-21,https://www.aa.org/es/apadrinamiento-de-pais-pais-lleva-el-mensaje-de-aa-nivel-mundial,Apadrinamiento de país a país: Llevar el mensaje de AA a nivel mundial,2,aaws.widen.net,ok
651,Aperçu sur les A.A.,https://aaws.widen.net/content/c0pjpcdy4x/pdf/ff-1_aa_at_a_glance_online.pdf,ff-1_aa_at_a_glance_online.pdf,FF-1,F-1,"Forms, Catalogs & Order Blanks","Forms, Catalogs & Order Blanks",Forms & Catalogs,French,,,30976,30.2 KB,2025-04-09,https://www.aa.org/fr/apercu-sur-les-aa,Aperçu sur les A.A.,1,aaws.widen.net,ok
652,Asignaciones del Personal de la OSG,https://aaws.widen.net/content/tlhoemlqs9/pdf/sf-15_gso_staff_assignment_sheet.pdf,sf-15_gso_staff_assignment_sheet.pdf,SF-15,F-15,"Forms, Catalogs & Order Blanks","Forms, Catalogs & Order Blanks",Forms & Catalogs,Spanish,,,172782,168.7 KB,2025-09-23,https://www.aa.org/es/asignaciones-del-personal-de-la-osg,Asignaciones del Personal de la OSG,1,aaws.widen.net,ok
653,BSG Formulaire de Changement D’information des Groupes,https://aaws.widen.net/content/lq9hbxwa8k/pdf/ff-28_group_info_change_form.pdf,ff-28_group_info_change_form.pdf,FF-28,F-28,"Forms, Catalogs & Order Blanks","Forms, Catalogs & Order Blanks",Forms & Catalogs,French,Form / Application,,50020,48.8 KB,2026-03-10,https://www.aa.org/fr/bsg-formulaire-de-changement-dinformation-des-groupes,BSG Formulaire de Changement D’information des Groupes,1,aaws.widen.net,ok
654,Carrying the Message Behind These Walls,https://aaws.widen.net/content/sshboqwoxu/pdf/f-108_carrying_the_message_behind_these_walls_online.pdf,f-108_carrying_the_message_behind_these_walls_online.pdf,F-108,F-108,"Forms, Catalogs & Order Blanks","Forms, Catalogs & Order Blanks",Forms & Catalogs,English,,,62281,60.8 KB,2025-06-18,https://www.aa.org/carrying-message-behind-these-walls,Carrying the Message Behind These Walls,1,aaws.widen.net,ok
655,Carte de réunions ouvertes et fermées,https://aaws.widen.net/content/xckbbjwrhz/pdf/ff-17_primary_purpose_card_online.pdf,ff-17_primary_purpose_card_online.pdf,FF-17,F-17,"Forms, Catalogs & Order Blanks","Forms, Catalogs & Order Blanks",Forms & Catalogs,French,,,110271,107.7 KB,2024-02-20,https://www.aa.org/fr/carte-de-reunions-ouvertes-et-fermees,Carte de réunions ouvertes et fermées,1,aaws.widen.net,ok
656,Contents of Cooperation with the Elder Community Resource List,https://aaws.widen.net/content/6x7jmrg0vo/pdf/f-234_elder_community_resource_list_online.pdf,f-234_elder_community_resource_list_online.pdf,F-234,F-234,"Forms, Catalogs & Order Blanks","Forms, Catalogs & Order Blanks",Forms & Catalogs,English,,,127826,124.8 KB,2026-02-10,https://www.aa.org/contents-cooperation-elder-community-resource-list,Contents of Cooperation with the Elder Community Resource List,1,aaws.widen.net,ok
657,Contenu de la liste de ressources pour la collaboration avec la communauté des aînés,https://aaws.widen.net/content/hekxzzs0a6/pdf/ff-234_elder_community_resource_list_online.pdf,ff-234_elder_community_resource_list_online.pdf,FF-234,F-234,"Forms, Catalogs & Order Blanks","Forms, Catalogs & Order Blanks",Forms & Catalogs,French,,,144071,140.7 KB,2026-02-10,https://www.aa.org/fr/contenu-de-la-liste-de-ressources-pour-la-collaboration-avec-la-communaute-des-aines,Contenu de la liste de ressources pour la collaboration avec la communauté des aînés,1,aaws.widen.net,ok
658,"Et maintenant, que vais-je faire ?",https://aaws.widen.net/content/nidawrvpz6/pdf/ff-4_where_do_i_go_from_here_online.pdf,ff-4_where_do_i_go_from_here_online.pdf,FF-4,F-4,"Forms, Catalogs & Order Blanks","Forms, Catalogs & Order Blanks",Forms & Catalogs,French,,,103802,101.4 KB,2026-08-11,https://www.aa.org/fr/et-maintenant-que-vais-je-faire,"Et maintenant, que vais-je faire ?",1,aaws.widen.net,ok
659,F-14 Quarterly Report Third Quarter 2025,https://www.aa.org/sites/default/files/newsletters/F-14_Quarterly_Report_Third_Quarter_2025.pdf,F-14_Quarterly_Report_Third_Quarter_2025.pdf,F-14,F-14,"Forms, Catalogs & Order Blanks","Forms, Catalogs & Order Blanks",Forms & Catalogs,English,Report,2025,574052,560.6 KB,2025-12-04,https://www.aa.org/quarterly-reports-from-gso,Quarterly Report from GSO,1,www.aa.org,ok
660,FF-14 Quarterly Report Third Quarter 2025,https://www.aa.org/sites/default/files/newsletters/FF-14_Quarterly_Report_Third_Quarter_2025.pdf,FF-14_Quarterly_Report_Third_Quarter_2025.pdf,FF-14,F-14,"Forms, Catalogs & Order Blanks","Forms, Catalogs & Order Blanks",Forms & Catalogs,French,Report,2025,615319,600.9 KB,2025-12-04,https://www.aa.org/fr/quarterly-reports-from-gso,Rapport trimestriel du BSG,1,www.aa.org,ok
661,Formulaire pour le Service de correspondance avec les détenus — l’intérieur,https://aaws.widen.net/content/xm5mbnybb6/pdf/ff-73_ccs-2_insider_request_form.pdf,ff-73_ccs-2_insider_request_form.pdf,FF-73,F-73,"Forms, Catalogs & Order Blanks","Forms, Catalogs & Order Blanks",Forms & Catalogs,French,Form / Application,,193824,189.3 KB,2026-03-10,https://www.aa.org/fr/formulaire-pour-les-benevoles-du-scd-de-linterieur,Formulaire pour le Service de correspondance avec les détenus — l’intérieur,2,aaws.widen.net,ok
662,Formulario de Cambio de Información de Grupo OSG de EE. UU. y Canadá,https://aaws.widen.net/content/tcwagus3gv/pdf/sf-28_group_info_change_form.pdf,sf-28_group_info_change_form.pdf,SF-28,F-28,"Forms, Catalogs & Order Blanks","Forms, Catalogs & Order Blanks",Forms & Catalogs,Spanish,Form / Application,,50302,49.1 KB,2026-02-19,https://www.aa.org/es/formulario-de-cambio-de-informacion-de-grupo-osg-de-ee-uu-y-canada,Formulario de Cambio de Información de Grupo OSG de EE. UU. y Canadá,1,aaws.widen.net,ok
663,"Formulario de solicitud del Servicio de Correspondencia de Correccionales, para miembros de adentro",https://aaws.widen.net/content/fmvi0m5ico/pdf/sf-73_ccs-2_insider_request_form.pdf,sf-73_ccs-2_insider_request_form.pdf,SF-73,F-73,"Forms, Catalogs & Order Blanks","Forms, Catalogs & Order Blanks",Forms & Catalogs,Spanish,Form / Application,,253426,247.5 KB,2025-05-27,https://www.aa.org/es/formulario-de-solicitud-de-correspondencia-para-los-de-afuera,"Formulario de solicitud del Servicio de Correspondencia de Correccionales, para miembros de adentro",2,aaws.widen.net,ok
664,GSO Staff Assignments,https://aaws.widen.net/content/ym7jphz51j/pdf/f-15_gso_staff_assignment_sheet.pdf,f-15_gso_staff_assignment_sheet.pdf,F-15,F-15,"Forms, Catalogs & Order Blanks","Forms, Catalogs & Order Blanks",Forms & Catalogs,English,,,178523,174.3 KB,2025-09-23,https://www.aa.org/gso-staff-assignments,GSO Staff Assignments,1,aaws.widen.net,ok
665,Hoja informativa de la Séptima Tradición –– Sus contribuciones de la Séptima Tradición,https://aaws.widen.net/content/fubq3i4z4h/pdf/sf-203_7th_tradition_fact_sheet_online.pdf,sf-203_7th_tradition_fact_sheet_online.pdf,SF-203,F-203,"Forms, Catalogs & Order Blanks","Forms, Catalogs & Order Blanks",Forms & Catalogs,Spanish,Twelve Traditions; Form / Application,,716366,699.6 KB,2025-05-08,https://www.aa.org/es/hoja-informativa-de-la-septima-tradicion-sus-contribuciones-de-la-septima-tradicion,Hoja informativa de la Séptima Tradición –– Sus contribuciones de la Séptima Tradición,2,aaws.widen.net,ok
666,Información sobre Alcohólicos Anónimos,https://aaws.widen.net/content/2g0tdsnecd/pdf/sf-2_information_on_aa_online.pdf,sf-2_information_on_aa_online.pdf,SF-2,F-2,"Forms, Catalogs & Order Blanks","Forms, Catalogs & Order Blanks",Forms & Catalogs,Spanish,Form / Application,,211988,207.0 KB,2025-12-09,https://www.aa.org/es/informacion-sobre-alcoholicos-anonimos,Información sobre Alcohólicos Anónimos,1,aaws.widen.net,ok
667,Information on Alcoholics Anonymous,https://aaws.widen.net/content/qzskfh8hik/pdf/f-2_information_on_aa_online.pdf,f-2_information_on_aa_online.pdf,F-2,F-2,"Forms, Catalogs & Order Blanks","Forms, Catalogs & Order Blanks",Forms & Catalogs,English,Form / Application,,199161,194.5 KB,2026-05-20,https://www.aa.org/information-alcoholics-anonymous,Information on Alcoholics Anonymous,1,aaws.widen.net,ok
668,Informe Trimestral de la O.S.G. - Enero 2017,https://www.aa.org/sites/default/files/newsletters/sf-14_QtrlyRep_jan2017.pdf,sf-14_QtrlyRep_jan2017.pdf,SF-14,F-14,"Forms, Catalogs & Order Blanks","Forms, Catalogs & Order Blanks",Forms & Catalogs,Spanish,Report; Form / Application,2017,297157,290.2 KB,2021-07-13,https://www.aa.org/es/quarterly-reports-from-gso,Informe Trimestral de la OSG,1,www.aa.org,ok
669,Informe Trimestral de la O.S.G. - Enero 2018,https://www.aa.org/sites/default/files/newsletters/sf-14_QtrlyRep_jan2018.pdf,sf-14_QtrlyRep_jan2018.pdf,SF-14,F-14,"Forms, Catalogs & Order Blanks","Forms, Catalogs & Order Blanks",Forms & Catalogs,Spanish,Report; Form / Application,2018,244438,238.7 KB,2021-07-13,https://www.aa.org/es/quarterly-reports-from-gso,Informe Trimestral de la OSG,1,www.aa.org,ok
670,Informe Trimestral de la O.S.G. - Enero 2019,https://www.aa.org/sites/default/files/newsletters/sf-14_QtrlyRep_jan2019.pdf,sf-14_QtrlyRep_jan2019.pdf,SF-14,F-14,"Forms, Catalogs & Order Blanks","Forms, Catalogs & Order Blanks",Forms & Catalogs,Spanish,Report; Form / Application,2019,657577,642.2 KB,2021-07-13,https://www.aa.org/es/quarterly-reports-from-gso,Informe Trimestral de la OSG,1,www.aa.org,ok
671,Informe Trimestral de la O.S.G. - Julio 2017,https://www.aa.org/sites/default/files/newsletters/sf-14_QtrlyRep_july17.pdf,sf-14_QtrlyRep_july17.pdf,SF-14,F-14,"Forms, Catalogs & Order Blanks","Forms, Catalogs & Order Blanks",Forms & Catalogs,Spanish,Report; Form / Application,2017,244889,239.1 KB,2021-07-13,https://www.aa.org/es/quarterly-reports-from-gso,Informe Trimestral de la OSG,1,www.aa.org,ok
672,Informe Trimestral de la O.S.G. - Julio 2018,https://www.aa.org/sites/default/files/newsletters/sf-14_QtrlyRep_july2018.pdf,sf-14_QtrlyRep_july2018.pdf,SF-14,F-14,"Forms, Catalogs & Order Blanks","Forms, Catalogs & Order Blanks",Forms & Catalogs,Spanish,Report; Form / Application,2018,298813,291.8 KB,2021-07-13,https://www.aa.org/es/quarterly-reports-from-gso,Informe Trimestral de la OSG,1,www.aa.org,ok
673,Informe Trimestral de la O.S.G. - Octubre 2017,https://www.aa.org/sites/default/files/newsletters/sf-14_QtrlyRep_october2017.pdf,sf-14_QtrlyRep_october2017.pdf,SF-14,F-14,"Forms, Catalogs & Order Blanks","Forms, Catalogs & Order Blanks",Forms & Catalogs,Spanish,Report; Form / Application,2017,248661,242.8 KB,2021-07-13,https://www.aa.org/es/quarterly-reports-from-gso,Informe Trimestral de la OSG,1,www.aa.org,ok
674,Informe Trimestral de la OSG,https://www.aa.org/sites/default/files/newsletters/SF-14_Quarterly_Report_2026_First_Quarter.pdf,SF-14_Quarterly_Report_2026_First_Quarter.pdf,SF-14,F-14,"Forms, Catalogs & Order Blanks","Forms, Catalogs & Order Blanks",Forms & Catalogs,Spanish,Report; Form / Application,2026,198550,193.9 KB,2026-04-23,https://www.aa.org/es/quarterly-reports-from-gso,Informe Trimestral de la OSG,1,www.aa.org,ok
675,Informe Trimestral de la OSG - 3.er trimestre de 2024,https://www.aa.org/sites/default/files/newsletters/SF-14_Quarterly_Report_2024_Third_Quarter_Quarter.pdf,SF-14_Quarterly_Report_2024_Third_Quarter_Quarter.pdf,SF-14,F-14,"Forms, Catalogs & Order Blanks","Forms, Catalogs & Order Blanks",Forms & Catalogs,Spanish,Report; Form / Application,2024,195878,191.3 KB,2024-10-25,https://www.aa.org/es/quarterly-reports-from-gso,Informe Trimestral de la OSG,1,www.aa.org,ok
676,Informe Trimestral de la OSG - abril de 2024,https://www.aa.org/sites/default/files/newsletters/SF-14_Quarterly_Report_2024_First_Quarter_ONLINE.pdf,SF-14_Quarterly_Report_2024_First_Quarter_ONLINE.pdf,SF-14,F-14,"Forms, Catalogs & Order Blanks","Forms, Catalogs & Order Blanks",Forms & Catalogs,Spanish,Report; Form / Application,2024,158417,154.7 KB,2024-04-12,https://www.aa.org/es/quarterly-reports-from-gso,Informe Trimestral de la OSG,1,www.aa.org,ok
677,Informe Trimestral de la OSG - Agosto 2020,https://www.aa.org/sites/default/files/newsletters/sf-14_QtrlyRep_august2020.pdf,sf-14_QtrlyRep_august2020.pdf,SF-14,F-14,"Forms, Catalogs & Order Blanks","Forms, Catalogs & Order Blanks",Forms & Catalogs,Spanish,Report; Form / Application,2020,241153,235.5 KB,2021-07-13,https://www.aa.org/es/quarterly-reports-from-gso,Informe Trimestral de la OSG,1,www.aa.org,ok
678,Informe Trimestral de la OSG - Agosto 2021,https://www.aa.org/sites/default/files/newsletters/sf-14_QtrlyRep_august2021.pdf,sf-14_QtrlyRep_august2021.pdf,SF-14,F-14,"Forms, Catalogs & Order Blanks","Forms, Catalogs & Order Blanks",Forms & Catalogs,Spanish,Report; Form / Application,2021,195698,191.1 KB,2021-11-08,https://www.aa.org/es/quarterly-reports-from-gso,Informe Trimestral de la OSG,1,www.aa.org,ok
679,Informe Trimestral de la OSG - Cuarto trimestre de 2024,https://www.aa.org/sites/default/files/newsletters/SF-14_Quarterly_Report_from_GSO-Fourth-Quarter-2024_0.pdf,SF-14_Quarterly_Report_from_GSO-Fourth-Quarter-2024_0.pdf,SF-14,F-14,"Forms, Catalogs & Order Blanks","Forms, Catalogs & Order Blanks",Forms & Catalogs,Spanish,Report; Form / Application,2024,167640,163.7 KB,2025-03-21,https://www.aa.org/es/quarterly-reports-from-gso,Informe Trimestral de la OSG,1,www.aa.org,ok
680,Informe Trimestral de la OSG - Enero 2021,https://www.aa.org/sites/default/files/newsletters/sf-14_QtrlyRep_jan2021_0.pdf,sf-14_QtrlyRep_jan2021_0.pdf,SF-14,F-14,"Forms, Catalogs & Order Blanks","Forms, Catalogs & Order Blanks",Forms & Catalogs,Spanish,Report; Form / Application,2021,188547,184.1 KB,2021-10-20,https://www.aa.org/es/quarterly-reports-from-gso,Informe Trimestral de la OSG,1,www.aa.org,ok
681,Informe Trimestral de la OSG - Enero 2022,https://www.aa.org/sites/default/files/newsletters/SF-14_Qtrly_January_2022.pdf,SF-14_Qtrly_January_2022.pdf,SF-14,F-14,"Forms, Catalogs & Order Blanks","Forms, Catalogs & Order Blanks",Forms & Catalogs,Spanish,Report; Form / Application,2022,217133,212.0 KB,2022-04-11,https://www.aa.org/es/quarterly-reports-from-gso,Informe Trimestral de la OSG,1,www.aa.org,ok
682,Informe Trimestral de la OSG - Enero de 2023,https://www.aa.org/sites/default/files/newsletters/SF-14_Qtrly_January_2023_0.pdf,SF-14_Qtrly_January_2023_0.pdf,SF-14,F-14,"Forms, Catalogs & Order Blanks","Forms, Catalogs & Order Blanks",Forms & Catalogs,Spanish,Report; Form / Application,2023,499389,487.7 KB,2023-05-04,https://www.aa.org/es/quarterly-reports-from-gso,Informe Trimestral de la OSG,1,www.aa.org,ok
683,Informe Trimestral de la OSG - enero de 2024,https://www.aa.org/sites/default/files/newsletters/SF-14_Qtrly_Fourth_Quarter_2023.pdf,SF-14_Qtrly_Fourth_Quarter_2023.pdf,SF-14,F-14,"Forms, Catalogs & Order Blanks","Forms, Catalogs & Order Blanks",Forms & Catalogs,Spanish,Report; Form / Application,2024,204568,199.8 KB,2024-01-31,https://www.aa.org/es/quarterly-reports-from-gso,Informe Trimestral de la OSG,1,www.aa.org,ok
684,Informe Trimestral de la OSG - Febrero 2020,https://www.aa.org/sites/default/files/newsletters/sf-14_QtrlyRep_february2020.pdf,sf-14_QtrlyRep_february2020.pdf,SF-14,F-14,"Forms, Catalogs & Order Blanks","Forms, Catalogs & Order Blanks",Forms & Catalogs,Spanish,Report; Form / Application,2020,576236,562.7 KB,2021-07-13,https://www.aa.org/es/quarterly-reports-from-gso,Informe Trimestral de la OSG,1,www.aa.org,ok
685,Informe Trimestral de la OSG - Julio 2019,https://www.aa.org/sites/default/files/newsletters/sf-14_QtrlyRep_july2019.pdf,sf-14_QtrlyRep_july2019.pdf,SF-14,F-14,"Forms, Catalogs & Order Blanks","Forms, Catalogs & Order Blanks",Forms & Catalogs,Spanish,Report; Form / Application,2019,193054,188.5 KB,2021-07-13,https://www.aa.org/es/quarterly-reports-from-gso,Informe Trimestral de la OSG,1,www.aa.org,ok
686,Informe Trimestral de la OSG - Noviembre 2019,https://www.aa.org/sites/default/files/newsletters/sf-14_QtrlyRep_november2019.pdf,sf-14_QtrlyRep_november2019.pdf,SF-14,F-14,"Forms, Catalogs & Order Blanks","Forms, Catalogs & Order Blanks",Forms & Catalogs,Spanish,Report; Form / Application,2019,234455,229.0 KB,2021-07-13,https://www.aa.org/es/quarterly-reports-from-gso,Informe Trimestral de la OSG,1,www.aa.org,ok
687,Informe Trimestral de la OSG - Noviembre de 2020,https://www.aa.org/sites/default/files/newsletters/sf-14_QtrlyRep_november2020.pdf,sf-14_QtrlyRep_november2020.pdf,SF-14,F-14,"Forms, Catalogs & Order Blanks","Forms, Catalogs & Order Blanks",Forms & Catalogs,Spanish,Report; Form / Application,2020,196299,191.7 KB,2021-07-13,https://www.aa.org/es/quarterly-reports-from-gso,Informe Trimestral de la OSG,1,www.aa.org,ok
688,Informe Trimestral de la OSG - Noviembre de 2022,https://www.aa.org/sites/default/files/newsletters/SF-14_Qtrly_November_2022_0.pdf,SF-14_Qtrly_November_2022_0.pdf,SF-14,F-14,"Forms, Catalogs & Order Blanks","Forms, Catalogs & Order Blanks",Forms & Catalogs,Spanish,Report; Form / Application,2022,258803,252.7 KB,2023-02-21,https://www.aa.org/es/quarterly-reports-from-gso,Informe Trimestral de la OSG,1,www.aa.org,ok
689,Informe Trimestral de la OSG - Octubre 2018,https://www.aa.org/sites/default/files/newsletters/sf-14_QtrlyRep_october2018_0.pdf,sf-14_QtrlyRep_october2018_0.pdf,SF-14,F-14,"Forms, Catalogs & Order Blanks","Forms, Catalogs & Order Blanks",Forms & Catalogs,Spanish,Report; Form / Application,2018,221139,216.0 KB,2021-10-20,https://www.aa.org/es/quarterly-reports-from-gso,Informe Trimestral de la OSG,1,www.aa.org,ok
690,Informe Trimestral de la OSG - Octubre de 2023,https://www.aa.org/sites/default/files/newsletters/SF-14_Qtrly_September_2023_ONLINE.pdf,SF-14_Qtrly_September_2023_ONLINE.pdf,SF-14,F-14,"Forms, Catalogs & Order Blanks","Forms, Catalogs & Order Blanks",Forms & Catalogs,Spanish,Report; Form / Application,2023,193179,188.7 KB,2023-10-06,https://www.aa.org/es/quarterly-reports-from-gso,Informe Trimestral de la OSG,1,www.aa.org,ok
691,Informe Trimestral de la OSG - Prmier trimestre de 2025,https://www.aa.org/sites/default/files/newsletters/SF-14_Quarterly_Report_First_Quarter_2025_V1.pdf,SF-14_Quarterly_Report_First_Quarter_2025_V1.pdf,SF-14,F-14,"Forms, Catalogs & Order Blanks","Forms, Catalogs & Order Blanks",Forms & Catalogs,Spanish,Report; Form / Application,2025,260541,254.4 KB,2025-08-19,https://www.aa.org/es/quarterly-reports-from-gso,Informe Trimestral de la OSG,1,www.aa.org,ok
692,Informe Trimestral de la OSG - Quarto trimestre de 2025,https://www.aa.org/sites/default/files/newsletters/SF-14_Quarterly_Report_2025_Fourth_Quarter.pdf,SF-14_Quarterly_Report_2025_Fourth_Quarter.pdf,SF-14,F-14,"Forms, Catalogs & Order Blanks","Forms, Catalogs & Order Blanks",Forms & Catalogs,Spanish,Report; Form / Application,2025,196651,192.0 KB,2026-02-05,https://www.aa.org/es/quarterly-reports-from-gso,Informe Trimestral de la OSG,1,www.aa.org,ok
693,Informe Trimestral de la OSG - Septiembre de 2022,https://www.aa.org/sites/default/files/newsletters/SF-14_Qtrly_September_2022.pdf,SF-14_Qtrly_September_2022.pdf,SF-14,F-14,"Forms, Catalogs & Order Blanks","Forms, Catalogs & Order Blanks",Forms & Catalogs,Spanish,Report; Form / Application,2022,262664,256.5 KB,2022-10-06,https://www.aa.org/es/quarterly-reports-from-gso,Informe Trimestral de la OSG,1,www.aa.org,ok
694,Le parrainage d'un pays à l'autre: Transmettre le Message des AA dans le monde entier,https://aaws.widen.net/content/jeeclqcono/pdf/ff-168_country_to_country.pdf,ff-168_country_to_country.pdf,FF-168,F-168,"Forms, Catalogs & Order Blanks","Forms, Catalogs & Order Blanks",Forms & Catalogs,French,,,895126,874.1 KB,2024-02-21,https://www.aa.org/fr/le-parrainage-dun-pays-lautre-transmettre-le-message-des-aa-dans-le-monde-entier,Le parrainage d'un pays à l'autre: Transmettre le Message des AA dans le monde entier,1,aaws.widen.net,ok
695,Lista de recursos para la cooperación con la comunidad de personas mayores,https://aaws.widen.net/content/jt6b20qzzj/pdf/sf-234_elder_community_resource_list_digital_online.pdf,sf-234_elder_community_resource_list_digital_online.pdf,SF-234,F-234,"Forms, Catalogs & Order Blanks","Forms, Catalogs & Order Blanks",Forms & Catalogs,Spanish,,,116655,113.9 KB,2026-02-10,https://www.aa.org/es/lista-de-recursos-para-la-cooperacion-con-la-comunidad-de-personas-mayores,Lista de recursos para la cooperación con la comunidad de personas mayores,1,aaws.widen.net,ok
696,Llevando el mensaje detrás de estos muros,https://aaws.widen.net/content/oyf8vjx23b/pdf/sf-108_carrying_the_message_behind_these_walls_online.pdf,sf-108_carrying_the_message_behind_these_walls_online.pdf,SF-108,F-108,"Forms, Catalogs & Order Blanks","Forms, Catalogs & Order Blanks",Forms & Catalogs,Spanish,,,31915,31.2 KB,2024-02-18,https://www.aa.org/es/llevando-el-mensaje-detras-de-estos-muros-0,Llevando el mensaje detrás de estos muros,1,aaws.widen.net,ok
697,Primary Purpose Statement Card,https://aaws.widen.net/content/btsnvvkhc0/pdf/f-17_primary_purpose_card_online.pdf,f-17_primary_purpose_card_online.pdf,F-17,F-17,"Forms, Catalogs & Order Blanks","Forms, Catalogs & Order Blanks",Forms & Catalogs,English,,,21333,20.8 KB,2024-12-13,https://www.aa.org/primary-purpose-statement-card,Primary Purpose Statement Card,1,aaws.widen.net,ok
698,Problemas diferentes del alcohol (extractos),https://aaws.widen.net/content/wmrmf7tzb2/pdf/sf-8_other_problems_than_alcohol_online.pdf,sf-8_other_problems_than_alcohol_online.pdf,SF-8,F-8,"Forms, Catalogs & Order Blanks","Forms, Catalogs & Order Blanks",Forms & Catalogs,Spanish,,,35299,34.5 KB,2026-06-25,https://www.aa.org/es/problemas-diferentes-del-alcohol-extractos,Problemas diferentes del alcohol (extractos),1,aaws.widen.net,ok
699,Problems Other than Alcohol (excerpts),https://aaws.widen.net/content/4rboewgtjj/pdf/f-8_other_problems_than_alcohol_online.pdf,f-8_other_problems_than_alcohol_online.pdf,F-8,F-8,"Forms, Catalogs & Order Blanks","Forms, Catalogs & Order Blanks",Forms & Catalogs,English,,,32913,32.1 KB,2026-07-20,https://www.aa.org/problems-other-alcohol-excerpts,Problems Other than Alcohol (excerpts),1,aaws.widen.net,ok
700,Problèmes autres que l'alcoolisme (citations),https://aaws.widen.net/content/kflbszcifd/pdf/ff-8_other_problems_than_alcohol_online.pdf,ff-8_other_problems_than_alcohol_online.pdf,FF-8,F-8,"Forms, Catalogs & Order Blanks","Forms, Catalogs & Order Blanks",Forms & Catalogs,French,,,47230,46.1 KB,2025-09-02,https://www.aa.org/fr/problemes-autres-que-lalcoolisme-citations,Problèmes autres que l'alcoolisme (citations),1,aaws.widen.net,ok
701,Quarterly Report from G.S.O. - August 2020,https://www.aa.org/sites/default/files/newsletters/f-14_QtrlyRep_august2020_0.pdf,f-14_QtrlyRep_august2020_0.pdf,F-14,F-14,"Forms, Catalogs & Order Blanks","Forms, Catalogs & Order Blanks",Forms & Catalogs,English,Report,2020,231944,226.5 KB,2021-07-13,https://www.aa.org/quarterly-reports-from-gso,Quarterly Report from GSO,1,www.aa.org,ok
702,Quarterly Report from G.S.O. - August 2021,https://www.aa.org/sites/default/files/newsletters/f-14_QtrlyRep_august2021.pdf,f-14_QtrlyRep_august2021.pdf,F-14,F-14,"Forms, Catalogs & Order Blanks","Forms, Catalogs & Order Blanks",Forms & Catalogs,English,Report,2021,191485,187.0 KB,2021-11-08,https://www.aa.org/quarterly-reports-from-gso,Quarterly Report from GSO,1,www.aa.org,ok
703,Quarterly Report from G.S.O. - February 2020,https://www.aa.org/sites/default/files/newsletters/f-14_QtrlyRep_february2020.pdf,f-14_QtrlyRep_february2020.pdf,F-14,F-14,"Forms, Catalogs & Order Blanks","Forms, Catalogs & Order Blanks",Forms & Catalogs,English,Report,2020,702695,686.2 KB,2021-07-13,https://www.aa.org/quarterly-reports-from-gso,Quarterly Report from GSO,1,www.aa.org,ok
704,Quarterly Report from G.S.O. - January 2017,https://www.aa.org/sites/default/files/newsletters/f-14_QtrlyRep_jan2017.pdf,f-14_QtrlyRep_jan2017.pdf,F-14,F-14,"Forms, Catalogs & Order Blanks","Forms, Catalogs & Order Blanks",Forms & Catalogs,English,Report,2017,296254,289.3 KB,2021-07-13,https://www.aa.org/quarterly-reports-from-gso,Quarterly Report from GSO,1,www.aa.org,ok
705,Quarterly Report from G.S.O. - January 2018,https://www.aa.org/sites/default/files/newsletters/f-14_QtrlyRep_jan2018.pdf,f-14_QtrlyRep_jan2018.pdf,F-14,F-14,"Forms, Catalogs & Order Blanks","Forms, Catalogs & Order Blanks",Forms & Catalogs,English,Report,2018,258799,252.7 KB,2021-07-13,https://www.aa.org/quarterly-reports-from-gso,Quarterly Report from GSO,1,www.aa.org,ok
706,Quarterly Report from G.S.O. - January 2019,https://www.aa.org/sites/default/files/newsletters/f-14_QtrlyRep_jan2019.pdf,f-14_QtrlyRep_jan2019.pdf,F-14,F-14,"Forms, Catalogs & Order Blanks","Forms, Catalogs & Order Blanks",Forms & Catalogs,English,Report,2019,629326,614.6 KB,2021-07-13,https://www.aa.org/quarterly-reports-from-gso,Quarterly Report from GSO,1,www.aa.org,ok
707,Quarterly Report from G.S.O. - January 2021,https://www.aa.org/sites/default/files/newsletters/f-14_QtrlyRep_jan2021_0.pdf,f-14_QtrlyRep_jan2021_0.pdf,F-14,F-14,"Forms, Catalogs & Order Blanks","Forms, Catalogs & Order Blanks",Forms & Catalogs,English,Report,2021,192487,188.0 KB,2021-10-20,https://www.aa.org/quarterly-reports-from-gso,Quarterly Report from GSO,1,www.aa.org,ok
708,Quarterly Report from G.S.O. - January 2022,https://www.aa.org/sites/default/files/newsletters/F-14_Qtrly_January_2022.pdf,F-14_Qtrly_January_2022.pdf,F-14,F-14,"Forms, Catalogs & Order Blanks","Forms, Catalogs & Order Blanks",Forms & Catalogs,English,Report,2022,243557,237.8 KB,2022-04-11,https://www.aa.org/quarterly-reports-from-gso,Quarterly Report from GSO,1,www.aa.org,ok
709,Quarterly Report from G.S.O. - July 2017,https://www.aa.org/sites/default/files/newsletters/f-14_QtrlyRep_july17.pdf,f-14_QtrlyRep_july17.pdf,F-14,F-14,"Forms, Catalogs & Order Blanks","Forms, Catalogs & Order Blanks",Forms & Catalogs,English,Report,2017,238179,232.6 KB,2021-07-13,https://www.aa.org/quarterly-reports-from-gso,Quarterly Report from GSO,1,www.aa.org,ok
710,Quarterly Report from G.S.O. - July 2018,https://www.aa.org/sites/default/files/newsletters/f-14_QtrlyRep_july2018.pdf,f-14_QtrlyRep_july2018.pdf,F-14,F-14,"Forms, Catalogs & Order Blanks","Forms, Catalogs & Order Blanks",Forms & Catalogs,English,Report,2018,293479,286.6 KB,2021-07-13,https://www.aa.org/quarterly-reports-from-gso,Quarterly Report from GSO,1,www.aa.org,ok
711,Quarterly Report from G.S.O. - July 2019,https://www.aa.org/sites/default/files/newsletters/f-14_QtrlyRep_july2019.pdf,f-14_QtrlyRep_july2019.pdf,F-14,F-14,"Forms, Catalogs & Order Blanks","Forms, Catalogs & Order Blanks",Forms & Catalogs,English,Report,2019,194641,190.1 KB,2021-07-13,https://www.aa.org/quarterly-reports-from-gso,Quarterly Report from GSO,1,www.aa.org,ok
712,Quarterly Report from G.S.O. - November 2019,https://www.aa.org/sites/default/files/newsletters/f-14_QtrlyRep_november2019.pdf,f-14_QtrlyRep_november2019.pdf,F-14,F-14,"Forms, Catalogs & Order Blanks","Forms, Catalogs & Order Blanks",Forms & Catalogs,English,Report,2019,232124,226.7 KB,2021-07-13,https://www.aa.org/quarterly-reports-from-gso,Quarterly Report from GSO,1,www.aa.org,ok
713,Quarterly Report from G.S.O. - November 2020,https://www.aa.org/sites/default/files/newsletters/f-14_QtrlyRep_november2020.pdf,f-14_QtrlyRep_november2020.pdf,F-14,F-14,"Forms, Catalogs & Order Blanks","Forms, Catalogs & Order Blanks",Forms & Catalogs,English,Report,2020,190655,186.2 KB,2021-07-13,https://www.aa.org/quarterly-reports-from-gso,Quarterly Report from GSO,1,www.aa.org,ok
714,Quarterly Report from G.S.O. - November 2022,https://www.aa.org/sites/default/files/newsletters/F-14_Qtrly_November_2022_0.pdf,F-14_Qtrly_November_2022_0.pdf,F-14,F-14,"Forms, Catalogs & Order Blanks","Forms, Catalogs & Order Blanks",Forms & Catalogs,English,Report,2022,241777,236.1 KB,2023-02-21,https://www.aa.org/quarterly-reports-from-gso,Quarterly Report from GSO,1,www.aa.org,ok
715,Quarterly Report from G.S.O. - October 2017,https://www.aa.org/sites/default/files/newsletters/f-14_QtrlyRep_october2017.pdf,f-14_QtrlyRep_october2017.pdf,F-14,F-14,"Forms, Catalogs & Order Blanks","Forms, Catalogs & Order Blanks",Forms & Catalogs,English,Report,2017,210208,205.3 KB,2021-07-13,https://www.aa.org/quarterly-reports-from-gso,Quarterly Report from GSO,1,www.aa.org,ok
716,Quarterly Report from G.S.O. - October 2018,https://www.aa.org/sites/default/files/newsletters/f-14_QtrlyRep_october2018_0.pdf,f-14_QtrlyRep_october2018_0.pdf,F-14,F-14,"Forms, Catalogs & Order Blanks","Forms, Catalogs & Order Blanks",Forms & Catalogs,English,Report,2018,221366,216.2 KB,2021-10-20,https://www.aa.org/quarterly-reports-from-gso,Quarterly Report from GSO,1,www.aa.org,ok
717,Quarterly Report from G.S.O. - September 2022,https://www.aa.org/sites/default/files/newsletters/F-14_Qtrly_September_2022.pdf,F-14_Qtrly_September_2022.pdf,F-14,F-14,"Forms, Catalogs & Order Blanks","Forms, Catalogs & Order Blanks",Forms & Catalogs,English,Report,2022,253941,248.0 KB,2022-10-06,https://www.aa.org/quarterly-reports-from-gso,Quarterly Report from GSO,1,www.aa.org,ok
718,Quarterly Report from GSO - April 2024,https://www.aa.org/sites/default/files/newsletters/F-14_Quarterly_Report_2024_First_Quarter_ONLINE.pdf,F-14_Quarterly_Report_2024_First_Quarter_ONLINE.pdf,F-14,F-14,"Forms, Catalogs & Order Blanks","Forms, Catalogs & Order Blanks",Forms & Catalogs,English,Report,2024,156989,153.3 KB,2024-04-12,https://www.aa.org/quarterly-reports-from-gso,Quarterly Report from GSO,1,www.aa.org,ok
719,"Quarterly Report from GSO - First Quarter, 2025",https://www.aa.org/sites/default/files/newsletters/F-14_Quarterly_Report_First_Quarter_2025.pdf,F-14_Quarterly_Report_First_Quarter_2025.pdf,F-14,F-14,"Forms, Catalogs & Order Blanks","Forms, Catalogs & Order Blanks",Forms & Catalogs,English,Report,2025,247633,241.8 KB,2025-08-19,https://www.aa.org/quarterly-reports-from-gso,Quarterly Report from GSO,1,www.aa.org,ok
720,"Quarterly Report from GSO - First Quarter, 2026",https://www.aa.org/sites/default/files/newsletters/F-14_Quarterly_Report_2026_First_Quarter.pdf,F-14_Quarterly_Report_2026_First_Quarter.pdf,F-14,F-14,"Forms, Catalogs & Order Blanks","Forms, Catalogs & Order Blanks",Forms & Catalogs,English,Report,2026,173996,169.9 KB,2026-04-23,https://www.aa.org/quarterly-reports-from-gso,Quarterly Report from GSO,1,www.aa.org,ok
721,"Quarterly Report from GSO - Fourth Quarter, 2024",https://www.aa.org/sites/default/files/newsletters/F-14_Quarterly_Report_from_GSO-Fourth_Quarter-2024.pdf,F-14_Quarterly_Report_from_GSO-Fourth_Quarter-2024.pdf,F-14,F-14,"Forms, Catalogs & Order Blanks","Forms, Catalogs & Order Blanks",Forms & Catalogs,English,Report,2024,156549,152.9 KB,2025-03-21,https://www.aa.org/quarterly-reports-from-gso,Quarterly Report from GSO,1,www.aa.org,ok
722,"Quarterly Report from GSO - Fourth Quarter, 2025",https://www.aa.org/sites/default/files/newsletters/F-14_Quarterly_Report_2025_Fourth_Quarter.pdf,F-14_Quarterly_Report_2025_Fourth_Quarter.pdf,F-14,F-14,"Forms, Catalogs & Order Blanks","Forms, Catalogs & Order Blanks",Forms & Catalogs,English,Report,2025,213571,208.6 KB,2026-02-05,https://www.aa.org/quarterly-reports-from-gso,Quarterly Report from GSO,1,www.aa.org,ok
723,Quarterly Report from GSO - January 2023,https://www.aa.org/sites/default/files/newsletters/F-14_Qtrly_January_2023_0.pdf,F-14_Qtrly_January_2023_0.pdf,F-14,F-14,"Forms, Catalogs & Order Blanks","Forms, Catalogs & Order Blanks",Forms & Catalogs,English,Report,2023,571490,558.1 KB,2023-05-04,https://www.aa.org/quarterly-reports-from-gso,Quarterly Report from GSO,1,www.aa.org,ok
724,Quarterly Report from GSO - January 2024,https://www.aa.org/sites/default/files/newsletters/F-14_Qtrly_Fourth_Quarter_2023.pdf,F-14_Qtrly_Fourth_Quarter_2023.pdf,F-14,F-14,"Forms, Catalogs & Order Blanks","Forms, Catalogs & Order Blanks",Forms & Catalogs,English,Report,2024,193521,189.0 KB,2024-01-31,https://www.aa.org/quarterly-reports-from-gso,Quarterly Report from GSO,1,www.aa.org,ok
725,Quarterly Report from GSO - October 2023,https://www.aa.org/sites/default/files/newsletters/F-14_Qtrly_September_2023_ONLINE.pdf,F-14_Qtrly_September_2023_ONLINE.pdf,F-14,F-14,"Forms, Catalogs & Order Blanks","Forms, Catalogs & Order Blanks",Forms & Catalogs,English,Report,2023,190576,186.1 KB,2023-10-06,https://www.aa.org/quarterly-reports-from-gso,Quarterly Report from GSO,1,www.aa.org,ok
726,"Quarterly Report from GSO - Third Quarter, 2024",https://www.aa.org/sites/default/files/newsletters/F-14_Quarterly_Report_2024_Third_Quarter_Quarter.pdf,F-14_Quarterly_Report_2024_Third_Quarter_Quarter.pdf,F-14,F-14,"Forms, Catalogs & Order Blanks","Forms, Catalogs & Order Blanks",Forms & Catalogs,English,Report,2024,186128,181.8 KB,2024-10-25,https://www.aa.org/quarterly-reports-from-gso,Quarterly Report from GSO,1,www.aa.org,ok
727,Rapport Trimestriel du B.S.G. - Janvier 2017,https://www.aa.org/sites/default/files/newsletters/ff-14_QtrlyRep_jan2017.pdf,ff-14_QtrlyRep_jan2017.pdf,FF-14,F-14,"Forms, Catalogs & Order Blanks","Forms, Catalogs & Order Blanks",Forms & Catalogs,French,Report,2017,271991,265.6 KB,2021-07-13,https://www.aa.org/fr/quarterly-reports-from-gso,Rapport trimestriel du BSG,1,www.aa.org,ok
728,Rapport Trimestriel du B.S.G. - Janvier 2018,https://www.aa.org/sites/default/files/newsletters/ff-14_QtrlyRep_jan2018.pdf,ff-14_QtrlyRep_jan2018.pdf,FF-14,F-14,"Forms, Catalogs & Order Blanks","Forms, Catalogs & Order Blanks",Forms & Catalogs,French,Report,2018,242426,236.7 KB,2021-07-13,https://www.aa.org/fr/quarterly-reports-from-gso,Rapport trimestriel du BSG,1,www.aa.org,ok
729,Rapport Trimestriel du B.S.G. - Juillet 2017,https://www.aa.org/sites/default/files/newsletters/ff-14_QtrlyRep_july17.pdf,ff-14_QtrlyRep_july17.pdf,FF-14,F-14,"Forms, Catalogs & Order Blanks","Forms, Catalogs & Order Blanks",Forms & Catalogs,French,Report,2017,235813,230.3 KB,2021-07-13,https://www.aa.org/fr/quarterly-reports-from-gso,Rapport trimestriel du BSG,1,www.aa.org,ok
730,Rapport Trimestriel du B.S.G. - Octobre 2017,https://www.aa.org/sites/default/files/newsletters/ff-14_QtrlyRep_october2017.pdf,ff-14_QtrlyRep_october2017.pdf,FF-14,F-14,"Forms, Catalogs & Order Blanks","Forms, Catalogs & Order Blanks",Forms & Catalogs,French,Report,2017,252802,246.9 KB,2021-07-13,https://www.aa.org/fr/quarterly-reports-from-gso,Rapport trimestriel du BSG,1,www.aa.org,ok
731,Rapport trimestriel du BSG,https://www.aa.org/sites/default/files/newsletters/FF-14_Quarterly_Report_2026_First_Quarter.pdf,FF-14_Quarterly_Report_2026_First_Quarter.pdf,FF-14,F-14,"Forms, Catalogs & Order Blanks","Forms, Catalogs & Order Blanks",Forms & Catalogs,French,Report,2026,215851,210.8 KB,2026-04-23,https://www.aa.org/fr/quarterly-reports-from-gso,Rapport trimestriel du BSG,1,www.aa.org,ok
732,Rapport Trimestriel du BSG - Août 2020,https://www.aa.org/sites/default/files/newsletters/ff-14_QtrlyRep_august2020.pdf,ff-14_QtrlyRep_august2020.pdf,FF-14,F-14,"Forms, Catalogs & Order Blanks","Forms, Catalogs & Order Blanks",Forms & Catalogs,French,Report,2020,220223,215.1 KB,2021-07-13,https://www.aa.org/fr/quarterly-reports-from-gso,Rapport trimestriel du BSG,1,www.aa.org,ok
733,Rapport Trimestriel du BSG - Août 2021,https://www.aa.org/sites/default/files/newsletters/ff-14_QtrlyRep_august2021.pdf,ff-14_QtrlyRep_august2021.pdf,FF-14,F-14,"Forms, Catalogs & Order Blanks","Forms, Catalogs & Order Blanks",Forms & Catalogs,French,Report,2021,236483,230.9 KB,2021-11-08,https://www.aa.org/fr/quarterly-reports-from-gso,Rapport trimestriel du BSG,1,www.aa.org,ok
734,Rapport Trimestriel du BSG - avril 2024,https://www.aa.org/sites/default/files/newsletters/FF-14_Quarterly_Report_2024_First_Quarter_ONLINE.pdf,FF-14_Quarterly_Report_2024_First_Quarter_ONLINE.pdf,FF-14,F-14,"Forms, Catalogs & Order Blanks","Forms, Catalogs & Order Blanks",Forms & Catalogs,French,Report,2024,219905,214.8 KB,2024-04-12,https://www.aa.org/fr/quarterly-reports-from-gso,Rapport trimestriel du BSG,1,www.aa.org,ok
735,Rapport Trimestriel du BSG - Février 2020,https://www.aa.org/sites/default/files/newsletters/ff-14_QtrlyRep_february2020.pdf,ff-14_QtrlyRep_february2020.pdf,FF-14,F-14,"Forms, Catalogs & Order Blanks","Forms, Catalogs & Order Blanks",Forms & Catalogs,French,Report,2020,622405,607.8 KB,2021-07-13,https://www.aa.org/fr/quarterly-reports-from-gso,Rapport trimestriel du BSG,1,www.aa.org,ok
736,Rapport Trimestriel du BSG - Janvier 2019,https://www.aa.org/sites/default/files/newsletters/ff-14_QtrlyRep_jan2019.pdf,ff-14_QtrlyRep_jan2019.pdf,FF-14,F-14,"Forms, Catalogs & Order Blanks","Forms, Catalogs & Order Blanks",Forms & Catalogs,French,Report,2019,676458,660.6 KB,2021-07-13,https://www.aa.org/fr/quarterly-reports-from-gso,Rapport trimestriel du BSG,1,www.aa.org,ok
737,Rapport Trimestriel du BSG - Janvier 2021,https://www.aa.org/sites/default/files/newsletters/ff-14_QtrlyRep_jan2021_0.pdf,ff-14_QtrlyRep_jan2021_0.pdf,FF-14,F-14,"Forms, Catalogs & Order Blanks","Forms, Catalogs & Order Blanks",Forms & Catalogs,French,Report,2021,213509,208.5 KB,2021-10-20,https://www.aa.org/fr/quarterly-reports-from-gso,Rapport trimestriel du BSG,1,www.aa.org,ok
738,Rapport Trimestriel du BSG - Janvier 2022,https://www.aa.org/sites/default/files/newsletters/FF-14_Qtrly_January_2022.pdf,FF-14_Qtrly_January_2022.pdf,FF-14,F-14,"Forms, Catalogs & Order Blanks","Forms, Catalogs & Order Blanks",Forms & Catalogs,French,Report,2022,236955,231.4 KB,2022-04-11,https://www.aa.org/fr/quarterly-reports-from-gso,Rapport trimestriel du BSG,1,www.aa.org,ok
739,Rapport Trimestriel du BSG - Janvier 2023,https://www.aa.org/sites/default/files/newsletters/FF-14_Qtrly_January_2023_0.pdf,FF-14_Qtrly_January_2023_0.pdf,FF-14,F-14,"Forms, Catalogs & Order Blanks","Forms, Catalogs & Order Blanks",Forms & Catalogs,French,Report,2023,537271,524.7 KB,2023-05-04,https://www.aa.org/fr/quarterly-reports-from-gso,Rapport trimestriel du BSG,1,www.aa.org,ok
740,Rapport Trimestriel du BSG - janvier 2024,https://www.aa.org/sites/default/files/newsletters/FF-14_Qtrly_Fourth_Quarter_2023.pdf,FF-14_Qtrly_Fourth_Quarter_2023.pdf,FF-14,F-14,"Forms, Catalogs & Order Blanks","Forms, Catalogs & Order Blanks",Forms & Catalogs,French,Report,2024,213557,208.6 KB,2024-01-31,https://www.aa.org/fr/quarterly-reports-from-gso,Rapport trimestriel du BSG,1,www.aa.org,ok
741,Rapport Trimestriel du BSG - Juillet 2018,https://www.aa.org/sites/default/files/newsletters/ff-14_QtrlyRep_july2018.pdf,ff-14_QtrlyRep_july2018.pdf,FF-14,F-14,"Forms, Catalogs & Order Blanks","Forms, Catalogs & Order Blanks",Forms & Catalogs,French,Report,2018,232685,227.2 KB,2021-07-13,https://www.aa.org/fr/quarterly-reports-from-gso,Rapport trimestriel du BSG,1,www.aa.org,ok
742,Rapport Trimestriel du BSG - Juillet 2019,https://www.aa.org/sites/default/files/newsletters/ff-14_QtrlyRep_july2019.pdf,ff-14_QtrlyRep_july2019.pdf,FF-14,F-14,"Forms, Catalogs & Order Blanks","Forms, Catalogs & Order Blanks",Forms & Catalogs,French,Report,2019,233976,228.5 KB,2021-07-13,https://www.aa.org/fr/quarterly-reports-from-gso,Rapport trimestriel du BSG,1,www.aa.org,ok
743,Rapport Trimestriel du BSG - Novembre 2019,https://www.aa.org/sites/default/files/newsletters/ff-14_QtrlyRep_november2019.pdf,ff-14_QtrlyRep_november2019.pdf,FF-14,F-14,"Forms, Catalogs & Order Blanks","Forms, Catalogs & Order Blanks",Forms & Catalogs,French,Report,2019,187767,183.4 KB,2021-07-13,https://www.aa.org/fr/quarterly-reports-from-gso,Rapport trimestriel du BSG,1,www.aa.org,ok
744,Rapport Trimestriel du BSG - Novembre 2020,https://www.aa.org/sites/default/files/newsletters/ff-14_QtrlyRep_november2020.pdf,ff-14_QtrlyRep_november2020.pdf,FF-14,F-14,"Forms, Catalogs & Order Blanks","Forms, Catalogs & Order Blanks",Forms & Catalogs,French,Report,2020,201867,197.1 KB,2021-07-13,https://www.aa.org/fr/quarterly-reports-from-gso,Rapport trimestriel du BSG,1,www.aa.org,ok
745,Rapport Trimestriel du BSG - Novembre 2022,https://www.aa.org/sites/default/files/newsletters/FF-14_Qtrly_November_2022_1.pdf,FF-14_Qtrly_November_2022_1.pdf,FF-14,F-14,"Forms, Catalogs & Order Blanks","Forms, Catalogs & Order Blanks",Forms & Catalogs,French,Report,2022,265259,259.0 KB,2023-02-21,https://www.aa.org/fr/quarterly-reports-from-gso,Rapport trimestriel du BSG,1,www.aa.org,ok
746,Rapport Trimestriel du BSG - Octobre 2018,https://www.aa.org/sites/default/files/newsletters/ff-14_QtrlyRep_october2018_0.pdf,ff-14_QtrlyRep_october2018_0.pdf,FF-14,F-14,"Forms, Catalogs & Order Blanks","Forms, Catalogs & Order Blanks",Forms & Catalogs,French,Report,2018,211585,206.6 KB,2021-10-20,https://www.aa.org/fr/quarterly-reports-from-gso,Rapport trimestriel du BSG,1,www.aa.org,ok
747,Rapport Trimestriel du BSG - Octobre 2023,https://www.aa.org/sites/default/files/newsletters/FF-14_Qtrly_September_2023_ONLINE.pdf,FF-14_Qtrly_September_2023_ONLINE.pdf,FF-14,F-14,"Forms, Catalogs & Order Blanks","Forms, Catalogs & Order Blanks",Forms & Catalogs,French,Report,2023,200182,195.5 KB,2023-10-06,https://www.aa.org/fr/quarterly-reports-from-gso,Rapport trimestriel du BSG,1,www.aa.org,ok
748,Rapport Trimestriel du BSG - Premier trimestre de 2025,https://www.aa.org/sites/default/files/newsletters/FF-14_Quarterly_Report_First_Quarter_2025.pdf,FF-14_Quarterly_Report_First_Quarter_2025.pdf,FF-14,F-14,"Forms, Catalogs & Order Blanks","Forms, Catalogs & Order Blanks",Forms & Catalogs,French,Report,2025,358535,350.1 KB,2025-08-19,https://www.aa.org/fr/quarterly-reports-from-gso,Rapport trimestriel du BSG,1,www.aa.org,ok
749,Rapport Trimestriel du BSG - Quatrième trimestre de 2024,https://www.aa.org/sites/default/files/newsletters/FF-14_Quarterly_Report_from_GSO-Fourth_Quarter-2024.pdf,FF-14_Quarterly_Report_from_GSO-Fourth_Quarter-2024.pdf,FF-14,F-14,"Forms, Catalogs & Order Blanks","Forms, Catalogs & Order Blanks",Forms & Catalogs,French,Report,2024,184348,180.0 KB,2025-03-21,https://www.aa.org/fr/quarterly-reports-from-gso,Rapport trimestriel du BSG,1,www.aa.org,ok
750,Rapport Trimestriel du BSG - Quatrième trimestre de 2025,https://www.aa.org/sites/default/files/newsletters/FF-14_Quarterly_Report_2025_Fourth_Quarter.pdf,FF-14_Quarterly_Report_2025_Fourth_Quarter.pdf,FF-14,F-14,"Forms, Catalogs & Order Blanks","Forms, Catalogs & Order Blanks",Forms & Catalogs,French,Report,2025,217577,212.5 KB,2026-02-05,https://www.aa.org/fr/quarterly-reports-from-gso,Rapport trimestriel du BSG,1,www.aa.org,ok
751,Rapport Trimestriel du BSG - Septembre 2022,https://www.aa.org/sites/default/files/newsletters/FF-14_Qtrly_September_2022.pdf,FF-14_Qtrly_September_2022.pdf,FF-14,F-14,"Forms, Catalogs & Order Blanks","Forms, Catalogs & Order Blanks",Forms & Catalogs,French,Report,2022,233608,228.1 KB,2022-10-06,https://www.aa.org/fr/quarterly-reports-from-gso,Rapport trimestriel du BSG,1,www.aa.org,ok
752,Rapport Trimestriel du BSG - Troisième trimestre de 2024,https://www.aa.org/sites/default/files/newsletters/FF-14_Quarterly_Report_2024_Third_Quarter_Quarter.pdf,FF-14_Quarterly_Report_2024_Third_Quarter_Quarter.pdf,FF-14,F-14,"Forms, Catalogs & Order Blanks","Forms, Catalogs & Order Blanks",Forms & Catalogs,French,Report,2024,206466,201.6 KB,2024-10-25,https://www.aa.org/fr/quarterly-reports-from-gso,Rapport trimestriel du BSG,1,www.aa.org,ok
753,Renseignements sur les Alcooliques anonymes,https://aaws.widen.net/content/3t26oaq2hi/pdf/ff-2_information_on_aa_online.pdf,ff-2_information_on_aa_online.pdf,FF-2,F-2,"Forms, Catalogs & Order Blanks","Forms, Catalogs & Order Blanks",Forms & Catalogs,French,Form / Application,,205664,200.8 KB,2026-01-20,https://www.aa.org/fr/renseignements-sur-les-alcooliques-anonymes,Renseignements sur les Alcooliques anonymes,1,aaws.widen.net,ok
754,SF-14 Quarterly Report Third Quarter 2025,https://www.aa.org/sites/default/files/newsletters/SF-14_Quarterly_Report_Third_Quarter_2025.pdf,SF-14_Quarterly_Report_Third_Quarter_2025.pdf,SF-14,F-14,"Forms, Catalogs & Order Blanks","Forms, Catalogs & Order Blanks",Forms & Catalogs,Spanish,Report; Form / Application,2025,605199,591.0 KB,2025-12-04,https://www.aa.org/es/quarterly-reports-from-gso,Informe Trimestral de la OSG,1,www.aa.org,ok
755,Su Oficina de Servicios Generales de AA,https://aaws.widen.net/content/kjmgtfku2b/pdf/sf-6_your_aa_gso_online.pdf,sf-6_your_aa_gso_online.pdf,SF-6,F-6,"Forms, Catalogs & Order Blanks","Forms, Catalogs & Order Blanks",Forms & Catalogs,Spanish,,,1886166,1.8 MB,2025-11-20,https://www.aa.org/es/su-oficina-de-servicios-generales-de-aa,Su Oficina de Servicios Generales de AA,1,aaws.widen.net,ok
756,Tarjeta de declaración del objetivo primordial,https://aaws.widen.net/content/llaytcfwkf/pdf/sf-17_primary_purpose_card_online.pdf,sf-17_primary_purpose_card_online.pdf,SF-17,F-17,"Forms, Catalogs & Order Blanks","Forms, Catalogs & Order Blanks",Forms & Catalogs,Spanish,,,21352,20.9 KB,2026-08-12,https://www.aa.org/es/tarjeta-de-declaracion-del-objetivo-primordial,Tarjeta de declaración del objetivo primordial,1,aaws.widen.net,ok
757,Update your group's information,https://www.aa.org/sites/default/files/literature/F28_GroupInformationChangeForm_fillable_EN.pdf,F28_GroupInformationChangeForm_fillable_EN.pdf,F-28,F-28,"Forms, Catalogs & Order Blanks","Forms, Catalogs & Order Blanks",Forms & Catalogs,English,Form / Application,,170438,166.4 KB,2022-01-12,https://www.aa.org/the-aa-group,The A.A. Group,1,www.aa.org,ok
758,Votre bureau des Servcices Généraux des AA,https://aaws.widen.net/content/0onusbrjlz/pdf/ff-6_your_aa_gso_online.pdf,ff-6_your_aa_gso_online.pdf,FF-6,F-6,"Forms, Catalogs & Order Blanks","Forms, Catalogs & Order Blanks",Forms & Catalogs,French,,,1713994,1.6 MB,2025-10-24,https://www.aa.org/fr/votre-bureau-des-servcices-generaux-des-aa,Votre bureau des Servcices Généraux des AA,1,aaws.widen.net,ok
759,Where Do I Go From Here?,https://aaws.widen.net/content/goqsoadb08/pdf/f-4_where_do_i_go_from_here_online.pdf,f-4_where_do_i_go_from_here_online.pdf,F-4,F-4,"Forms, Catalogs & Order Blanks","Forms, Catalogs & Order Blanks",Forms & Catalogs,English,,,54771,53.5 KB,2026-02-16,https://www.aa.org/where-do-i-go-here,Where Do I Go From Here?,1,aaws.widen.net,ok
760,Your A.A. General Service Office,https://aaws.widen.net/content/kjxj0crmot/pdf/f-6_your_aa_gso_online.pdf,f-6_your_aa_gso_online.pdf,F-6,F-6,"Forms, Catalogs & Order Blanks","Forms, Catalogs & Order Blanks",Forms & Catalogs,English,,,1798106,1.7 MB,2025-10-24,https://www.aa.org/your-aa-general-service-office,Your A.A. General Service Office,1,aaws.widen.net,ok
761,"«Y ahora, ¿a dónde voy?»",https://aaws.widen.net/content/uuvao4vsu1/pdf/sf-4_where_do_i_go_from_here_online.pdf,sf-4_where_do_i_go_from_here_online.pdf,SF-4,F-4,"Forms, Catalogs & Order Blanks","Forms, Catalogs & Order Blanks",Forms & Catalogs,Spanish,,,59894,58.5 KB,2026-02-16,https://www.aa.org/es/y-ahora-donde-voy,"«Y ahora, ¿a dónde voy?»",1,aaws.widen.net,ok
762,2023 General Service Conference Final Report,https://aaws.widen.net/content/0qqsuno95k/pdf/2023_final_conference_report_anonymity_en_online.pdf,2023_final_conference_report_anonymity_en_online.pdf,,,,General Service Conference,Conference & Events,English,Anonymity; Conference; Report,2023,8002229,7.6 MB,2025-10-20,https://www.aa.org/2023-general-service-conference-final-report,2023 General Service Conference Final Report,1,aaws.widen.net,ok
763,2024 General Service Conference Final Report,https://aaws.widen.net/content/nfynyf28t9/pdf/2024_final_conference_report_anonymity_en_online.pdf,2024_final_conference_report_anonymity_en_online.pdf,,,,General Service Conference,Conference & Events,English,Anonymity; Conference; Report,2024,8980003,8.6 MB,2025-10-20,https://www.aa.org/2024-general-service-conference-final-report,2024 General Service Conference Final Report,1,aaws.widen.net,ok
764,2025 General Service Conference Final Report,https://aaws.widen.net/content/yf0tmo53j9/pdf/2025_final_conference-report_anonymity_en_online.pdf,2025_final_conference-report_anonymity_en_online.pdf,,,,General Service Conference,Conference & Events,English,Anonymity; Conference; Report,2025,20355848,19.4 MB,2025-10-20,https://www.aa.org/2025-general-service-conference-final-report,2025 General Service Conference Final Report,1,aaws.widen.net,ok
765,2026 General Service Conference Final Report,https://aaws.widen.net/content/7tzlxfnyuv/pdf/z_2026_final_report_confidential_online_en.pdf,z_2026_final_report_confidential_online_en.pdf,,,,General Service Conference,Conference & Events,English,Conference; Report,2026,11104538,10.6 MB,2026-09-07,https://www.aa.org/2026-general-service-conference-final-report,2026 General Service Conference Final Report,1,aaws.widen.net,ok
766,Box 459 - 'Spirit of Sacrifice' Sets the Tone of the General Service Conference,https://www.aa.org/sites/default/files/newsletters/en_box459_april-may94.pdf,en_box459_april-may94.pdf,,,,General Service Conference,Conference & Events,English,Conference; Newsletter,,2375155,2.3 MB,2021-07-14,https://www.aa.org/box-459,Box 459,1,www.aa.org,ok
767,Box 459 - 10th General Service Conference,https://www.aa.org/sites/default/files/newsletters/en_box459_feb60.pdf,en_box459_feb60.pdf,,,,General Service Conference,Conference & Events,English,Conference; Newsletter,,563121,549.9 KB,2021-07-15,https://www.aa.org/box-459,Box 459,1,www.aa.org,ok
768,"Box 459 - 37th General Service Conference ""The Seventh Tradition — A Turning Point""",https://www.aa.org/sites/default/files/newsletters/en_box459_june-july87.pdf,en_box459_june-july87.pdf,,,,General Service Conference,Conference & Events,English,Twelve Traditions; Conference; Newsletter,,2234000,2.1 MB,2021-07-14,https://www.aa.org/box-459,Box 459,1,www.aa.org,ok
769,"Box 459 - 38th General Service Conference - ""Our Singleness of Purpose - Key to Unity""",https://www.aa.org/sites/default/files/newsletters/en_box459_june-july88.pdf,en_box459_june-july88.pdf,,,,General Service Conference,Conference & Events,English,Conference; Newsletter,,2269965,2.2 MB,2021-07-14,https://www.aa.org/box-459,Box 459,1,www.aa.org,ok
770,"Box 459 - 39th General Service Conference — ""Anonymity — Living Our Traditions""",https://www.aa.org/sites/default/files/newsletters/en_box459_june-july89.pdf,en_box459_june-july89.pdf,,,,General Service Conference,Conference & Events,English,Twelve Traditions; Anonymity; Conference; Newsletter,,2201484,2.1 MB,2021-07-14,https://www.aa.org/box-459,Box 459,1,www.aa.org,ok
771,"Box 459 - 40th General Service Conference — ""The Home Group — Our Responsibility and Link to A.A.'s Future""",https://www.aa.org/sites/default/files/newsletters/en_box459_june-july90.pdf,en_box459_june-july90.pdf,,,,General Service Conference,Conference & Events,English,Conference; Newsletter,,2316268,2.2 MB,2021-07-14,https://www.aa.org/box-459,Box 459,1,www.aa.org,ok
772,"Box 459 - 41st General Service Conference — ""Sponsorship: Gratitude in Action""",https://www.aa.org/sites/default/files/newsletters/en_box459_june-july91.pdf,en_box459_june-july91.pdf,,,,General Service Conference,Conference & Events,English,Sponsorship; Conference; Newsletter,,3841165,3.7 MB,2021-07-14,https://www.aa.org/box-459,Box 459,1,www.aa.org,ok
773,"Box 459 - 42nd General Service Conference — ""The A.A. Message in a Changing World""",https://www.aa.org/sites/default/files/newsletters/en_box459_june-july92.pdf,en_box459_june-july92.pdf,,,,General Service Conference,Conference & Events,English,Conference; Newsletter,,4263525,4.1 MB,2021-07-14,https://www.aa.org/box-459,Box 459,1,www.aa.org,ok
774,"Box 459 - 43rd General Service Conference ""A.A. Takes Its Inventory — The General Service Conference Structure""",https://www.aa.org/sites/default/files/newsletters/en_box459_june-july93.pdf,en_box459_june-july93.pdf,,,,General Service Conference,Conference & Events,English,Conference; Newsletter,,4076203,3.9 MB,2021-07-14,https://www.aa.org/box-459,Box 459,1,www.aa.org,ok
775,"Box 459 - 44th General Service Conference ""Spirit of Sacrifice""",https://www.aa.org/sites/default/files/newsletters/en_box459_june-july94.pdf,en_box459_june-july94.pdf,,,,General Service Conference,Conference & Events,English,Conference; Newsletter,,4100836,3.9 MB,2021-07-14,https://www.aa.org/box-459,Box 459,1,www.aa.org,ok
776,"Box 459 - 45th General Service Conference ""Pass It On — Our Three Legacies""",https://www.aa.org/sites/default/files/newsletters/en_box459_june-july95.pdf,en_box459_june-july95.pdf,,,,General Service Conference,Conference & Events,English,Conference; Newsletter,,3714361,3.5 MB,2021-07-14,https://www.aa.org/box-459,Box 459,1,www.aa.org,ok
777,"Box 459 - 46th General Service Conference ""Preserving Our Fellowship — Our Challenge""",https://www.aa.org/sites/default/files/newsletters/en_box459_june-july96.pdf,en_box459_june-july96.pdf,,,,General Service Conference,Conference & Events,English,Conference; Newsletter,,3428440,3.3 MB,2021-07-14,https://www.aa.org/box-459,Box 459,1,www.aa.org,ok
778,"Box 459 - 47th General Service Conference ""Spirituality — Our Foundation""",https://www.aa.org/sites/default/files/newsletters/en_box459_june-july97.pdf,en_box459_june-july97.pdf,,,,General Service Conference,Conference & Events,English,Conference; Newsletter; Spirituality,,3773813,3.6 MB,2021-07-14,https://www.aa.org/box-459,Box 459,1,www.aa.org,ok
779,"Box 459 - 48th General Service Conference ""Our Twelfth Step Work""",https://www.aa.org/sites/default/files/newsletters/en_box459_june-july98.pdf,en_box459_june-july98.pdf,,,,General Service Conference,Conference & Events,English,Twelve Steps; Conference; Newsletter,,3635841,3.5 MB,2021-07-14,https://www.aa.org/box-459,Box 459,1,www.aa.org,ok
780,"Box 459 - 49th General Service Conference ""Moving Forward: Unity Through Humility""",https://www.aa.org/sites/default/files/newsletters/en_box459_june-july99.pdf,en_box459_june-july99.pdf,,,,General Service Conference,Conference & Events,English,Conference; Newsletter,,3655714,3.5 MB,2021-07-14,https://www.aa.org/box-459,Box 459,1,www.aa.org,ok
781,"Box 459 - 50th General Service Conference ""Trusting Our Future to A.A. Principles""",https://www.aa.org/sites/default/files/newsletters/en_box459_june-july00.pdf,en_box459_june-july00.pdf,,,,General Service Conference,Conference & Events,English,Conference; Newsletter,,2513599,2.4 MB,2021-07-15,https://www.aa.org/box-459,Box 459,1,www.aa.org,ok
782,"Box 459 - 51st General Service Conference ""Love and Service""",https://www.aa.org/sites/default/files/newsletters/en_box459_june-july01.pdf,en_box459_june-july01.pdf,,,,General Service Conference,Conference & Events,English,Conference; Newsletter,,2566146,2.4 MB,2021-07-15,https://www.aa.org/box-459,Box 459,1,www.aa.org,ok
783,Box 459 - 53rd General Service Conference Living A.A.s…,https://www.aa.org/sites/default/files/newsletters/en_box459_june-july03.pdf,en_box459_june-july03.pdf,,,,General Service Conference,Conference & Events,English,Conference; Newsletter,,155758,152.1 KB,2021-07-15,https://www.aa.org/box-459,Box 459,1,www.aa.org,ok
784,"Box 459 - 54th General Service Conference ""Our Singleness…",https://www.aa.org/sites/default/files/newsletters/en_box459_june-july04.pdf,en_box459_june-july04.pdf,,,,General Service Conference,Conference & Events,English,Conference; Newsletter,,237700,232.1 KB,2021-07-15,https://www.aa.org/box-459,Box 459,1,www.aa.org,ok
785,Box 459 - 55th General Service Conference,https://www.aa.org/sites/default/files/newsletters/en_box459_jun-july05.pdf,en_box459_jun-july05.pdf,,,,General Service Conference,Conference & Events,English,Conference; Newsletter,,174105,170.0 KB,2021-07-14,https://www.aa.org/box-459,Box 459,1,www.aa.org,ok
786,Box 459 - 56th General Service Conference,https://www.aa.org/sites/default/files/newsletters/en_box459_june-july06.pdf,en_box459_june-july06.pdf,,,,General Service Conference,Conference & Events,English,Conference; Newsletter,,568676,555.3 KB,2021-07-15,https://www.aa.org/box-459,Box 459,1,www.aa.org,ok
787,Box 459 - 57th General Service Conference,https://www.aa.org/sites/default/files/newsletters/en_box459_june-july07.pdf,en_box459_june-july07.pdf,,,,General Service Conference,Conference & Events,English,Conference; Newsletter,,425895,415.9 KB,2021-07-15,https://www.aa.org/box-459,Box 459,1,www.aa.org,ok
788,Box 459 - 58th General Service Conference,https://www.aa.org/sites/default/files/newsletters/en_box459_jun-july08.pdf,en_box459_jun-july08.pdf,,,,General Service Conference,Conference & Events,English,Conference; Newsletter,,420859,411.0 KB,2021-07-14,https://www.aa.org/box-459,Box 459,1,www.aa.org,ok
789,Box 459 - 59th General Service Conference,https://www.aa.org/sites/default/files/newsletters/en_box459_summer09.pdf,en_box459_summer09.pdf,,,,General Service Conference,Conference & Events,English,Conference; Newsletter,,240850,235.2 KB,2021-07-14,https://www.aa.org/box-459,Box 459,1,www.aa.org,ok
790,Box 459 - 60th General Service Conference,https://www.aa.org/sites/default/files/newsletters/en_box459_summer10.pdf,en_box459_summer10.pdf,,,,General Service Conference,Conference & Events,English,Conference; Newsletter,,567394,554.1 KB,2021-07-14,https://www.aa.org/box-459,Box 459,1,www.aa.org,ok
791,Box 459 - 61st General Service Conference,https://www.aa.org/sites/default/files/newsletters/en_box459_summer11.pdf,en_box459_summer11.pdf,,,,General Service Conference,Conference & Events,English,Conference; Newsletter,,393764,384.5 KB,2021-07-14,https://www.aa.org/box-459,Box 459,1,www.aa.org,ok
792,Box 459 - 62nd General Service Conference,https://www.aa.org/sites/default/files/newsletters/en_box459_summer12.pdf,en_box459_summer12.pdf,,,,General Service Conference,Conference & Events,English,Conference; Newsletter,,528192,515.8 KB,2021-07-14,https://www.aa.org/box-459,Box 459,1,www.aa.org,ok
793,Box 459 - 63rd General Service Conference,https://www.aa.org/sites/default/files/newsletters/en_box459_summer13.pdf,en_box459_summer13.pdf,,,,General Service Conference,Conference & Events,English,Conference; Newsletter,,240052,234.4 KB,2021-07-14,https://www.aa.org/box-459,Box 459,1,www.aa.org,ok
794,Box 459 - 64th General Service Conference,https://www.aa.org/sites/default/files/newsletters/en_box459_summer14_0.pdf,en_box459_summer14_0.pdf,,,,General Service Conference,Conference & Events,English,Conference; Newsletter,,1471378,1.4 MB,2021-07-14,https://www.aa.org/box-459,Box 459,1,www.aa.org,ok
795,Box 459 - 65th General Service Conference,https://www.aa.org/sites/default/files/newsletters/en_box459_summer15.pdf,en_box459_summer15.pdf,,,,General Service Conference,Conference & Events,English,Conference; Newsletter,,408920,399.3 KB,2021-07-14,https://www.aa.org/box-459,Box 459,1,www.aa.org,ok
796,Box 459 - 66th A.A. General Service Conference Convenes,https://www.aa.org/sites/default/files/newsletters/en_box459_summer16.pdf,en_box459_summer16.pdf,,,,General Service Conference,Conference & Events,English,Conference; Newsletter,,356709,348.3 KB,2021-07-14,https://www.aa.org/box-459,Box 459,1,www.aa.org,ok
797,Box 459 - 67th A.A. General Service Conference Convenes,https://www.aa.org/sites/default/files/newsletters/en_box459_summer17.pdf,en_box459_summer17.pdf,,,,General Service Conference,Conference & Events,English,Conference; Newsletter,,958909,936.4 KB,2021-07-14,https://www.aa.org/box-459,Box 459,1,www.aa.org,ok
798,Box 459 - Anniversary Joy Sets Tone of A.A.'s 35th Annual General Service Conference,https://www.aa.org/sites/default/files/newsletters/en_box459_april-may85.pdf,en_box459_april-may85.pdf,,,,General Service Conference,Conference & Events,English,Conference; Newsletter,,1915642,1.8 MB,2021-07-14,https://www.aa.org/box-459,Box 459,1,www.aa.org,ok
799,Box 459 - Committees Set the Stage for the General Service Conference,https://www.aa.org/sites/default/files/newsletters/en_box459_april-may89.pdf,en_box459_april-may89.pdf,,,,General Service Conference,Conference & Events,English,Conference; Newsletter,,2396097,2.3 MB,2021-07-14,https://www.aa.org/box-459,Box 459,1,www.aa.org,ok
800,Box 459 - General Service Conference Comes of Age As Successor to A.A. Founders,https://www.aa.org/sites/default/files/newsletters/en_box459_april-may71.pdf,en_box459_april-may71.pdf,,,,General Service Conference,Conference & Events,English,Conference; Newsletter,,963275,940.7 KB,2021-07-14,https://www.aa.org/box-459,Box 459,1,www.aa.org,ok
801,Box 459 - General Service Conference Meets April 24th,https://www.aa.org/sites/default/files/newsletters/en_box459_april63.pdf,en_box459_april63.pdf,,,,General Service Conference,Conference & Events,English,Conference; Newsletter,,861606,841.4 KB,2021-07-14,https://www.aa.org/box-459,Box 459,1,www.aa.org,ok
802,Box 459 - The 59th General Service Conference — Evolution…,https://www.aa.org/sites/default/files/newsletters/en_box459_febmar09.pdf,en_box459_febmar09.pdf,,,,General Service Conference,Conference & Events,English,Conference; Newsletter,,492009,480.5 KB,2021-07-15,https://www.aa.org/box-459,Box 459,1,www.aa.org,ok
803,Box 459 - The 73rd General Service Conference: ‘A.A.’s Three Legacies — Our Common Solution’,https://www.aa.org/sites/default/files/newsletters/f-36_summer2023.pdf,f-36_summer2023.pdf,F-36,F-36,"Forms, Catalogs & Order Blanks",General Service Conference,Conference & Events,English,Conference; Newsletter,2023,4452184,4.2 MB,2023-08-30,https://www.aa.org/box-459,Box 459,1,www.aa.org,ok
804,"Box 459 - The 74th General Service Conference: ‘Connecting with Love, Unity and Service’",https://www.aa.org/sites/default/files/newsletters/f-36_summer2024.pdf,f-36_summer2024.pdf,F-36,F-36,"Forms, Catalogs & Order Blanks",General Service Conference,Conference & Events,English,Conference; Newsletter,2024,1646400,1.6 MB,2024-09-06,https://www.aa.org/box-459,Box 459,1,www.aa.org,ok
805,"Box 459 - The 75th General Service Conference: ‘Working Together, Increasing Trust’",https://www.aa.org/sites/default/files/newsletters/F-36_summer25.pdf,F-36_summer25.pdf,F-36,F-36,"Forms, Catalogs & Order Blanks",General Service Conference,Conference & Events,English,Conference; Newsletter,,6134511,5.9 MB,2025-10-03,https://www.aa.org/box-459,Box 459,1,www.aa.org,ok
806,Box 459 - What is the General Service Conference?,https://www.aa.org/sites/default/files/newsletters/en_box459_april_may05.pdf,en_box459_april_may05.pdf,,,,General Service Conference,Conference & Events,English,Conference; Newsletter,,820017,800.8 KB,2021-07-13,https://www.aa.org/box-459,Box 459,1,www.aa.org,ok
807,Box 459 - What is the General Service Conference?,https://www.aa.org/sites/default/files/newsletters/en_box459_april_may05_0.pdf,en_box459_april_may05_0.pdf,,,,General Service Conference,Conference & Events,English,Conference; Newsletter,,820017,800.8 KB,2021-07-14,https://www.aa.org/box-459,Box 459,1,www.aa.org,ok
808,Box 459 - Why The General Service Conference,https://www.aa.org/sites/default/files/newsletters/en_box459_feb-mar66.pdf,en_box459_feb-mar66.pdf,,,,General Service Conference,Conference & Events,English,Conference; Newsletter,,683084,667.1 KB,2021-07-15,https://www.aa.org/box-459,Box 459,1,www.aa.org,ok
809,Box 459 - Work of The General Service Conference Goes on All Year,https://www.aa.org/sites/default/files/newsletters/en_box459_april-may97.pdf,en_box459_april-may97.pdf,,,,General Service Conference,Conference & Events,English,Conference; Newsletter,,3409267,3.3 MB,2021-07-14,https://www.aa.org/box-459,Box 459,1,www.aa.org,ok
810,Estructura de la Conferencia de Servicios Generales (EE. UU. y Canadá),https://aaws.widen.net/content/p0jwic23a6/pdf/smfs-116_the_general_service_conference_structure.pdf,smfs-116_the_general_service_conference_structure.pdf,SMFS-116,SMF-116,Service Material,General Service Conference,Conference & Events,Spanish,Conference,,207877,203.0 KB,2024-10-16,https://www.aa.org/es/estructura-de-la-conferencia-de-servicios-generales-ee-uu-y-canada,Estructura de la Conferencia de Servicios Generales (EE. UU. y Canadá),1,aaws.widen.net,ok
811,La structure de la Conférence des Services généraux (É.-U. et Canada),https://aaws.widen.net/content/gaqqttaucb/pdf/smff-116_the_general_service_conference_structure.pdf,smff-116_the_general_service_conference_structure.pdf,SMFF-116,SMF-116,Service Material,General Service Conference,Conference & Events,French,Conference,,176184,172.1 KB,2024-10-16,https://www.aa.org/fr/la-structure-de-la-conference-des-services-generaux-e-u-et-canada,La structure de la Conférence des Services généraux (É.-U. et Canada),1,aaws.widen.net,ok
812,Markings - The Rocky Road to the First General Service Conference of A.A.,https://www.aa.org/sites/default/files/newsletters/f-151_markings_fall06.pdf,f-151_markings_fall06.pdf,F-151,F-151,"Forms, Catalogs & Order Blanks",General Service Conference,Conference & Events,English,Conference; Newsletter,,259522,253.4 KB,2021-07-12,https://www.aa.org/markings-newsletter,Markings,1,www.aa.org,ok
813,The General Service Conference Structure (U.S. and Canada),https://aaws.widen.net/content/kwldh7qtsh/pdf/smf-116_the_general_service_conference_structure.pdf,smf-116_the_general_service_conference_structure.pdf,SMF-116,SMF-116,Service Material,General Service Conference,Conference & Events,English,Conference,,205615,200.8 KB,2024-10-16,https://www.aa.org/general-service-conference-structure-us-and-canada,The General Service Conference Structure (U.S. and Canada),1,aaws.widen.net,ok
814,AA Grapevine and La Viña: Our Meetings in Print,https://aaws.widen.net/content/qq2sk0k7ob/pdf/p-52_aa_grapevine_meeting_in_print_online.pdf,p-52_aa_grapevine_meeting_in_print_online.pdf,P-52,P-52,Pamphlets & Booklets,Grapevine & La Viña,Newsletters,English,Grapevine,,495186,483.6 KB,2026-08-05,https://www.aa.org/aa-grapevine-and-la-vina-our-meetings-print,AA Grapevine and La Viña: Our Meetings in Print,2,aaws.widen.net,ok
815,El Grapevine y la Viña: nuestras reuniónes impresas y en otros medios,https://aaws.widen.net/content/a0j47fylxz/pdf/sp-52_aa_grapevine_meeting_in_print_online.pdf,sp-52_aa_grapevine_meeting_in_print_online.pdf,SP-52,P-52,Pamphlets & Booklets,Grapevine & La Viña,Newsletters,Spanish,Grapevine,,496527,484.9 KB,2026-07-27,https://www.aa.org/es/el-grapevine-y-la-vina-nuestras-reuniones-impresas-y-en-otros-medios,El Grapevine y la Viña: nuestras reuniónes impresas y en otros medios,1,aaws.widen.net,ok
816,Liste de contrôle des Traditions tirée du Grapevine,https://aaws.widen.net/content/cj2mheoixh/pdf/smff-131_traditions_checklist.pdf,smff-131_traditions_checklist.pdf,SMFF-131,SMF-131,Service Material,Grapevine & La Viña,Newsletters,French,Twelve Traditions; Grapevine; Workbook / Kit,,138648,135.4 KB,2024-10-15,https://www.aa.org/fr/liste-de-controle-des-traditions-tiree-du-grapevine,Liste de contrôle des Traditions tirée du Grapevine,1,aaws.widen.net,ok
817,Sugerencias para el uso de A.A. Grapevine y La Viña,https://aaws.widen.net/content/bher6ptzui/pdf/sf-190_suggestions_using_gv_and_lv_online.pdf,sf-190_suggestions_using_gv_and_lv_online.pdf,SF-190,F-190,"Forms, Catalogs & Order Blanks",Grapevine & La Viña,Newsletters,Spanish,Grapevine,,52479,51.2 KB,2026-02-10,https://www.aa.org/es/sugerencias-para-el-uso-de-aa-grapevine-y-la-vina,Sugerencias para el uso de A.A. Grapevine y La Viña,1,aaws.widen.net,ok
818,Suggestions for Using Grapevine and La Viña,https://aaws.widen.net/content/rbfxi1mesd/pdf/f-190_suggestions_using_gv_and_lv_online.pdf,f-190_suggestions_using_gv_and_lv_online.pdf,F-190,F-190,"Forms, Catalogs & Order Blanks",Grapevine & La Viña,Newsletters,English,Grapevine,,50437,49.3 KB,2026-02-10,https://www.aa.org/suggestions-using-grapevine-and-la-vina,Suggestions for Using Grapevine and La Viña,1,aaws.widen.net,ok
819,Suggestions pour l'utilisation de Grapevine et de La Viña,https://aaws.widen.net/content/h0rz3snsxk/pdf/ff-190_suggestions_using_gv_and_lv_online.pdf,ff-190_suggestions_using_gv_and_lv_online.pdf,FF-190,F-190,"Forms, Catalogs & Order Blanks",Grapevine & La Viña,Newsletters,French,Grapevine,,69816,68.2 KB,2026-02-10,https://www.aa.org/fr/suggestions-pour-lutilisation-de-grapevine-et-de-la-vina,Suggestions pour l'utilisation de Grapevine et de La Viña,1,aaws.widen.net,ok
820,Traditions Checklist from the A.A. Grapevine,https://aaws.widen.net/content/7w4movk5ut/pdf/smf-131_traditions_checklist.pdf,smf-131_traditions_checklist.pdf,SMF-131,SMF-131,Service Material,Grapevine & La Viña,Newsletters,English,Twelve Traditions; Grapevine; Workbook / Kit,,85613,83.6 KB,2024-10-15,https://www.aa.org/traditions-checklist-aa-grapevine,Traditions Checklist from the A.A. Grapevine,1,aaws.widen.net,ok
821,Un chequeo de las tradiciones de la revista AA Grapevine,https://aaws.widen.net/content/xmavzgbkmr/pdf/smfs-131_traditions_checklist.pdf,smfs-131_traditions_checklist.pdf,SMFS-131,SMF-131,Service Material,Grapevine & La Viña,Newsletters,Spanish,Twelve Traditions; Grapevine; Workbook / Kit,,58616,57.2 KB,2024-10-15,https://www.aa.org/es/un-chequeo-de-las-tradiciones-de-la-revista-aa-grapevine,Un chequeo de las tradiciones de la revista AA Grapevine,1,aaws.widen.net,ok
822,Carta al grupo,https://aaws.widen.net/content/srhyt046m6/pdf/sf-212_group_handbook_welcome_letter.pdf,sf-212_group_handbook_welcome_letter.pdf,SF-212,F-212,"Forms, Catalogs & Order Blanks","Group, District & Area Service",Service Structure,Spanish,Group Service,,109128,106.6 KB,2025-04-16,https://www.aa.org/es/carta-al-grupo,Carta al grupo,1,aaws.widen.net,ok
823,Contenido del manual de grupo,https://aaws.widen.net/content/znzdv8ewuo/pdf/sf-119_group_handbook_literature_kit_online.pdf,sf-119_group_handbook_literature_kit_online.pdf,SF-119,F-119,"Forms, Catalogs & Order Blanks","Group, District & Area Service",Service Structure,Spanish,Group Service; Workbook / Kit,,116746,114.0 KB,2026-02-10,https://www.aa.org/es/contenido-del-manual-de-grupo,Contenido del manual de grupo,1,aaws.widen.net,ok
824,Contenido del Paquete de Miembro del Comité de Distrito (M.C.D.),https://aaws.widen.net/content/q7rpz9kgey/pdf/sf-153_dcm_kit_digital_online.pdf,sf-153_dcm_kit_digital_online.pdf,SF-153,F-153,"Forms, Catalogs & Order Blanks","Group, District & Area Service",Service Structure,Spanish,Group Service; Workbook / Kit,,106390,103.9 KB,2026-02-10,https://www.aa.org/es/contenido-del-paquete-de-mcd,Contenido del Paquete de Miembro del Comité de Distrito (M.C.D.),2,aaws.widen.net,ok
825,Contenido del paquete de representante de servicios generales (RSG),https://aaws.widen.net/content/mquntdlro4/pdf/gsr_kit_digital_sp_online.pdf,gsr_kit_digital_sp_online.pdf,,,,"Group, District & Area Service",Service Structure,Spanish,Group Service; Workbook / Kit,,101148,98.8 KB,2026-02-10,https://www.aa.org/es/contenido-del-paquete-de-rsg,Contenido del paquete de representante de servicios generales (RSG),2,aaws.widen.net,ok
826,Contents of General Service Representative (G.S.R.) Kit List,https://aaws.widen.net/content/qiuj4jhgqo/pdf/gsr_kit_digital_en_online.pdf,gsr_kit_digital_en_online.pdf,,,,"Group, District & Area Service",Service Structure,English,Group Service; Workbook / Kit,,83005,81.1 KB,2026-02-10,https://www.aa.org/gsr-content-kit,Contents of General Service Representative (G.S.R.) Kit List,3,aaws.widen.net,ok
827,Contents Of Group Handbook List,https://aaws.widen.net/content/gp8cwollny/pdf/f-119_group_handbook_literature_kit_online.pdf,f-119_group_handbook_literature_kit_online.pdf,F-119,F-119,"Forms, Catalogs & Order Blanks","Group, District & Area Service",Service Structure,English,Group Service; Workbook / Kit,,136734,133.5 KB,2026-02-10,https://www.aa.org/contents-group-handbook-list,Contents Of Group Handbook List,2,aaws.widen.net,ok
828,Contenu de La Pochette des Représentant du District Auprès de La Règion (RDR),https://aaws.widen.net/content/un891kuixg/pdf/ff-153_dcm_kit_online.pdf,ff-153_dcm_kit_online.pdf,FF-153,F-153,"Forms, Catalogs & Order Blanks","Group, District & Area Service",Service Structure,French,Group Service; Workbook / Kit,,106670,104.2 KB,2026-02-10,https://www.aa.org/fr/contenu-de-la-pochette-des-rdr,Contenu de La Pochette des Représentant du District Auprès de La Règion (RDR),2,aaws.widen.net,ok
829,Contenu de La Pochette du Manuel de Groupe,https://aaws.widen.net/content/u5xxwliflt/pdf/ff-119_group_handbook_literature_kit_online.pdf,ff-119_group_handbook_literature_kit_online.pdf,FF-119,F-119,"Forms, Catalogs & Order Blanks","Group, District & Area Service",Service Structure,French,Group Service; Workbook / Kit,,117728,115.0 KB,2026-02-10,https://www.aa.org/fr/contenu-de-la-pochette-du-manuel-de-groupe,Contenu de La Pochette du Manuel de Groupe,1,aaws.widen.net,ok
830,Contenu de la pochette du représentant auprès des Services généraux (RSG),https://aaws.widen.net/content/s1xuw2wgif/pdf/gsr_kit_digital_fr_online.pdf,gsr_kit_digital_fr_online.pdf,,,,"Group, District & Area Service",Service Structure,French,Group Service; Workbook / Kit,,132058,129.0 KB,2026-02-10,https://www.aa.org/fr/le-contenu-du-pochette-du-rsg,Contenu de la pochette du représentant auprès des Services généraux (RSG),2,aaws.widen.net,ok
831,District Committee Member (D.C.M.) Kit List,https://aaws.widen.net/content/00zubabmvj/pdf/f-153_dcm_kit_online.pdf,f-153_dcm_kit_online.pdf,F-153,F-153,"Forms, Catalogs & Order Blanks","Group, District & Area Service",Service Structure,English,Group Service; Workbook / Kit,,107168,104.7 KB,2026-02-10,https://www.aa.org/dcm-kit-contents,District Committee Member (D.C.M.) Kit List,2,aaws.widen.net,ok
832,E.U. et Canada Fiche de changements de RDR et PRCD,https://aaws.widen.net/content/xjvfgzol4s/pdf/ff-43_dcm_change_form.pdf,ff-43_dcm_change_form.pdf,FF-43,F-43,"Forms, Catalogs & Order Blanks","Group, District & Area Service",Service Structure,French,Group Service; Form / Application,,56107,54.8 KB,2026-03-10,https://www.aa.org/fr/eu-et-canada-fiche-de-changements-de-rdr-et-prcd,E.U. et Canada Fiche de changements de RDR et PRCD,2,aaws.widen.net,ok
833,EE.UU. y Canadá Formulario de Cambio de Miembro del Comité de Distrito y Coordinador del Comité del D,https://aaws.widen.net/content/wsjx3ytu2p/pdf/sf-43_dcm_change_form.pdf,sf-43_dcm_change_form.pdf,SF-43,F-43,"Forms, Catalogs & Order Blanks","Group, District & Area Service",Service Structure,Spanish,Group Service; Form / Application,,55873,54.6 KB,2026-02-19,https://www.aa.org/es/formulario-de-cambio-de-informacion-de-mcd-y-cmcd-osg-de-ee-uu-y-canada,EE.UU. y Canadá Formulario de Cambio de Miembro del Comité de Distrito y Coordinador del Comité del D,2,aaws.widen.net,ok
834,G.S.R. General Service Representative,https://aaws.widen.net/content/s4mowz4oh4/pdf/p-19_gsr_online.pdf,p-19_gsr_online.pdf,P-19,P-19,Pamphlets & Booklets,"Group, District & Area Service",Service Structure,English,Group Service,,132140,129.0 KB,2025-08-13,https://www.aa.org/gsr-your-groups-link-aa-whole,G.S.R. General Service Representative,2,aaws.widen.net,ok
835,GSO DCM & DCMC Information Change Form,https://aaws.widen.net/content/dqkve1pidg/pdf/f-43_dcm_change_form.pdf,f-43_dcm_change_form.pdf,F-43,F-43,"Forms, Catalogs & Order Blanks","Group, District & Area Service",Service Structure,English,Group Service; Form / Application,,52918,51.7 KB,2026-03-10,https://www.aa.org/gso-dcm-dcmc-information-change-form,GSO DCM & DCMC Information Change Form,2,aaws.widen.net,ok
836,GSO Group Information Change Form,https://aaws.widen.net/content/qgs1ffnvwa/pdf/f-28_group_info_change_form.pdf,f-28_group_info_change_form.pdf,F-28,F-28,"Forms, Catalogs & Order Blanks","Group, District & Area Service",Service Structure,English,Group Service; Form / Application,,47152,46.0 KB,2026-03-10,https://www.aa.org/gso-group-information-change-form,GSO Group Information Change Form,1,aaws.widen.net,ok
837,GSO New Group Listing Guidelines/Form,https://aaws.widen.net/content/517i2qd5xr/pdf/f-30_new_group_form.pdf,f-30_new_group_form.pdf,F-30,F-30,"Forms, Catalogs & Order Blanks","Group, District & Area Service",Service Structure,English,Guidelines; Group Service; Workbook / Kit; Form / Application,,75003,73.2 KB,2026-03-10,https://www.aa.org/gso-new-group-listing-guidelines-form,GSO New Group Listing Guidelines/Form,2,aaws.widen.net,ok
838,Guías de A.A. acerca de Servicios de contestación de A.A.,https://aaws.widen.net/content/hklizkasct/pdf/smg-12_aa_answering_services_online.pdf,smg-12_aa_answering_services_online.pdf,SMG-12,MG-12,A.A. Guidelines,"Group, District & Area Service",Service Structure,Spanish,,,44692,43.6 KB,2024-02-13,https://www.aa.org/es/guias-de-aa-acerca-de-servicios-de-contestacion-de-aa,Guías de A.A. acerca de Servicios de contestación de A.A.,1,aaws.widen.net,ok
839,Guías de AA: Intergrupos u oficinas centrales,https://aaws.widen.net/content/a0039rapgs/pdf/smg-2_intergroup_or_central_offices_online.pdf,smg-2_intergroup_or_central_offices_online.pdf,SMG-2,MG-2,A.A. Guidelines,"Group, District & Area Service",Service Structure,Spanish,,,75133,73.4 KB,2026-09-14,https://www.aa.org/es/guias-de-aa-intergrupos-u-oficinas-centrales,Guías de AA: Intergrupos u oficinas centrales,2,aaws.widen.net,ok
840,Guías y Formulario para Registrar Nuevos Grupos,https://aaws.widen.net/content/42dtvneju3/pdf/sf-30_new_group_form.pdf,sf-30_new_group_form.pdf,SF-30,F-30,"Forms, Catalogs & Order Blanks","Group, District & Area Service",Service Structure,Spanish,Group Service; Form / Application,,78387,76.5 KB,2026-02-19,https://www.aa.org/es/guias-y-formulario-para-registrar-nuevos-grupos,Guías y Formulario para Registrar Nuevos Grupos,1,aaws.widen.net,ok
841,"Le RSG, représentant auprès des Services généraux",https://aaws.widen.net/content/8rvpmcselx/pdf/fp-19_gsr_online.pdf,fp-19_gsr_online.pdf,FP-19,P-19,Pamphlets & Booklets,"Group, District & Area Service",Service Structure,French,Group Service,,139413,136.1 KB,2026-08-19,https://www.aa.org/fr/le-rsg-representant-aupres-des-services-generaux,"Le RSG, représentant auprès des Services généraux",2,aaws.widen.net,ok
842,Letter to Group,https://aaws.widen.net/content/jzqmxctkwb/pdf/f-212_group_handbook_welcome_letter.pdf,f-212_group_handbook_welcome_letter.pdf,F-212,F-212,"Forms, Catalogs & Order Blanks","Group, District & Area Service",Service Structure,English,Group Service,,93075,90.9 KB,2025-04-16,https://www.aa.org/letter-group,Letter to Group,1,aaws.widen.net,ok
843,Lettre au groupe,https://aaws.widen.net/content/vlrahl97bj/pdf/ff-212_group_handbook_welcome_letter.pdf,ff-212_group_handbook_welcome_letter.pdf,FF-212,F-212,"Forms, Catalogs & Order Blanks","Group, District & Area Service",Service Structure,French,Group Service,,110166,107.6 KB,2026-03-10,https://www.aa.org/fr/lettre-au-groupe,Lettre au groupe,1,aaws.widen.net,ok
844,Ligne de conduite des AA sur les Secrétariats téléphoniques AA,https://aaws.widen.net/content/toos6xhy8n/pdf/fmg-12_aa_answering_services_online.pdf,fmg-12_aa_answering_services_online.pdf,FMG-12,MG-12,A.A. Guidelines,"Group, District & Area Service",Service Structure,French,,,43914,42.9 KB,2026-03-10,https://www.aa.org/fr/ligne-de-conduite-des-aa-sur-les-secretariats-telephoniques-aa,Ligne de conduite des AA sur les Secrétariats téléphoniques AA,1,aaws.widen.net,ok
845,Lignes de conduite des AA sur les Bureaux centraux ou Intergroupes,https://aaws.widen.net/content/2fircmpd6t/pdf/fmg-2_intergroup_or_central_offices_online.pdf,fmg-2_intergroup_or_central_offices_online.pdf,FMG-2,MG-2,A.A. Guidelines,"Group, District & Area Service",Service Structure,French,,,71347,69.7 KB,2026-03-10,https://www.aa.org/fr/ligne-de-conduite-des-aa-sur-les-bureau-central-ou-intergroupe,Lignes de conduite des AA sur les Bureaux centraux ou Intergroupes,2,aaws.widen.net,ok
846,Lignes de conduite et formulaire pour l’inscription de nouveaux groupes auprès du BSG,https://aaws.widen.net/content/zrv0imgvbj/pdf/ff-30_new_group_form.pdf,ff-30_new_group_form.pdf,FF-30,F-30,"Forms, Catalogs & Order Blanks","Group, District & Area Service",Service Structure,French,Group Service; Form / Application,,81639,79.7 KB,2026-03-10,https://www.aa.org/fr/lignes-de-conduite-et-formulaire-pour-linscription-de-nouveaux-groupes-aupres-du-bsg,Lignes de conduite et formulaire pour l’inscription de nouveaux groupes auprès du BSG,2,aaws.widen.net,ok
847,Mettre à jour les informations de votre groupe,https://www.aa.org/sites/default/files/literature/FF28_Group_Information_Change_Form_fillable_FR.pdf,FF28_Group_Information_Change_Form_fillable_FR.pdf,FF-28,F-28,"Forms, Catalogs & Order Blanks","Group, District & Area Service",Service Structure,French,Group Service; Form / Application,,226675,221.4 KB,2022-01-13,https://www.aa.org/fr/the-aa-group,Le Groupe des AA,1,www.aa.org,ok
848,New Group Form,https://www.aa.org/sites/default/files/literature/e_group.pdf,e_group.pdf,,,,"Group, District & Area Service",Service Structure,English,Group Service; Form / Application,,210012,205.1 KB,2022-08-04,https://www.aa.org/participating-in-aa,Participating in A.A.,1,www.aa.org,ok
849,RSG: Representante de Servicios Generales,https://aaws.widen.net/content/qxygtljb1a/pdf/sp-19_gsr_online.pdf,sp-19_gsr_online.pdf,SP-19,P-19,Pamphlets & Booklets,"Group, District & Area Service",Service Structure,Spanish,Group Service,,149147,145.7 KB,2025-09-08,https://www.aa.org/es/rsg-representante-de-servicios-generales,RSG: Representante de Servicios Generales,2,aaws.widen.net,ok
850,Su MCD: Miembro del comité de distrito,https://aaws.widen.net/content/pz4jhh8ca9/pdf/sf-12_dcm_flyer_online.pdf,sf-12_dcm_flyer_online.pdf,SF-12,F-12,"Forms, Catalogs & Order Blanks","Group, District & Area Service",Service Structure,Spanish,Group Service; Flyer / Poster,,28683,28.0 KB,2026-04-13,https://www.aa.org/es/su-mcd-miembro-del-comite-de-distrito,Su MCD: Miembro del comité de distrito,1,aaws.widen.net,ok
851,Votre RDR - Représentant de district auprès de la région,https://aaws.widen.net/content/afblpktlnh/pdf/ff-12_dcm_flyer_online.pdf,ff-12_dcm_flyer_online.pdf,FF-12,F-12,"Forms, Catalogs & Order Blanks","Group, District & Area Service",Service Structure,French,Group Service; Flyer / Poster,,29912,29.2 KB,2026-05-27,https://www.aa.org/fr/votre-rdr-representant-de-district-aupres-de-la-region,Votre RDR - Représentant de district auprès de la région,1,aaws.widen.net,ok
852,Your D.C.M. - District Committee Member,https://aaws.widen.net/content/s47sn3xlam/pdf/f-12_dcm_flyer_online.pdf,f-12_dcm_flyer_online.pdf,F-12,F-12,"Forms, Catalogs & Order Blanks","Group, District & Area Service",Service Structure,English,Group Service; Flyer / Poster,,28219,27.6 KB,2026-09-16,https://www.aa.org/your-dcm-district-committee-member,Your D.C.M. - District Committee Member,1,aaws.widen.net,ok
853,Conference-Approved Literature,https://aaws.widen.net/content/hfzsojoohs/pdf/smf-29_conference_approved_literature.pdf,smf-29_conference_approved_literature.pdf,SMF-29,SMF-29,Service Material,Literature & Committees,Literature,English,Conference,,22752,22.2 KB,2024-10-15,https://www.aa.org/conference-approved-literature,Conference-Approved Literature,1,aaws.widen.net,ok
854,El Fondo Internacional de Literatura,https://aaws.widen.net/content/2kzr1uredx/pdf/smfs-219_the_international_literature_fund.pdf,smfs-219_the_international_literature_fund.pdf,SMFS-219,SMF-219,Service Material,Literature & Committees,Literature,Spanish,,,61425,60.0 KB,2025-10-24,https://www.aa.org/es/el-fondo-internacional-de-literatura,El Fondo Internacional de Literatura,1,aaws.widen.net,ok
855,Guías de AA: Comités de Literatura,https://aaws.widen.net/content/foq89yzye7/pdf/smg-9_literature_online.pdf,smg-9_literature_online.pdf,SMG-9,MG-9,A.A. Guidelines,Literature & Committees,Literature,Spanish,,,71805,70.1 KB,2025-03-06,https://www.aa.org/es/guias-de-aa-comites-de-literatura,Guías de AA: Comités de Literatura,2,aaws.widen.net,ok
856,Le Fonds international des publications,https://aaws.widen.net/content/5t7ljukdar/pdf/smff-219_the_international_literature_fund.pdf,smff-219_the_international_literature_fund.pdf,SMFF-219,SMF-219,Service Material,Literature & Committees,Literature,French,,,62515,61.0 KB,2025-10-24,https://www.aa.org/fr/le-fonds-international-des-publications,Le Fonds international des publications,1,aaws.widen.net,ok
857,Libro de trabajo de Literatura,https://aaws.widen.net/content/psp2mznsgp/pdf/sm-52i_literature_workbook_online.pdf,sm-52i_literature_workbook_online.pdf,SM-52I,SM-52I,Service Material,Literature & Committees,Literature,Spanish,Workbook / Kit,,7993,7.8 KB,2026-05-15,https://www.aa.org/es/libro-de-trabajo-de-literatura,Libro de trabajo de Literatura,1,aaws.widen.net,ok
858,Ligne de conduite des AA sur les Comité des publications,https://aaws.widen.net/content/ymdg2da67h/pdf/fmg-9_literature_online.pdf,fmg-9_literature_online.pdf,FMG-9,MG-9,A.A. Guidelines,Literature & Committees,Literature,French,,,65477,63.9 KB,2026-03-10,https://www.aa.org/fr/ligne-de-conduite-des-aa-sur-les-comite-des-publications,Ligne de conduite des AA sur les Comité des publications,1,aaws.widen.net,ok
859,Literatura aprobada por la conferencia,https://aaws.widen.net/content/eojpoe9mww/pdf/smfs-29_conference_approved_literature.pdf,smfs-29_conference_approved_literature.pdf,SMFS-29,SMF-29,Service Material,Literature & Committees,Literature,Spanish,Conference,,23167,22.6 KB,2024-10-15,https://www.aa.org/es/literatura-aprobada-por-la-conferencia,Literatura aprobada por la conferencia,1,aaws.widen.net,ok
860,Literature Workbook,https://aaws.widen.net/content/iwb0i2p92u/pdf/m-52i_literature_workbook_online.pdf,m-52i_literature_workbook_online.pdf,M-52I,M-52I,Displays & Wallet Cards,Literature & Committees,Literature,English,Workbook / Kit,,136747,133.5 KB,2026-03-10,https://www.aa.org/literature-workbook,Literature Workbook,1,aaws.widen.net,ok
861,Manuel des Publications,https://aaws.widen.net/content/mfjuqiaixn/pdf/fm-52i_literature_workbook_online.pdf,fm-52i_literature_workbook_online.pdf,,,,Literature & Committees,Literature,French,Workbook / Kit,,165052,161.2 KB,2026-05-18,https://www.aa.org/fr/manuel-des-publications,Manuel des Publications,1,aaws.widen.net,ok
862,Publications approuvées par la Conférence,https://aaws.widen.net/content/8aqokddm5b/pdf/smff-29_conference_approved_literature.pdf,smff-29_conference_approved_literature.pdf,SMFF-29,SMF-29,Service Material,Literature & Committees,Literature,French,Conference,,28017,27.4 KB,2024-10-15,https://www.aa.org/fr/publications-approuvees-par-la-conference,Publications approuvées par la Conférence,1,aaws.widen.net,ok
863,The International Literature Fund,https://aaws.widen.net/content/s9bia81xnk/pdf/smf-219_the_international_literature_fund.pdf,smf-219_the_international_literature_fund.pdf,SMF-219,SMF-219,Service Material,Literature & Committees,Literature,English,,,35024,34.2 KB,2025-10-24,https://www.aa.org/international-literature-fund,The International Literature Fund,1,aaws.widen.net,ok
864,Loners Internationalists Correspondence Service,https://aaws.widen.net/content/ay0dqazwcj/pdf/smf-123_loners_international_correspondence_service.pdf,smf-123_loners_international_correspondence_service.pdf,SMF-123,SMF-123,Service Material,Loners & Internationalists,Newsletters,English,,,32611,31.8 KB,2024-10-15,https://www.aa.org/loners-internationalists-correspondence-service,Loners Internationalists Correspondence Service,6,aaws.widen.net,ok
865,A Newcomer Asks,https://aaws.widen.net/content/wivom7lktv/pdf/p-24_a_newcomer_asks_online.pdf,p-24_a_newcomer_asks_online.pdf,P-24,P-24,Pamphlets & Booklets,Members & Outreach,For Members,English,Newcomer,,395349,386.1 KB,2025-12-03,https://www.aa.org/newcomer-asks,A Newcomer Asks,1,aaws.widen.net,ok
866,A.A. for the Older Alcoholic,https://aaws.widen.net/content/igxtocutug/pdf/b-28_aa_older_alcoholic_large_online.pdf,b-28_aa_older_alcoholic_large_online.pdf,B-28,B-28,Books & Big Book,Members & Outreach,For Members,English,,,3058152,2.9 MB,2024-07-16,https://www.aa.org/aa-older-alcoholic,A.A. for the Older Alcoholic,2,aaws.widen.net,ok
867,AA para el alcohólico de edad avanzada,https://aaws.widen.net/content/1q02wpbupr/pdf/sb-28_aa_older_alcoholic_large_online.pdf,sb-28_aa_older_alcoholic_large_online.pdf,SB-28,B-28,Books & Big Book,Members & Outreach,For Members,Spanish,,,2870867,2.7 MB,2025-10-02,https://www.aa.org/es/aa-para-el-alcoholico-de-edad-avanzada-nunca-es-demasiado-tarde,AA para el alcohólico de edad avanzada,2,aaws.widen.net,ok
868,Bienvenue sur la page de soumission de partages pour la brochure « Les AA pour l’alcoolique asiatique ou asio-américain »!,https://www.aa.org/sites/default/files/literature/FR_Asian_and_Asian_American_Alcoholic_Call_for_Stories.pdf,FR_Asian_and_Asian_American_Alcoholic_Call_for_Stories.pdf,,,,Members & Outreach,For Members,French,,,257874,251.8 KB,2025-10-21,https://www.aa.org/fr/soumission-de-partages-pour-la-brochure-les-aa-pour-lalcoolique-asiatique-ou-asio-americain,Bienvenue sur la page de soumission de partages pour la brochure « Les AA pour l’alcoolique asiatique ou asio-américain »!,1,www.aa.org,ok
869,Bienvenue sur la page de soumission de partages pour la brochure « Les AA pour l’alcoolique noir et afro-américain »!,https://www.aa.org/sites/default/files/literature/Announcement_AA%20Blck_Afrcn_Amrcn_FR_1.pdf,Announcement_AA%20Blck_Afrcn_Amrcn_FR_1.pdf,,,,Members & Outreach,For Members,French,Black & African American; Flyer / Poster,,201967,197.2 KB,2022-07-20,https://www.aa.org/fr/submit-aaforblackafricanamerican-english-pamphlet,Bienvenue sur la page de soumission de partages pour la brochure « Les AA pour l’alcoolique noir et afro-américain »!,2,www.aa.org,ok
870,Bienvenue sur la page de soumission de partages pour la brochure « Les AA pour l’alcoolique transgenre »!,https://www.aa.org/sites/default/files/literature/FR_Transgender_Alcoholic_Call_for_Stories.pdf,FR_Transgender_Alcoholic_Call_for_Stories.pdf,,,,Members & Outreach,For Members,French,LGBTQ+,,274378,267.9 KB,2025-10-21,https://www.aa.org/fr/soumission-de-partages-pour-la-brochure-les-aa-pour-lalcoolique-transgenre,Bienvenue sur la page de soumission de partages pour la brochure « Les AA pour l’alcoolique transgenre »!,1,www.aa.org,ok
871,Black in AA – Experience Strength and Hope,https://aaws.widen.net/content/ihkqbdkb9u/pdf/p-51_black_in_aa_online.pdf,p-51_black_in_aa_online.pdf,P-51,P-51,Pamphlets & Booklets,Members & Outreach,For Members,English,Black & African American,,181085,176.8 KB,2026-08-05,https://www.aa.org/black-aa-experience-strength-and-hope,Black in AA – Experience Strength and Hope,1,aaws.widen.net,ok
872,Hispanic Women in A.A.,https://aaws.widen.net/content/7jmwjclixx/pdf/p-90_hispanic_women_in_aa_online.pdf,p-90_hispanic_women_in_aa_online.pdf,P-90,P-90,Pamphlets & Booklets,Members & Outreach,For Members,English,Women,,316375,309.0 KB,2026-09-14,https://www.aa.org/hispanic-women-aa,Hispanic Women in A.A.,2,aaws.widen.net,ok
873,La palabra «Dios»: Los miembros de AA agnósticos y ateos,https://aaws.widen.net/content/scfohfoknw/pdf/sp-86_the_god_word_online.pdf,sp-86_the_god_word_online.pdf,SP-86,P-86,Pamphlets & Booklets,Members & Outreach,For Members,Spanish,,,1417539,1.4 MB,2025-11-17,https://www.aa.org/es/la-palabra-dios-los-miembros-de-aa-agnosticos-y-ateos,La palabra «Dios»: Los miembros de AA agnósticos y ateos,1,aaws.widen.net,ok
874,Las mujeres en AA,https://aaws.widen.net/content/y0aowdqutj/pdf/sp-5_women_in_aa_online.pdf,sp-5_women_in_aa_online.pdf,SP-5,P-5,Pamphlets & Booklets,Members & Outreach,For Members,Spanish,Women,,333948,326.1 KB,2025-11-19,https://www.aa.org/es/las-mujeres-en-aa,Las mujeres en AA,1,aaws.widen.net,ok
875,Les AA pour la femme,https://aaws.widen.net/content/61hlpwgimm/pdf/fp-5_women_in_aa_online.pdf,fp-5_women_in_aa_online.pdf,FP-5,P-5,Pamphlets & Booklets,Members & Outreach,For Members,French,Women,,479399,468.2 KB,2026-03-03,https://www.aa.org/fr/les-aa-pour-la-femme,Les AA pour la femme,1,aaws.widen.net,ok
876,Les AA pour l’alcoolique plus âgé,https://aaws.widen.net/content/2ltxxi9hy4/pdf/fb-28_aa_older_alcoholic_large_online.pdf,fb-28_aa_older_alcoholic_large_online.pdf,FB-28,B-28,Books & Big Book,Members & Outreach,For Members,French,,,3116424,3.0 MB,2024-07-22,https://www.aa.org/fr/les-aa-pour-lalcoolique-plus-age,Les AA pour l’alcoolique plus âgé,1,aaws.widen.net,ok
877,Les alcooliques LGBTQ des AA,https://aaws.widen.net/content/h88qyv907d/pdf/fp-32_lgbtq_online.pdf,fp-32_lgbtq_online.pdf,FP-32,P-32,Pamphlets & Booklets,Members & Outreach,For Members,French,LGBTQ+,,268479,262.2 KB,2026-01-15,https://www.aa.org/fr/les-alcooliques-lgbtq-des-aa,Les alcooliques LGBTQ des AA,1,aaws.widen.net,ok
878,Les femmes hispaniques chez les AA,https://aaws.widen.net/content/eot4hllhgx/pdf/fp-90_hispanic_women_in_aa_online.pdf,fp-90_hispanic_women_in_aa_online.pdf,FP-90,P-90,Pamphlets & Booklets,Members & Outreach,For Members,French,Women,,291771,284.9 KB,2024-01-23,https://www.aa.org/fr/les-femmes-hispaniques-chez-les-aa,Les femmes hispaniques chez les AA,1,aaws.widen.net,ok
879,"Les Noirs chez les AA – Expérience, force et espoir",https://aaws.widen.net/content/himxbgu6jz/pdf/fp-51_black_in_aa_online.pdf,fp-51_black_in_aa_online.pdf,FP-51,P-51,Pamphlets & Booklets,Members & Outreach,For Members,French,Black & African American,,186157,181.8 KB,2024-10-16,https://www.aa.org/fr/les-noirs-chez-les-aa-experience-force-et-espoir,"Les Noirs chez les AA – Expérience, force et espoir",1,aaws.widen.net,ok
880,LGBTQ Alcoholics in A.A.,https://aaws.widen.net/content/hvfehw3v5b/pdf/p-32_lgbtq_online.pdf,p-32_lgbtq_online.pdf,P-32,P-32,Pamphlets & Booklets,Members & Outreach,For Members,English,LGBTQ+,,260519,254.4 KB,2026-01-12,https://www.aa.org/lgbtq-alcoholics-aa,LGBTQ Alcoholics in A.A.,1,aaws.widen.net,ok
881,Los alcohólicos LGBTQ en AA,https://aaws.widen.net/content/wcgpbsidfd/pdf/sp-32_lgbtq_online.pdf,sp-32_lgbtq_online.pdf,SP-32,P-32,Pamphlets & Booklets,Members & Outreach,For Members,Spanish,LGBTQ+,,262192,256.0 KB,2025-05-28,https://www.aa.org/es/los-alcoholicos-lgbtq-en-aa,Los alcohólicos LGBTQ en AA,1,aaws.widen.net,ok
882,Mujeres hispanas en AA,https://aaws.widen.net/content/asgrhynlsx/pdf/sp-90_hispanic_women_in_aa_online.pdf,sp-90_hispanic_women_in_aa_online.pdf,SP-90,P-90,Pamphlets & Booklets,Members & Outreach,For Members,Spanish,Women,,322732,315.2 KB,2026-08-06,https://www.aa.org/es/mujeres-hispanas-en-aa,Mujeres hispanas en AA,1,aaws.widen.net,ok
883,"Ser negro en AA – Experiencia, fortaleza y esperanza",https://aaws.widen.net/content/hxi6wrkmqj/pdf/sp-51_black_in_aa_online.pdf,sp-51_black_in_aa_online.pdf,SP-51,P-51,Pamphlets & Booklets,Members & Outreach,For Members,Spanish,Black & African American,,186212,181.8 KB,2024-10-24,https://www.aa.org/es/ser-negro-en-aa-experiencia-fortaleza-y-esperanza,"Ser negro en AA – Experiencia, fortaleza y esperanza",1,aaws.widen.net,ok
884,"The ""God"" Word: Agnostic and Atheist Members in A.A.",https://aaws.widen.net/content/0wcxerrekw/pdf/p-86_the_god_word_online.pdf,p-86_the_god_word_online.pdf,P-86,P-86,Pamphlets & Booklets,Members & Outreach,For Members,English,,,1388864,1.3 MB,2025-06-12,https://www.aa.org/god-word-agnostic-and-atheist-members-aa,"The ""God"" Word: Agnostic and Atheist Members in A.A.",1,aaws.widen.net,ok
885,Un nouveau veut savoir...,https://aaws.widen.net/content/glxm4bcuhc/pdf/fp-24_a_newcomer_asks_online.pdf,fp-24_a_newcomer_asks_online.pdf,FP-24,P-24,Pamphlets & Booklets,Members & Outreach,For Members,French,Newcomer,,405571,396.1 KB,2026-06-16,https://www.aa.org/fr/un-nouveau-veut-savoir,Un nouveau veut savoir...,1,aaws.widen.net,ok
886,Un principiante pregunta...,https://aaws.widen.net/content/zvcjokgu2y/pdf/sp-24_a_newcomer_asks_online.pdf,sp-24_a_newcomer_asks_online.pdf,SP-24,P-24,Pamphlets & Booklets,Members & Outreach,For Members,Spanish,Newcomer,,382154,373.2 KB,2025-06-05,https://www.aa.org/es/un-principiante-pregunta,Un principiante pregunta...,1,aaws.widen.net,ok
887,"Welcome to the “A.A. for the Black and African-American Alcoholic"" Pamphlet Update story submission page!",https://www.aa.org/sites/default/files/literature/Announcement_AA%20Blck_Afrcn_Amrcn_EN_2.pdf,Announcement_AA%20Blck_Afrcn_Amrcn_EN_2.pdf,,,,Members & Outreach,For Members,English,Black & African American; Flyer / Poster,,178717,174.5 KB,2022-07-20,https://www.aa.org/submit-aa-black-and-african-american-alcoholic-english-pamphlet,"Welcome to the “A.A. for the Black and African-American Alcoholic"" Pamphlet Update story submission page!",2,www.aa.org,ok
888,"Welcome to the “A.A. for the Transgender Alcoholic” pamphlet story submission page. Deadline now extended to April 30, 2026",https://www.aa.org/sites/default/files/literature/Transgender_Alcoholic_Call_for_Stories.pdf,Transgender_Alcoholic_Call_for_Stories.pdf,,,,Members & Outreach,For Members,English,LGBTQ+,2026,209711,204.8 KB,2025-10-21,https://www.aa.org/submit-story-aa-for-the-transgender-alcoholic-pamphlet,"Welcome to the “A.A. for the Transgender Alcoholic” pamphlet story submission page. Deadline now extended to April 30, 2026",1,www.aa.org,ok
889,Welcome to the ““A.A. for the Asian and Asian-American Alcoholic” pamphlet story submission page!,https://www.aa.org/sites/default/files/literature/Asian_and_Asian_American_Alcoholic_Call_for_Stories.pdf,Asian_and_Asian_American_Alcoholic_Call_for_Stories.pdf,,,,Members & Outreach,For Members,English,,,200600,195.9 KB,2025-10-21,https://www.aa.org/submit-story-asian-and-asian-american-alcoholic-alcoholic-pamphlet,Welcome to the ““A.A. for the Asian and Asian-American Alcoholic” pamphlet story submission page!,1,www.aa.org,ok
890,Women in A.A.,https://aaws.widen.net/content/0cdf36r7zu/pdf/p-5_women_in_aa_online.pdf,p-5_women_in_aa_online.pdf,P-5,P-5,Pamphlets & Booklets,Members & Outreach,For Members,English,Women,,330665,322.9 KB,2026-07-22,https://www.aa.org/women-aa,Women in A.A.,1,aaws.widen.net,ok
891,¡Bienvenidos a la página de envío de historias para el folleto «AA para el alcohólico asiático y asiaticoamericano»!,https://www.aa.org/sites/default/files/literature/SP_Asian_and_Asian_American_Alcoholic_Call_for_Stories.pdf,SP_Asian_and_Asian_American_Alcoholic_Call_for_Stories.pdf,,,,Members & Outreach,For Members,Spanish,,,273244,266.8 KB,2025-10-21,https://www.aa.org/es/envio-de-historias-el-alcoholico-asiatico-y-asiaticoamericano,¡Bienvenidos a la página de envío de historias para el folleto «AA para el alcohólico asiático y asiaticoamericano»!,1,www.aa.org,ok
892,¡Bienvenidos a la página de envío de historias para el folleto “Personas alcohólicas trans en AA”! La fecha límite se ha extendido hasta el 30 de abril de 2026.,https://www.aa.org/sites/default/files/literature/SP_Transgender_Alcoholic_Call_for_Stories.pdf,SP_Transgender_Alcoholic_Call_for_Stories.pdf,,,,Members & Outreach,For Members,Spanish,LGBTQ+,2026,289919,283.1 KB,2025-10-21,https://www.aa.org/es/envio-de-historias-para-el-folleto-aa-para-el-alcoholico-transgenero,¡Bienvenidos a la página de envío de historias para el folleto “Personas alcohólicas trans en AA”! La fecha límite se ha extendido hasta el 30 de abril de 2026.,1,www.aa.org,ok
893,¡Bienvenidos a la página de envío de historias para la actualización del folleto “AA para el alcohólico negro y afroamericano”!,https://www.aa.org/sites/default/files/literature/Announcement_AA%20Blck_Afrcn_Amrcn_SP_0.pdf,Announcement_AA%20Blck_Afrcn_Amrcn_SP_0.pdf,SP-0,P-0,Pamphlets & Booklets,Members & Outreach,For Members,Spanish,Black & African American; Flyer / Poster,,202604,197.9 KB,2022-07-20,https://www.aa.org/es/submit-aa-black-and-african-american-alcoholic-english-pamphlet,¡Bienvenidos a la página de envío de historias para la actualización del folleto “AA para el alcohólico negro y afroamericano”!,2,www.aa.org,ok
894,"“A.A. for the Black and African-American Alcoholic"" Pamphlet Update Announcement",https://www.aa.org/sites/default/files/literature/Announcement_AA%20Blck_Afrcn_Amrcn_EN.pdf,Announcement_AA%20Blck_Afrcn_Amrcn_EN.pdf,,,,Members & Outreach,For Members,English,Black & African American; Flyer / Poster,,248032,242.2 KB,2022-03-02,https://www.aa.org/aa-black-and-african-american-alcoholic-pamphlet-update-announcement,"“A.A. for the Black and African-American Alcoholic"" Pamphlet Update Announcement",1,www.aa.org,ok
895,Appel aux vidéos,https://www.aa.org/sites/default/files/literature/North%20South%20Call%20for%20Videos%20FR.pdf,North%20South%20Call%20for%20Videos%20FR.pdf,,,,Military & Remote Communities,Carrying the Message,French,Remote Communities; Regional Forum; Audio / Video,,194903,190.3 KB,2022-05-09,https://www.aa.org/fr/North-South-Connections-Forum-AA-in-Remote-Communities,Forum spécial virtuel Nord/Sud concernant les communautés éloignées,1,www.aa.org,ok
896,Call for Videos Flyer,https://www.aa.org/sites/default/files/literature/North%20South%20Call%20for%20Videos%20EN.pdf,North%20South%20Call%20for%20Videos%20EN.pdf,,,,Military & Remote Communities,Carrying the Message,English,Remote Communities; Regional Forum; Flyer / Poster; Audio / Video,,382379,373.4 KB,2022-05-09,https://www.aa.org/North-South-Connections-Forum-AA-in-Remote-Communities,North/South Connections Virtual Special Forum — A.A. in Remote Communities,1,www.aa.org,ok
897,Contenido del paquete de Comunidades Remotas,https://aaws.widen.net/content/69s6sp654a/pdf/sf-227_remote_communities_resource_list_online.pdf,sf-227_remote_communities_resource_list_online.pdf,SF-227,F-227,"Forms, Catalogs & Order Blanks",Military & Remote Communities,Carrying the Message,Spanish,Remote Communities,,120157,117.3 KB,2026-02-10,https://www.aa.org/es/contenido-del-paquete-de-comunidades-remotas,Contenido del paquete de Comunidades Remotas,1,aaws.widen.net,ok
898,Contenu de la pochette des Communautés éloignées,https://aaws.widen.net/content/su2zaswajl/pdf/ff-227_remote_communities_resource_list_online.pdf,ff-227_remote_communities_resource_list_online.pdf,FF-227,F-227,"Forms, Catalogs & Order Blanks",Military & Remote Communities,Carrying the Message,French,Remote Communities; Workbook / Kit,,132146,129.0 KB,2026-02-10,https://www.aa.org/fr/contenu-du-kit-de-communautes-eleignees,Contenu de la pochette des Communautés éloignées,2,aaws.widen.net,ok
899,Foro Especial Virtual Conexiones Norte / Sur — AA en las Comunidades Remotas,https://www.aa.org/sites/default/files/literature/North%20South%20Connections%20Virtual%20Special%20Forum%20SP.pdf,North%20South%20Connections%20Virtual%20Special%20Forum%20SP.pdf,,,,Military & Remote Communities,Carrying the Message,Spanish,Remote Communities; Regional Forum,,592033,578.2 KB,2022-07-07,https://www.aa.org/es/North-South-Connections-Forum-AA-in-Remote-Communities,Foro Especial Virtual Conexiones Norte / Sur — AA en las Comunidades Remotas,1,www.aa.org,ok
900,Forum spécial virtuel Nord/Sud concernant les communautés éloignées,https://www.aa.org/sites/default/files/literature/North%20South%20Connections%20Virtual%20Special%20Forum%20FR.pdf,North%20South%20Connections%20Virtual%20Special%20Forum%20FR.pdf,,,,Military & Remote Communities,Carrying the Message,French,Remote Communities; Regional Forum,,597351,583.4 KB,2022-07-07,https://www.aa.org/fr/North-South-Connections-Forum-AA-in-Remote-Communities,Forum spécial virtuel Nord/Sud concernant les communautés éloignées,1,www.aa.org,ok
901,Guías de AA: Comunidades remotas,https://aaws.widen.net/content/l8evypicox/pdf/smg-19_remote_communities_online.pdf,smg-19_remote_communities_online.pdf,SMG-19,MG-19,A.A. Guidelines,Military & Remote Communities,Carrying the Message,Spanish,Remote Communities,,42666,41.7 KB,2025-10-24,https://www.aa.org/es/guias-de-aa-comunidades-remotas,Guías de AA: Comunidades remotas,2,aaws.widen.net,ok
902,Indigenous People in A.A.,https://aaws.widen.net/content/e0c1dzwfey/pdf/p-21_indigenous_people_in_aa_online.pdf,p-21_indigenous_people_in_aa_online.pdf,P-21,P-21,Pamphlets & Booklets,Military & Remote Communities,Carrying the Message,English,Remote Communities,,279258,272.7 KB,2025-12-02,https://www.aa.org/indigenous-people-aa,Indigenous People in A.A.,1,aaws.widen.net,ok
903,Les peuples autochtones chez les AA,https://aaws.widen.net/content/v8ckkwz23i/pdf/fp-21_indigenous_people_in_aa_online.pdf,fp-21_indigenous_people_in_aa_online.pdf,FP-21,P-21,Pamphlets & Booklets,Military & Remote Communities,Carrying the Message,French,Remote Communities,,302023,294.9 KB,2025-12-18,https://www.aa.org/fr/les-peuples-autochtones-chez-les-aa,Les peuples autochtones chez les AA,1,aaws.widen.net,ok
904,Lignes de conduite des AA sur les Communautés éloignées,https://aaws.widen.net/content/mlnmb5r2td/pdf/fmg-19_remote_communities_online.pdf,fmg-19_remote_communities_online.pdf,FMG-19,MG-19,A.A. Guidelines,Military & Remote Communities,Carrying the Message,French,Remote Communities,,41694,40.7 KB,2026-03-10,https://www.aa.org/fr/ligne-de-conduite-des-aa-sur-les-regions-eloignees,Lignes de conduite des AA sur les Communautés éloignées,2,aaws.widen.net,ok
905,Miembros de AA indígenas,https://aaws.widen.net/content/iceaa7cwqo/pdf/sp-21_indigenous_people_in_aa_online.pdf,sp-21_indigenous_people_in_aa_online.pdf,SP-21,P-21,Pamphlets & Booklets,Military & Remote Communities,Carrying the Message,Spanish,Remote Communities,,297298,290.3 KB,2025-09-15,https://www.aa.org/es/miembros-de-aa-indigenas,Miembros de AA indígenas,1,aaws.widen.net,ok
906,North/South Connections Virtual Special Forum – A.A. in Remote Communities,https://www.aa.org/sites/default/files/literature/North%20South%20Connections%20Virtual%20Special%20Forum%20EN.pdf,North%20South%20Connections%20Virtual%20Special%20Forum%20EN.pdf,,,,Military & Remote Communities,Carrying the Message,English,Remote Communities; Regional Forum,,1005313,981.8 KB,2022-07-07,https://www.aa.org/North-South-Connections-Forum-AA-in-Remote-Communities,North/South Connections Virtual Special Forum — A.A. in Remote Communities,1,www.aa.org,ok
907,Remote Communities Kit List,https://aaws.widen.net/content/jmr9apapqs/pdf/f-227-remote_communities_resource_list_online.pdf,f-227-remote_communities_resource_list_online.pdf,F-227,F-227,"Forms, Catalogs & Order Blanks",Military & Remote Communities,Carrying the Message,English,Remote Communities; Workbook / Kit,,120243,117.4 KB,2026-02-10,https://www.aa.org/remote-communities-kit-list,Remote Communities Kit List,1,aaws.widen.net,ok
908,Solicitud de videos,https://www.aa.org/sites/default/files/literature/North%20South%20Call%20for%20Videos%20SP.pdf,North%20South%20Call%20for%20Videos%20SP.pdf,,,,Military & Remote Communities,Carrying the Message,Spanish,Remote Communities; Regional Forum; Audio / Video,,343641,335.6 KB,2022-05-09,https://www.aa.org/es/North-South-Connections-Forum-AA-in-Remote-Communities,Foro Especial Virtual Conexiones Norte / Sur — AA en las Comunidades Remotas,1,www.aa.org,ok
909,AAWS Highlights December 2024,https://www.aa.org/sites/default/files/newsletters/aaws_highlights-december_2024.pdf,aaws_highlights-december_2024.pdf,,,,Newsletter: AAWS Highlights,Newsletters,English,,2024,1880716,1.8 MB,2025-03-18,https://www.aa.org/aaws-highlights,AAWS Highlights - Business of the Board,1,www.aa.org,ok
910,AAWS Highlights December 2025,https://www.aa.org/sites/default/files/newsletters/AAWS_Highlight_Dec_2025_V1.pdf,AAWS_Highlight_Dec_2025_V1.pdf,,,,Newsletter: AAWS Highlights,Newsletters,English,,2025,328465,320.8 KB,2026-03-16,https://www.aa.org/aaws-highlights,AAWS Highlights - Business of the Board,1,www.aa.org,ok
911,AAWS Highlights January 2025,https://www.aa.org/sites/default/files/newsletters/aaws_highlights-january_2025.pdf,aaws_highlights-january_2025.pdf,,,,Newsletter: AAWS Highlights,Newsletters,English,,2025,715537,698.8 KB,2025-03-18,https://www.aa.org/aaws-highlights,AAWS Highlights - Business of the Board,1,www.aa.org,ok
912,AAWS Highlights January March 2026,https://www.aa.org/sites/default/files/newsletters/AAWS_Highlights_Jan_March_2026.pdf,AAWS_Highlights_Jan_March_2026.pdf,,,,Newsletter: AAWS Highlights,Newsletters,English,,2026,381713,372.8 KB,2026-05-20,https://www.aa.org/aaws-highlights,AAWS Highlights - Business of the Board,1,www.aa.org,ok
913,AAWS Highlights January/March 2026,https://www.aa.org/sites/default/files/newsletters/AAWS_Highlights_Jan_March_2026_0.pdf,AAWS_Highlights_Jan_March_2026_0.pdf,,,,Newsletter: AAWS Highlights,Newsletters,English,,2026,381713,372.8 KB,2026-05-20,https://www.aa.org/aaws-highlights,AAWS Highlights - Business of the Board,1,www.aa.org,ok
914,AAWS Highlights July 2024,https://www.aa.org/sites/default/files/newsletters/aaws_highlights-july_2024.pdf,aaws_highlights-july_2024.pdf,,,,Newsletter: AAWS Highlights,Newsletters,English,,2024,2682060,2.6 MB,2025-03-18,https://www.aa.org/aaws-highlights,AAWS Highlights - Business of the Board,1,www.aa.org,ok
915,AAWS Highlights July 2025,https://www.aa.org/sites/default/files/newsletters/AAWS_Highlights_0725_en.pdf,AAWS_Highlights_0725_en.pdf,,,,Newsletter: AAWS Highlights,Newsletters,English,,2025,1318786,1.3 MB,2025-10-08,https://www.aa.org/aaws-highlights,AAWS Highlights - Business of the Board,1,www.aa.org,ok
916,AAWS Highlights June 2024,https://www.aa.org/sites/default/files/newsletters/aaws_highlights-june_2024.pdf,aaws_highlights-june_2024.pdf,,,,Newsletter: AAWS Highlights,Newsletters,English,,2024,732233,715.1 KB,2025-03-18,https://www.aa.org/aaws-highlights,AAWS Highlights - Business of the Board,1,www.aa.org,ok
917,AAWS Highlights June 2025,https://www.aa.org/sites/default/files/newsletters/AAWS_2025_June_Highlights.pdf,AAWS_2025_June_Highlights.pdf,,,,Newsletter: AAWS Highlights,Newsletters,English,,2025,440157,429.8 KB,2025-09-10,https://www.aa.org/aaws-highlights,AAWS Highlights - Business of the Board,1,www.aa.org,ok
918,AAWS Highlights March 2024,https://www.aa.org/sites/default/files/newsletters/aaws_highlights-march_2024.pdf,aaws_highlights-march_2024.pdf,,,,Newsletter: AAWS Highlights,Newsletters,English,,2024,1813423,1.7 MB,2025-03-18,https://www.aa.org/aaws-highlights,AAWS Highlights - Business of the Board,1,www.aa.org,ok
919,AAWS Highlights March 2025,https://www.aa.org/sites/default/files/newsletters/aaws_highlights_march_2025.pdf,aaws_highlights_march_2025.pdf,,,,Newsletter: AAWS Highlights,Newsletters,English,,2025,9429036,9.0 MB,2025-06-04,https://www.aa.org/aaws-highlights,AAWS Highlights - Business of the Board,1,www.aa.org,ok
920,AAWS Highlights November 2024,https://www.aa.org/sites/default/files/newsletters/aaws_highlights-november_2024.pdf,aaws_highlights-november_2024.pdf,,,,Newsletter: AAWS Highlights,Newsletters,English,,2024,4010637,3.8 MB,2025-03-18,https://www.aa.org/aaws-highlights,AAWS Highlights - Business of the Board,1,www.aa.org,ok
921,AAWS Highlights October 2025,https://www.aa.org/sites/default/files/newsletters/AAWS_2025_October_Highlights_V1.pdf,AAWS_2025_October_Highlights_V1.pdf,,,,Newsletter: AAWS Highlights,Newsletters,English,,2025,210554,205.6 KB,2025-12-16,https://www.aa.org/aaws-highlights,AAWS Highlights - Business of the Board,1,www.aa.org,ok
922,Faits Saillants d'AAWS - décembre 2024,https://www.aa.org/sites/default/files/newsletters/FR_AAWS_2024_December_Highlights.pdf,FR_AAWS_2024_December_Highlights.pdf,,,,Newsletter: AAWS Highlights,Newsletters,French,,2024,3372755,3.2 MB,2025-04-25,https://www.aa.org/fr/faits-saillants-d-aaws,Faits saillants d’AAWS - Affaires du Conseil,1,www.aa.org,ok
923,Faits Saillants d'AAWS - janivier 2025,https://www.aa.org/sites/default/files/newsletters/faits_saillants_d-aaws_janivier_2025.pdf,faits_saillants_d-aaws_janivier_2025.pdf,,,,Newsletter: AAWS Highlights,Newsletters,French,,2025,2565558,2.4 MB,2025-03-18,https://www.aa.org/fr/faits-saillants-d-aaws,Faits saillants d’AAWS - Affaires du Conseil,1,www.aa.org,ok
924,Faits Saillants d'AAWS - juillet 2024,https://www.aa.org/sites/default/files/newsletters/FR_AAWS_2024_July_Highlights_V1.pdf,FR_AAWS_2024_July_Highlights_V1.pdf,,,,Newsletter: AAWS Highlights,Newsletters,French,,2024,2829494,2.7 MB,2025-04-25,https://www.aa.org/fr/faits-saillants-d-aaws,Faits saillants d’AAWS - Affaires du Conseil,1,www.aa.org,ok
925,Faits Saillants d'AAWS - juillet 2025,https://www.aa.org/sites/default/files/newsletters/AAWS_Highlights_0725_fr.pdf,AAWS_Highlights_0725_fr.pdf,,,,Newsletter: AAWS Highlights,Newsletters,French,,2025,674888,659.1 KB,2025-10-08,https://www.aa.org/fr/faits-saillants-d-aaws,Faits saillants d’AAWS - Affaires du Conseil,1,www.aa.org,ok
926,Faits Saillants d'AAWS - juin 2024,https://www.aa.org/sites/default/files/newsletters/FR_AAWS_2024_June_Highlights.pdf,FR_AAWS_2024_June_Highlights.pdf,,,,Newsletter: AAWS Highlights,Newsletters,French,,2024,1500684,1.4 MB,2025-04-25,https://www.aa.org/fr/faits-saillants-d-aaws,Faits saillants d’AAWS - Affaires du Conseil,1,www.aa.org,ok
927,Faits Saillants d'AAWS - juin 2025,https://www.aa.org/sites/default/files/newsletters/FR_AAWS_2025_June_Highlights.pdf,FR_AAWS_2025_June_Highlights.pdf,,,,Newsletter: AAWS Highlights,Newsletters,French,,2025,552243,539.3 KB,2025-09-10,https://www.aa.org/fr/faits-saillants-d-aaws,Faits saillants d’AAWS - Affaires du Conseil,1,www.aa.org,ok
928,Faits Saillants d'AAWS - mars 2024,https://www.aa.org/sites/default/files/newsletters/FR_AAWS_%20March_2024_Highlights.pdf,FR_AAWS_%20March_2024_Highlights.pdf,,,,Newsletter: AAWS Highlights,Newsletters,French,,2024,2381992,2.3 MB,2025-04-25,https://www.aa.org/fr/faits-saillants-d-aaws,Faits saillants d’AAWS - Affaires du Conseil,1,www.aa.org,ok
929,Faits Saillants d'AAWS - mars 2025,https://www.aa.org/sites/default/files/newsletters/faits_saillants_d-aaws_mars_2025.pdf,faits_saillants_d-aaws_mars_2025.pdf,,,,Newsletter: AAWS Highlights,Newsletters,French,,2025,10815527,10.3 MB,2025-06-04,https://www.aa.org/fr/faits-saillants-d-aaws,Faits saillants d’AAWS - Affaires du Conseil,1,www.aa.org,ok
930,Faits Saillants d'AAWS - novembre 2024,https://www.aa.org/sites/default/files/newsletters/FR_AAWS_2024_November_Highlights.pdf,FR_AAWS_2024_November_Highlights.pdf,,,,Newsletter: AAWS Highlights,Newsletters,French,,2024,11385279,10.9 MB,2025-04-25,https://www.aa.org/fr/faits-saillants-d-aaws,Faits saillants d’AAWS - Affaires du Conseil,1,www.aa.org,ok
931,Faits saillants d’AAWS - décembre 2025,https://www.aa.org/sites/default/files/newsletters/FR_AAWS_Highlights_Dec_2025.pdf,FR_AAWS_Highlights_Dec_2025.pdf,,,,Newsletter: AAWS Highlights,Newsletters,French,,2025,270987,264.6 KB,2026-03-16,https://www.aa.org/fr/faits-saillants-d-aaws,Faits saillants d’AAWS - Affaires du Conseil,1,www.aa.org,ok
932,Faits saillants d’AAWS - Janvier-mars 2026,https://www.aa.org/sites/default/files/newsletters/FR_AAWS_Highlights_Jan_March_2026_0.pdf,FR_AAWS_Highlights_Jan_March_2026_0.pdf,,,,Newsletter: AAWS Highlights,Newsletters,French,,2026,1838548,1.8 MB,2026-05-20,https://www.aa.org/fr/faits-saillants-d-aaws,Faits saillants d’AAWS - Affaires du Conseil,1,www.aa.org,ok
933,Faits saillants d’AAWS - Octobre 2025,https://www.aa.org/sites/default/files/newsletters/FR_AAWS_October_Highlights_2025.pdf,FR_AAWS_October_Highlights_2025.pdf,,,,Newsletter: AAWS Highlights,Newsletters,French,,2025,1732430,1.7 MB,2025-12-16,https://www.aa.org/fr/faits-saillants-d-aaws,Faits saillants d’AAWS - Affaires du Conseil,1,www.aa.org,ok
934,"Puntos sobresalientes de AAWS, diciembre 2025",https://www.aa.org/sites/default/files/newsletters/SP_AAWS_Highlights_Dec_2025.pdf,SP_AAWS_Highlights_Dec_2025.pdf,,,,Newsletter: AAWS Highlights,Newsletters,Spanish,,2025,335937,328.1 KB,2026-03-16,https://www.aa.org/es/puntos-sobresalientes-de-aaws,Puntos sobresalientes de AAWS — Asuntos de la junta,1,www.aa.org,ok
935,"Puntos sobresalientes de AAWS, enero/marzo 2026",https://www.aa.org/sites/default/files/newsletters/SP_AAWS_Highlights_Jan_March_2026_0.pdf,SP_AAWS_Highlights_Jan_March_2026_0.pdf,,,,Newsletter: AAWS Highlights,Newsletters,Spanish,,2026,388883,379.8 KB,2026-05-20,https://www.aa.org/es/puntos-sobresalientes-de-aaws,Puntos sobresalientes de AAWS — Asuntos de la junta,1,www.aa.org,ok
936,"Puntos sobresalientes de AAWS, julio 2025",https://www.aa.org/sites/default/files/newsletters/AAWS_Highlights_0725_sp.pdf,AAWS_Highlights_0725_sp.pdf,,,,Newsletter: AAWS Highlights,Newsletters,Spanish,,2025,409705,400.1 KB,2025-10-08,https://www.aa.org/es/puntos-sobresalientes-de-aaws,Puntos sobresalientes de AAWS — Asuntos de la junta,1,www.aa.org,ok
937,"Reunión de la junta directiva de AAWS, Inc.",https://www.aa.org/sites/default/files/newsletters/SP_AAWS_Highlights_Jan_March_2026.pdf,SP_AAWS_Highlights_Jan_March_2026.pdf,,,,Newsletter: AAWS Highlights,Newsletters,Spanish,,2026,388883,379.8 KB,2026-05-20,https://www.aa.org/es/puntos-sobresalientes-de-aaws,Puntos sobresalientes de AAWS — Asuntos de la junta,1,www.aa.org,ok
938,"Réunion du Conseil d’administration d’AAWS, Inc.",https://www.aa.org/sites/default/files/newsletters/FR_AAWS_Highlights_Jan_March_2026.pdf,FR_AAWS_Highlights_Jan_March_2026.pdf,,,,Newsletter: AAWS Highlights,Newsletters,French,,2026,1838548,1.8 MB,2026-05-20,https://www.aa.org/fr/faits-saillants-d-aaws,Faits saillants d’AAWS - Affaires du Conseil,1,www.aa.org,ok
939,"About A.A. - ""Singleness of Purpose"" is Central to Recovery in A.A.",https://www.aa.org/sites/default/files/newsletters/f-13_spring1988.pdf,f-13_spring1988.pdf,F-13,F-13,"Forms, Catalogs & Order Blanks",Newsletter: About A.A.,Newsletters,English,,1988,324867,317.3 KB,2021-07-14,https://www.aa.org/about-aa,About A.A.,1,www.aa.org,ok
940,About A.A. - 'To Employers',https://www.aa.org/sites/default/files/newsletters/f-13_winter14.pdf,f-13_winter14.pdf,F-13,F-13,"Forms, Catalogs & Order Blanks",Newsletter: About A.A.,Newsletters,English,Professionals,,79629,77.8 KB,2021-07-14,https://www.aa.org/about-aa,About A.A.,1,www.aa.org,ok
941,About A.A. - 'We Are Not Professionals',https://www.aa.org/sites/default/files/newsletters/f-13_spring15.pdf,f-13_spring15.pdf,F-13,F-13,"Forms, Catalogs & Order Blanks",Newsletter: About A.A.,Newsletters,English,Professionals,,72672,71.0 KB,2021-07-14,https://www.aa.org/about-aa,About A.A.,1,www.aa.org,ok
942,"About A.A. - 1974 Survey of U.S. and Canada Shows More Women Members, Firm Sobriety Maintenance",https://www.aa.org/sites/default/files/newsletters/f-13_winter1974.pdf,f-13_winter1974.pdf,F-13,F-13,"Forms, Catalogs & Order Blanks",Newsletter: About A.A.,Newsletters,English,Women; Survey Data; Sobriety,1974,525586,513.3 KB,2021-07-14,https://www.aa.org/about-aa,About A.A.,1,www.aa.org,ok
943,About A.A. - 1998 Membership Survey: A Snapshot of A.A. Membership,https://www.aa.org/sites/default/files/newsletters/f-13_summer99.pdf,f-13_summer99.pdf,F-13,F-13,"Forms, Catalogs & Order Blanks",Newsletter: About A.A.,Newsletters,English,Survey Data,1998,40269,39.3 KB,2021-07-14,https://www.aa.org/about-aa,About A.A.,1,www.aa.org,ok
944,About A.A. - 2011 A.A. Membership Survey Reveals Current Trends,https://www.aa.org/sites/default/files/newsletters/f-13_fall12.pdf,f-13_fall12.pdf,F-13,F-13,"Forms, Catalogs & Order Blanks",Newsletter: About A.A.,Newsletters,English,Survey Data,2011,324736,317.1 KB,2021-07-14,https://www.aa.org/about-aa,About A.A.,1,www.aa.org,ok
945,About A.A. - 2014 A.A. Membership Survey Reveals Current Trends,https://www.aa.org/sites/default/files/newsletters/f-13_fall15.pdf,f-13_fall15.pdf,F-13,F-13,"Forms, Catalogs & Order Blanks",Newsletter: About A.A.,Newsletters,English,Survey Data,2014,65017,63.5 KB,2021-07-14,https://www.aa.org/about-aa,About A.A.,1,www.aa.org,ok
946,About A.A. - A Physician' s Viewpoint on Alcoholics Anonymous,https://www.aa.org/sites/default/files/newsletters/f-13_winter1984.pdf,f-13_winter1984.pdf,F-13,F-13,"Forms, Catalogs & Order Blanks",Newsletter: About A.A.,Newsletters,English,Professionals,1984,511835,499.8 KB,2021-07-14,https://www.aa.org/about-aa,About A.A.,1,www.aa.org,ok
947,About A.A. - A.A. and Nonalcoholic Friends - a Debt of Gratitude,https://www.aa.org/sites/default/files/newsletters/f-13_winter01.pdf,f-13_winter01.pdf,F-13,F-13,"Forms, Catalogs & Order Blanks",Newsletter: About A.A.,Newsletters,English,,,41333,40.4 KB,2021-07-14,https://www.aa.org/about-aa,About A.A.,1,www.aa.org,ok
948,About A.A. - A.A. and Professionals,https://www.aa.org/sites/default/files/newsletters/f-13_spring04.pdf,f-13_spring04.pdf,F-13,F-13,"Forms, Catalogs & Order Blanks",Newsletter: About A.A.,Newsletters,English,Professionals,,50178,49.0 KB,2021-07-14,https://www.aa.org/about-aa,About A.A.,1,www.aa.org,ok
949,About A.A. - A.A. and the Armed Services,https://www.aa.org/sites/default/files/newsletters/f-13_fall17.pdf,f-13_fall17.pdf,F-13,F-13,"Forms, Catalogs & Order Blanks",Newsletter: About A.A.,Newsletters,English,,,165492,161.6 KB,2021-07-14,https://www.aa.org/about-aa,About A.A.,1,www.aa.org,ok
950,About A.A. - A.A. and the Clergy: Faces of a Lasting Friendship,https://www.aa.org/sites/default/files/newsletters/f-13_fall1992.pdf,f-13_fall1992.pdf,F-13,F-13,"Forms, Catalogs & Order Blanks",Newsletter: About A.A.,Newsletters,English,Professionals,1992,396082,386.8 KB,2021-07-14,https://www.aa.org/about-aa,About A.A.,1,www.aa.org,ok
951,About A.A. - A.A. and the Older Alcoholic,https://www.aa.org/sites/default/files/newsletters/f-13_fall18.pdf,f-13_fall18.pdf,F-13,F-13,"Forms, Catalogs & Order Blanks",Newsletter: About A.A.,Newsletters,English,,,647806,632.6 KB,2021-07-14,https://www.aa.org/about-aa,About A.A.,1,www.aa.org,ok
952,About A.A. - A.A. Around the World,https://www.aa.org/sites/default/files/newsletters/f-13_winter-spring1997.pdf,f-13_winter-spring1997.pdf,F-13,F-13,"Forms, Catalogs & Order Blanks",Newsletter: About A.A.,Newsletters,English,,1997,311277,304.0 KB,2021-07-14,https://www.aa.org/about-aa,About A.A.,1,www.aa.org,ok
953,About A.A. - A.A. as a Resource for Drug and Alcohol Court Professionals,https://www.aa.org/sites/default/files/newsletters/f-13_spring10.pdf,f-13_spring10.pdf,F-13,F-13,"Forms, Catalogs & Order Blanks",Newsletter: About A.A.,Newsletters,English,Professionals; Medical,,124024,121.1 KB,2021-07-14,https://www.aa.org/about-aa,About A.A.,1,www.aa.org,ok
954,About A.A. - A.A. Board's New Chairperson,https://www.aa.org/sites/default/files/newsletters/f-13_summer01.pdf,f-13_summer01.pdf,F-13,F-13,"Forms, Catalogs & Order Blanks",Newsletter: About A.A.,Newsletters,English,,,51101,49.9 KB,2021-07-14,https://www.aa.org/about-aa,About A.A.,1,www.aa.org,ok
955,About A.A. - A.A. Continues as a Resource for Professionals,https://www.aa.org/sites/default/files/newsletters/f-13_winter02.pdf,f-13_winter02.pdf,F-13,F-13,"Forms, Catalogs & Order Blanks",Newsletter: About A.A.,Newsletters,English,Professionals,,46650,45.6 KB,2021-07-14,https://www.aa.org/about-aa,About A.A.,1,www.aa.org,ok
956,About A.A. - A.A. Cooperates With Treatment Facilities to Help Alcoholics,https://www.aa.org/sites/default/files/newsletters/f-13_spring05.pdf,f-13_spring05.pdf,F-13,F-13,"Forms, Catalogs & Order Blanks",Newsletter: About A.A.,Newsletters,English,Treatment,,73102,71.4 KB,2021-07-14,https://www.aa.org/about-aa,About A.A.,1,www.aa.org,ok
957,About A.A. - A.A. for the Alcoholic With Special Needs,https://www.aa.org/sites/default/files/newsletters/f-13_spring14.pdf,f-13_spring14.pdf,F-13,F-13,"Forms, Catalogs & Order Blanks",Newsletter: About A.A.,Newsletters,English,Accessibility,,317992,310.5 KB,2021-07-14,https://www.aa.org/about-aa,About A.A.,1,www.aa.org,ok
958,About A.A. - A.A. in the Nineties: Same Aim But Broader Outreach Efforts,https://www.aa.org/sites/default/files/newsletters/f-13_spring1991.pdf,f-13_spring1991.pdf,F-13,F-13,"Forms, Catalogs & Order Blanks",Newsletter: About A.A.,Newsletters,English,,1991,375497,366.7 KB,2021-07-14,https://www.aa.org/about-aa,About A.A.,1,www.aa.org,ok
959,About A.A. - A.A. Membership Reaches One Million Mark,https://www.aa.org/sites/default/files/newsletters/f-13_winter1976.pdf,f-13_winter1976.pdf,F-13,F-13,"Forms, Catalogs & Order Blanks",Newsletter: About A.A.,Newsletters,English,,1976,1487408,1.4 MB,2021-07-14,https://www.aa.org/about-aa,About A.A.,1,www.aa.org,ok
960,About A.A. - A.A. Membership Survey,https://www.aa.org/sites/default/files/newsletters/f-13_summer1997.pdf,f-13_summer1997.pdf,F-13,F-13,"Forms, Catalogs & Order Blanks",Newsletter: About A.A.,Newsletters,English,Survey Data,1997,335523,327.7 KB,2021-07-14,https://www.aa.org/about-aa,About A.A.,1,www.aa.org,ok
961,About A.A. - A.A. Membership Survey Indicates Key Role of Health Care Professionals,https://www.aa.org/sites/default/files/newsletters/f-13_winter08.pdf,f-13_winter08.pdf,F-13,F-13,"Forms, Catalogs & Order Blanks",Newsletter: About A.A.,Newsletters,English,Professionals; Survey Data,,592243,578.4 KB,2021-07-14,https://www.aa.org/about-aa,About A.A.,1,www.aa.org,ok
962,About A.A. - A.A. Reaches Out to Diverse Populations,https://www.aa.org/sites/default/files/newsletters/f-13_winter12.pdf,f-13_winter12.pdf,F-13,F-13,"Forms, Catalogs & Order Blanks",Newsletter: About A.A.,Newsletters,English,,,219581,214.4 KB,2021-07-14,https://www.aa.org/about-aa,About A.A.,1,www.aa.org,ok
963,About A.A. - A.A. Reaches Out to Native North Americans,https://www.aa.org/sites/default/files/newsletters/f-13_winter1988.pdf,f-13_winter1988.pdf,F-13,F-13,"Forms, Catalogs & Order Blanks",Newsletter: About A.A.,Newsletters,English,Remote Communities,1988,389079,380.0 KB,2021-07-14,https://www.aa.org/about-aa,About A.A.,1,www.aa.org,ok
964,About A.A. - A.A. Reaches Out to Our Friends in the Corrections Field,https://www.aa.org/sites/default/files/newsletters/f-13_fall1991.pdf,f-13_fall1991.pdf,F-13,F-13,"Forms, Catalogs & Order Blanks",Newsletter: About A.A.,Newsletters,English,Corrections,1991,374812,366.0 KB,2021-07-14,https://www.aa.org/about-aa,About A.A.,1,www.aa.org,ok
965,About A.A. - A.A. Releases Survey Report,https://www.aa.org/sites/default/files/newsletters/f-13_summer1981.pdf,f-13_summer1981.pdf,F-13,F-13,"Forms, Catalogs & Order Blanks",Newsletter: About A.A.,Newsletters,English,Survey Data; Report,1981,243331,237.6 KB,2021-07-14,https://www.aa.org/about-aa,About A.A.,1,www.aa.org,ok
966,About A.A. - A.A. Remembers Two Beloved Friends,https://www.aa.org/sites/default/files/newsletters/f-13_spring1989.pdf,f-13_spring1989.pdf,F-13,F-13,"Forms, Catalogs & Order Blanks",Newsletter: About A.A.,Newsletters,English,,1989,286770,280.0 KB,2021-07-14,https://www.aa.org/about-aa,About A.A.,1,www.aa.org,ok
967,About A.A. - A.A. Sponsorship Adapted to Education of Medical Students,https://www.aa.org/sites/default/files/newsletters/f-13_spring1981.pdf,f-13_spring1981.pdf,F-13,F-13,"Forms, Catalogs & Order Blanks",Newsletter: About A.A.,Newsletters,English,Sponsorship; Professionals; Medical,1981,536726,524.1 KB,2021-07-14,https://www.aa.org/about-aa,About A.A.,1,www.aa.org,ok
968,About A.A. - A.A. Surveys Its Membership: A Demographic Report,https://www.aa.org/sites/default/files/newsletters/f-13_fall1984.pdf,f-13_fall1984.pdf,F-13,F-13,"Forms, Catalogs & Order Blanks",Newsletter: About A.A.,Newsletters,English,Survey Data; Report,1984,274847,268.4 KB,2021-07-14,https://www.aa.org/about-aa,About A.A.,1,www.aa.org,ok
969,About A.A. - A.A. Surveys Its Membership: A Demographic Report,https://www.aa.org/sites/default/files/newsletters/f-13_fall1987.pdf,f-13_fall1987.pdf,F-13,F-13,"Forms, Catalogs & Order Blanks",Newsletter: About A.A.,Newsletters,English,Survey Data; Report,1987,320362,312.9 KB,2021-07-14,https://www.aa.org/about-aa,About A.A.,1,www.aa.org,ok
970,About A.A. - A.A. Welcomes Two New Class A (Nonalcoholic) Trustees,https://www.aa.org/sites/default/files/newsletters/f-13_fall16.pdf,f-13_fall16.pdf,F-13,F-13,"Forms, Catalogs & Order Blanks",Newsletter: About A.A.,Newsletters,English,,,431712,421.6 KB,2021-07-14,https://www.aa.org/about-aa,About A.A.,1,www.aa.org,ok
971,About A.A. - A.A.' s Collective Conscience Looks to the Future,https://www.aa.org/sites/default/files/newsletters/f-13_fall1986.pdf,f-13_fall1986.pdf,F-13,F-13,"Forms, Catalogs & Order Blanks",Newsletter: About A.A.,Newsletters,English,,1986,330302,322.6 KB,2021-07-14,https://www.aa.org/about-aa,About A.A.,1,www.aa.org,ok
972,About A.A. - A.A.'s 'Basic Text' Hits Another Milestone: 75 Years and Counting,https://www.aa.org/sites/default/files/newsletters/f-13_fall13.pdf,f-13_fall13.pdf,F-13,F-13,"Forms, Catalogs & Order Blanks",Newsletter: About A.A.,Newsletters,English,,,274448,268.0 KB,2021-07-14,https://www.aa.org/about-aa,About A.A.,1,www.aa.org,ok
973,About A.A. - A.A.'s Cooperation With Treatment Settings,https://www.aa.org/sites/default/files/newsletters/f-13_spring16.pdf,f-13_spring16.pdf,F-13,F-13,"Forms, Catalogs & Order Blanks",Newsletter: About A.A.,Newsletters,English,Treatment,,553778,540.8 KB,2021-07-14,https://www.aa.org/about-aa,About A.A.,1,www.aa.org,ok
974,"About A.A. - A.A.'s in More Localities Now Interested in Cooperating with Professionals, Evidence Suggests",https://www.aa.org/sites/default/files/newsletters/f-13_winter1975.pdf,f-13_winter1975.pdf,F-13,F-13,"Forms, Catalogs & Order Blanks",Newsletter: About A.A.,Newsletters,English,Professionals,1975,1310323,1.2 MB,2021-07-14,https://www.aa.org/about-aa,About A.A.,1,www.aa.org,ok
975,About A.A. - A.A.’s “Singleness of Purpose”,https://www.aa.org/sites/default/files/newsletters/F-13_spring2025.pdf,F-13_spring2025.pdf,F-13,F-13,"Forms, Catalogs & Order Blanks",Newsletter: About A.A.,Newsletters,English,,2025,3106899,3.0 MB,2025-06-27,https://www.aa.org/about-aa,About A.A.,1,www.aa.org,ok
976,About A.A. - About the Committee on Professional Relations…,https://www.aa.org/sites/default/files/newsletters/f-13_summer1972.pdf,f-13_summer1972.pdf,F-13,F-13,"Forms, Catalogs & Order Blanks",Newsletter: About A.A.,Newsletters,English,Professionals,1972,288830,282.1 KB,2021-07-14,https://www.aa.org/about-aa,About A.A.,1,www.aa.org,ok
977,"About A.A. - Alcoholics Anonymous ""Behind the Walls""",https://www.aa.org/sites/default/files/newsletters/f-13_fall1985.pdf,f-13_fall1985.pdf,F-13,F-13,"Forms, Catalogs & Order Blanks",Newsletter: About A.A.,Newsletters,English,,1985,322960,315.4 KB,2021-07-14,https://www.aa.org/about-aa,About A.A.,1,www.aa.org,ok
978,About A.A. - Alcoholics Anonymous and the Clergy and Religious,https://www.aa.org/sites/default/files/newsletters/f-13_winter1985.pdf,f-13_winter1985.pdf,F-13,F-13,"Forms, Catalogs & Order Blanks",Newsletter: About A.A.,Newsletters,English,Professionals,1985,421336,411.5 KB,2021-07-14,https://www.aa.org/about-aa,About A.A.,1,www.aa.org,ok
979,About A.A. - Alcoholics Anonymous and the Legal Profession,https://www.aa.org/sites/default/files/newsletters/f-13_spring1985.pdf,f-13_spring1985.pdf,F-13,F-13,"Forms, Catalogs & Order Blanks",Newsletter: About A.A.,Newsletters,English,,1985,317930,310.5 KB,2021-07-14,https://www.aa.org/about-aa,About A.A.,1,www.aa.org,ok
980,About A.A. - Alcoholics Anonymous Around the World,https://www.aa.org/sites/default/files/newsletters/f-13_spring1982.pdf,f-13_spring1982.pdf,F-13,F-13,"Forms, Catalogs & Order Blanks",Newsletter: About A.A.,Newsletters,English,,1982,439872,429.6 KB,2021-07-14,https://www.aa.org/about-aa,About A.A.,1,www.aa.org,ok
981,About A.A. - Alcoholism Training Program for Doctors,https://www.aa.org/sites/default/files/newsletters/f-13_winter07.pdf,f-13_winter07.pdf,F-13,F-13,"Forms, Catalogs & Order Blanks",Newsletter: About A.A.,Newsletters,English,Medical,,75402,73.6 KB,2021-07-14,https://www.aa.org/about-aa,About A.A.,1,www.aa.org,ok
982,About A.A. - Anonymity: Keeping Alive the Lessons of History,https://www.aa.org/sites/default/files/newsletters/f-13_winter9899.pdf,f-13_winter9899.pdf,F-13,F-13,"Forms, Catalogs & Order Blanks",Newsletter: About A.A.,Newsletters,English,Anonymity; Archives,,37509,36.6 KB,2021-07-14,https://www.aa.org/about-aa,About A.A.,1,www.aa.org,ok
983,About A.A. - Board Selects New Chairperson,https://www.aa.org/sites/default/files/newsletters/f-13_summer13.pdf,f-13_summer13.pdf,F-13,F-13,"Forms, Catalogs & Order Blanks",Newsletter: About A.A.,Newsletters,English,,,259992,253.9 KB,2021-07-14,https://www.aa.org/about-aa,About A.A.,1,www.aa.org,ok
984,About A.A. - Bridging the Gap: and the Treatment Center,https://www.aa.org/sites/default/files/newsletters/f-13_summer1982.pdf,f-13_summer1982.pdf,F-13,F-13,"Forms, Catalogs & Order Blanks",Newsletter: About A.A.,Newsletters,English,Treatment,1982,443431,433.0 KB,2021-07-14,https://www.aa.org/about-aa,About A.A.,1,www.aa.org,ok
985,About A.A. - Bringing Up the Touchy Subject of a Patient's Drinking,https://www.aa.org/sites/default/files/newsletters/f-13_spring07.pdf,f-13_spring07.pdf,F-13,F-13,"Forms, Catalogs & Order Blanks",Newsletter: About A.A.,Newsletters,English,,,53635,52.4 KB,2021-07-14,https://www.aa.org/about-aa,About A.A.,1,www.aa.org,ok
986,About A.A. - Bringing Up the Touchy Subject of a Patient's Drinking,https://www.aa.org/sites/default/files/newsletters/f-13_summer14.pdf,f-13_summer14.pdf,F-13,F-13,"Forms, Catalogs & Order Blanks",Newsletter: About A.A.,Newsletters,English,,,66441,64.9 KB,2021-07-14,https://www.aa.org/about-aa,About A.A.,1,www.aa.org,ok
987,About A.A. - Class A (nonalcoholic) Trustees: Who Are They and What Do They Do?,https://www.aa.org/sites/default/files/newsletters/f-13_summer04.pdf,f-13_summer04.pdf,F-13,F-13,"Forms, Catalogs & Order Blanks",Newsletter: About A.A.,Newsletters,English,,,736677,719.4 KB,2021-07-14,https://www.aa.org/about-aa,About A.A.,1,www.aa.org,ok
988,About A.A. - Collaboration: Paving the Way to Sobriety,https://www.aa.org/sites/default/files/newsletters/f-13_fall10.pdf,f-13_fall10.pdf,F-13,F-13,"Forms, Catalogs & Order Blanks",Newsletter: About A.A.,Newsletters,English,Sobriety,,177331,173.2 KB,2021-07-14,https://www.aa.org/about-aa,About A.A.,1,www.aa.org,ok
989,About A.A. - Finding ways to provide access to all who seek help with their alcoholism,https://www.aa.org/sites/default/files/newsletters/F-13_fall2025_1.pdf,F-13_fall2025_1.pdf,F-13,F-13,"Forms, Catalogs & Order Blanks",Newsletter: About A.A.,Newsletters,English,,2025,639783,624.8 KB,2025-11-17,https://www.aa.org/about-aa,About A.A.,1,www.aa.org,ok
990,About A.A. - First Ten-Nation Survey of A.A. Members Under Way,https://www.aa.org/sites/default/files/newsletters/f-13_fall1977.pdf,f-13_fall1977.pdf,F-13,F-13,"Forms, Catalogs & Order Blanks",Newsletter: About A.A.,Newsletters,English,Survey Data,1977,595743,581.8 KB,2021-07-14,https://www.aa.org/about-aa,About A.A.,1,www.aa.org,ok
991,About A.A. - First Woman Nonalcoholic Elected to the General Service Board,https://www.aa.org/sites/default/files/newsletters/f-13_fall1983.pdf,f-13_fall1983.pdf,F-13,F-13,"Forms, Catalogs & Order Blanks",Newsletter: About A.A.,Newsletters,English,,1983,929671,907.9 KB,2021-07-14,https://www.aa.org/about-aa,About A.A.,1,www.aa.org,ok
992,About A.A. - For Students at a College in Philadelphia…,https://www.aa.org/sites/default/files/newsletters/f-13_summer08.pdf,f-13_summer08.pdf,F-13,F-13,"Forms, Catalogs & Order Blanks",Newsletter: About A.A.,Newsletters,English,Professionals,,113824,111.2 KB,2021-07-14,https://www.aa.org/about-aa,About A.A.,1,www.aa.org,ok
993,About A.A. - Grapevine: A Mirror of A.A. Today,https://www.aa.org/sites/default/files/newsletters/f-13_spring11.pdf,f-13_spring11.pdf,F-13,F-13,"Forms, Catalogs & Order Blanks",Newsletter: About A.A.,Newsletters,English,Grapevine,,190033,185.6 KB,2021-07-14,https://www.aa.org/about-aa,About A.A.,1,www.aa.org,ok
994,About A.A. - Gratitude for the Professional Community,https://www.aa.org/sites/default/files/newsletters/f-13_summer02.pdf,f-13_summer02.pdf,F-13,F-13,"Forms, Catalogs & Order Blanks",Newsletter: About A.A.,Newsletters,English,Professionals,,78495,76.7 KB,2021-07-14,https://www.aa.org/about-aa,About A.A.,1,www.aa.org,ok
995,About A.A. - Guarding Anonymity—The Spiritual Foundation of A.A.,https://www.aa.org/sites/default/files/newsletters/f-13_winter1990.pdf,f-13_winter1990.pdf,F-13,F-13,"Forms, Catalogs & Order Blanks",Newsletter: About A.A.,Newsletters,English,Anonymity; Spirituality,1990,264487,258.3 KB,2021-07-14,https://www.aa.org/about-aa,About A.A.,1,www.aa.org,ok
996,About A.A. - How Do We Communicate the Experience of A.A. to Nonalcoholic Professionals?,https://www.aa.org/sites/default/files/newsletters/f-13_spring1992.pdf,f-13_spring1992.pdf,F-13,F-13,"Forms, Catalogs & Order Blanks",Newsletter: About A.A.,Newsletters,English,Professionals,1992,502531,490.8 KB,2021-07-14,https://www.aa.org/about-aa,About A.A.,1,www.aa.org,ok
997,About A.A. - How Three Simple Steps Can Smooth Life With A.A.,https://www.aa.org/sites/default/files/newsletters/f-13_winter1980.pdf,f-13_winter1980.pdf,F-13,F-13,"Forms, Catalogs & Order Blanks",Newsletter: About A.A.,Newsletters,English,,1980,596697,582.7 KB,2021-07-14,https://www.aa.org/about-aa,About A.A.,1,www.aa.org,ok
998,About A.A. - In Memoriam Austin MacComick,https://www.aa.org/sites/default/files/newsletters/f-13_winter1979.pdf,f-13_winter1979.pdf,F-13,F-13,"Forms, Catalogs & Order Blanks",Newsletter: About A.A.,Newsletters,English,,1979,520414,508.2 KB,2021-07-14,https://www.aa.org/about-aa,About A.A.,1,www.aa.org,ok
999,About A.A. - Landmark A.A. Film Approved for Release,https://www.aa.org/sites/default/files/newsletters/f-13_summer1979.pdf,f-13_summer1979.pdf,F-13,F-13,"Forms, Catalogs & Order Blanks",Newsletter: About A.A.,Newsletters,English,,1979,575003,561.5 KB,2021-07-14,https://www.aa.org/about-aa,About A.A.,1,www.aa.org,ok
1000,About A.A. - Making Alcoholics Anonymous Accessible to Those with Special Needs,https://www.aa.org/sites/default/files/newsletters/f-13_fall06.pdf,f-13_fall06.pdf,F-13,F-13,"Forms, Catalogs & Order Blanks",Newsletter: About A.A.,Newsletters,English,Accessibility,,134417,131.3 KB,2021-07-14,https://www.aa.org/about-aa,About A.A.,1,www.aa.org,ok
1001,About A.A. - Milton A. Maxwell Becomes Head of A.A. Board,https://www.aa.org/sites/default/files/newsletters/f-13_summer1978.pdf,f-13_summer1978.pdf,F-13,F-13,"Forms, Catalogs & Order Blanks",Newsletter: About A.A.,Newsletters,English,,1978,651029,635.8 KB,2021-07-14,https://www.aa.org/about-aa,About A.A.,1,www.aa.org,ok
1002,"About A.A. - More Women, Young People Joining A.A. Worldwide",https://www.aa.org/sites/default/files/newsletters/f-13_winter1978.pdf,f-13_winter1978.pdf,F-13,F-13,"Forms, Catalogs & Order Blanks",Newsletter: About A.A.,Newsletters,English,Young People; Women,1978,1209950,1.2 MB,2021-07-14,https://www.aa.org/about-aa,About A.A.,1,www.aa.org,ok
1003,About A.A. - More Young People Come to A.A. and Stay,https://www.aa.org/sites/default/files/newsletters/f-13_winter1986.pdf,f-13_winter1986.pdf,F-13,F-13,"Forms, Catalogs & Order Blanks",Newsletter: About A.A.,Newsletters,English,Young People,1986,325632,318.0 KB,2021-07-14,https://www.aa.org/about-aa,About A.A.,1,www.aa.org,ok
1004,About A.A. - Myths and Misconceptions,https://www.aa.org/sites/default/files/newsletters/f-13_spring17.pdf,f-13_spring17.pdf,F-13,F-13,"Forms, Catalogs & Order Blanks",Newsletter: About A.A.,Newsletters,English,Twelve Concepts,,361412,352.9 KB,2021-07-14,https://www.aa.org/about-aa,About A.A.,1,www.aa.org,ok
1005,About A.A. - Myths and Misconceptions About Alcoholics Anonymous — An Alcoholism Counselor's View,https://www.aa.org/sites/default/files/newsletters/f-13_spring1984.pdf,f-13_spring1984.pdf,F-13,F-13,"Forms, Catalogs & Order Blanks",Newsletter: About A.A.,Newsletters,English,Twelve Concepts,1984,351903,343.7 KB,2021-07-14,https://www.aa.org/about-aa,About A.A.,1,www.aa.org,ok
1006,About A.A. - National EAP Representatives Meet at A.A.'s,https://www.aa.org/sites/default/files/newsletters/f-13_spring06.pdf,f-13_spring06.pdf,F-13,F-13,"Forms, Catalogs & Order Blanks",Newsletter: About A.A.,Newsletters,English,,,162900,159.1 KB,2021-07-14,https://www.aa.org/about-aa,About A.A.,1,www.aa.org,ok
1007,About A.A. - New for Teenage Drinkers,https://www.aa.org/sites/default/files/newsletters/f-13_summer1977.pdf,f-13_summer1977.pdf,F-13,F-13,"Forms, Catalogs & Order Blanks",Newsletter: About A.A.,Newsletters,English,Young People,1977,689536,673.4 KB,2021-07-14,https://www.aa.org/about-aa,About A.A.,1,www.aa.org,ok
1008,About A.A. - Nonalcoholic Trustees Enhance A.A.'s Ties With the Professional Community,https://www.aa.org/sites/default/files/newsletters/f-13_fall1989.pdf,f-13_fall1989.pdf,F-13,F-13,"Forms, Catalogs & Order Blanks",Newsletter: About A.A.,Newsletters,English,Professionals,1989,381811,372.9 KB,2021-07-14,https://www.aa.org/about-aa,About A.A.,1,www.aa.org,ok
1009,About A.A. - Nonalcoholic Trustees Open A.A.'s Windows to the World,https://www.aa.org/sites/default/files/newsletters/f-13_fall-winter1995.pdf,f-13_fall-winter1995.pdf,F-13,F-13,"Forms, Catalogs & Order Blanks",Newsletter: About A.A.,Newsletters,English,,1995,337132,329.2 KB,2021-07-14,https://www.aa.org/about-aa,About A.A.,1,www.aa.org,ok
1010,About A.A. - Questionnaire Results Reveal Need for Information on the Nature of A.A.,https://www.aa.org/sites/default/files/newsletters/f-13_spring1983.pdf,f-13_spring1983.pdf,F-13,F-13,"Forms, Catalogs & Order Blanks",Newsletter: About A.A.,Newsletters,English,Form / Application,1983,457292,446.6 KB,2021-07-14,https://www.aa.org/about-aa,About A.A.,1,www.aa.org,ok
1011,About A.A. - Self-Supporting Through Our Own Contributions,https://www.aa.org/sites/default/files/newsletters/f-13_spring00.pdf,f-13_spring00.pdf,F-13,F-13,"Forms, Catalogs & Order Blanks",Newsletter: About A.A.,Newsletters,English,Self-Support,,43075,42.1 KB,2021-07-14,https://www.aa.org/about-aa,About A.A.,1,www.aa.org,ok
1012,About A.A. - Singleness of Purpose,https://www.aa.org/sites/default/files/newsletters/f-13_fall-winter02.pdf,f-13_fall-winter02.pdf,F-13,F-13,"Forms, Catalogs & Order Blanks",Newsletter: About A.A.,Newsletters,English,,,55237,53.9 KB,2021-07-14,https://www.aa.org/about-aa,About A.A.,1,www.aa.org,ok
1013,About A.A. - Sobering Centers Offer Nontraditional Exposure to A.A.'s Program of Recovery,https://www.aa.org/sites/default/files/newsletters/f-13_summer19.pdf,f-13_summer19.pdf,F-13,F-13,"Forms, Catalogs & Order Blanks",Newsletter: About A.A.,Newsletters,English,Twelve Traditions; Sobriety,,574369,560.9 KB,2021-07-14,https://www.aa.org/about-aa,About A.A.,1,www.aa.org,ok
1014,About A.A. - Spring 1993 - A Health Care Professional Looks at A.A.,https://www.aa.org/sites/default/files/newsletters/f-13_fall-spring1993.pdf,f-13_fall-spring1993.pdf,F-13,F-13,"Forms, Catalogs & Order Blanks",Newsletter: About A.A.,Newsletters,English,Professionals,1993,311230,303.9 KB,2021-07-14,https://www.aa.org/about-aa,About A.A.,1,www.aa.org,ok
1015,About A.A. - Survey Profiles Today's A.A. Member,https://www.aa.org/sites/default/files/newsletters/f-13_fall05.pdf,f-13_fall05.pdf,F-13,F-13,"Forms, Catalogs & Order Blanks",Newsletter: About A.A.,Newsletters,English,Survey Data,,137991,134.8 KB,2021-07-14,https://www.aa.org/about-aa,About A.A.,1,www.aa.org,ok
1016,"About A.A. - Technology, Professionals and A.A.",https://www.aa.org/sites/default/files/newsletters/f-13_summer20.pdf,f-13_summer20.pdf,F-13,F-13,"Forms, Catalogs & Order Blanks",Newsletter: About A.A.,Newsletters,English,Professionals,,480952,469.7 KB,2021-06-24,https://www.aa.org/about-aa,About A.A.,1,www.aa.org,ok
1017,About A.A. - The A.A. Grapevine: A Meeting in Print,https://www.aa.org/sites/default/files/newsletters/f-13_winter1990-1991.pdf,f-13_winter1990-1991.pdf,F-13,F-13,"Forms, Catalogs & Order Blanks",Newsletter: About A.A.,Newsletters,English,Grapevine,1991,409531,399.9 KB,2021-07-14,https://www.aa.org/about-aa,About A.A.,1,www.aa.org,ok
1018,About A.A. - The A.A. Grapevine: A.A.'s Meeting in Print,https://www.aa.org/sites/default/files/newsletters/f-13_fall04.pdf,f-13_fall04.pdf,F-13,F-13,"Forms, Catalogs & Order Blanks",Newsletter: About A.A.,Newsletters,English,Grapevine,,431933,421.8 KB,2021-07-14,https://www.aa.org/about-aa,About A.A.,1,www.aa.org,ok
1019,About A.A. - The A.A. Grapevine: A.A.'s Meeting in Print,https://www.aa.org/sites/default/files/newsletters/f-13_summer1996.pdf,f-13_summer1996.pdf,F-13,F-13,"Forms, Catalogs & Order Blanks",Newsletter: About A.A.,Newsletters,English,Grapevine,1996,407238,397.7 KB,2021-07-14,https://www.aa.org/about-aa,About A.A.,1,www.aa.org,ok
1020,About A.A. - The A.A. Program – Spiritual But Never 'Religious',https://www.aa.org/sites/default/files/newsletters/f-13_fall03.pdf,f-13_fall03.pdf,F-13,F-13,"Forms, Catalogs & Order Blanks",Newsletter: About A.A.,Newsletters,English,Spirituality,,41761,40.8 KB,2021-07-14,https://www.aa.org/about-aa,About A.A.,1,www.aa.org,ok
1021,About A.A. - The Fellowship Owes Much to Nonalcoholic Doctors Past and Present,https://www.aa.org/sites/default/files/newsletters/f-13_spring03.pdf,f-13_spring03.pdf,F-13,F-13,"Forms, Catalogs & Order Blanks",Newsletter: About A.A.,Newsletters,English,Medical,,44281,43.2 KB,2021-07-14,https://www.aa.org/about-aa,About A.A.,1,www.aa.org,ok
1022,About A.A. - The Law-Enforcement Professional Can Be a Lifeline to the Alcoholic,https://www.aa.org/sites/default/files/newsletters/f-13_winter1994.pdf,f-13_winter1994.pdf,F-13,F-13,"Forms, Catalogs & Order Blanks",Newsletter: About A.A.,Newsletters,English,Professionals,1994,290308,283.5 KB,2021-07-14,https://www.aa.org/about-aa,About A.A.,1,www.aa.org,ok
1023,About A.A. - This is No. 2 …,https://www.aa.org/sites/default/files/newsletters/f-13_fall1973.pdf,f-13_fall1973.pdf,F-13,F-13,"Forms, Catalogs & Order Blanks",Newsletter: About A.A.,Newsletters,English,,1973,314397,307.0 KB,2021-07-14,https://www.aa.org/about-aa,About A.A.,1,www.aa.org,ok
1024,About A.A. - Three International A.A. Events Set for 1980,https://www.aa.org/sites/default/files/newsletters/f-13_spring1980.pdf,f-13_spring1980.pdf,F-13,F-13,"Forms, Catalogs & Order Blanks",Newsletter: About A.A.,Newsletters,English,,1980,712219,695.5 KB,2021-07-14,https://www.aa.org/about-aa,About A.A.,1,www.aa.org,ok
1025,About A.A. - Three New Class A (Nonalcoholic) Trustees Join A.A. General Service Board,https://www.aa.org/sites/default/files/newsletters/f-13_spring-summer1987.pdf,f-13_spring-summer1987.pdf,F-13,F-13,"Forms, Catalogs & Order Blanks",Newsletter: About A.A.,Newsletters,English,,1987,590835,577.0 KB,2021-07-14,https://www.aa.org/about-aa,About A.A.,1,www.aa.org,ok
1026,About A.A. - Two Psychiatrists View A.A. – 50 Years Apart,https://www.aa.org/sites/default/files/newsletters/f-13_spring1995.pdf,f-13_spring1995.pdf,F-13,F-13,"Forms, Catalogs & Order Blanks",Newsletter: About A.A.,Newsletters,English,,1995,330597,322.8 KB,2021-07-14,https://www.aa.org/about-aa,About A.A.,1,www.aa.org,ok
1027,About A.A. - Ways to Inform Professionals about A.A.,https://www.aa.org/sites/default/files/newsletters/f-13_winter2026.pdf,f-13_winter2026.pdf,F-13,F-13,"Forms, Catalogs & Order Blanks",Newsletter: About A.A.,Newsletters,English,Professionals; Form / Application,2026,767351,749.4 KB,2026-03-02,https://www.aa.org/about-aa,About A.A.,1,www.aa.org,ok
1028,About A.A. - We Tread Innumerable Paths: Spirituality in A.A.,https://www.aa.org/sites/default/files/newsletters/f-13_winter09.pdf,f-13_winter09.pdf,F-13,F-13,"Forms, Catalogs & Order Blanks",Newsletter: About A.A.,Newsletters,English,Spirituality,,53341,52.1 KB,2021-07-14,https://www.aa.org/about-aa,About A.A.,1,www.aa.org,ok
1029,About A.A. - When Non-A.A.'s Want to Start an A.A. Group,https://www.aa.org/sites/default/files/newsletters/f-13_winter1982.pdf,f-13_winter1982.pdf,F-13,F-13,"Forms, Catalogs & Order Blanks",Newsletter: About A.A.,Newsletters,English,,1982,344506,336.4 KB,2021-07-14,https://www.aa.org/about-aa,About A.A.,1,www.aa.org,ok
1030,About A.A. – 'Singleness of Purpose' Unites Over Two Million A.A. Members,https://www.aa.org/sites/default/files/newsletters/f-13_fall-winter1994.pdf,f-13_fall-winter1994.pdf,F-13,F-13,"Forms, Catalogs & Order Blanks",Newsletter: About A.A.,Newsletters,English,,1994,397750,388.4 KB,2021-07-14,https://www.aa.org/about-aa,About A.A.,1,www.aa.org,ok
1031,About A.A. – The A.A. Grapevine: Voice of A.A.s in Every Stage of Recovery,https://www.aa.org/sites/default/files/newsletters/f-13_spring1986.pdf,f-13_spring1986.pdf,F-13,F-13,"Forms, Catalogs & Order Blanks",Newsletter: About A.A.,Newsletters,English,Grapevine,1986,301507,294.4 KB,2021-07-14,https://www.aa.org/about-aa,About A.A.,1,www.aa.org,ok
1032,About AA - A Resource for the Helping Professional,https://www.aa.org/sites/default/files/newsletters/f-13_fall2024.pdf,f-13_fall2024.pdf,F-13,F-13,"Forms, Catalogs & Order Blanks",Newsletter: About A.A.,Newsletters,English,Professionals,2024,1465620,1.4 MB,2024-11-07,https://www.aa.org/about-aa,About A.A.,1,www.aa.org,ok
1033,About AA - A.A. as a Resource Around the World,https://www.aa.org/sites/default/files/newsletters/f-13_spring2022.pdf,f-13_spring2022.pdf,F-13,F-13,"Forms, Catalogs & Order Blanks",Newsletter: About A.A.,Newsletters,English,,2022,1896911,1.8 MB,2022-04-07,https://www.aa.org/about-aa,About A.A.,1,www.aa.org,ok
1034,About AA - Common Myths and Misconceptions about Alcoholics Anonymous,https://www.aa.org/sites/default/files/newsletters/F-13_Winter2025.pdf,F-13_Winter2025.pdf,F-13,F-13,"Forms, Catalogs & Order Blanks",Newsletter: About A.A.,Newsletters,English,Twelve Concepts,2025,1329378,1.3 MB,2025-03-27,https://www.aa.org/about-aa,About A.A.,1,www.aa.org,ok
1035,About AA - Helping Alcoholics Help Each Other,https://www.aa.org/sites/default/files/newsletters/f-13_spring2023.pdf,f-13_spring2023.pdf,F-13,F-13,"Forms, Catalogs & Order Blanks",Newsletter: About A.A.,Newsletters,English,,2023,694372,678.1 KB,2023-06-01,https://www.aa.org/about-aa,About A.A.,1,www.aa.org,ok
1036,About AA - There Is Help for Those with a Drinking Problem,https://www.aa.org/sites/default/files/newsletters/f-13_winter2023.pdf,f-13_winter2023.pdf,F-13,F-13,"Forms, Catalogs & Order Blanks",Newsletter: About A.A.,Newsletters,English,,2023,750791,733.2 KB,2024-05-09,https://www.aa.org/about-aa,About A.A.,1,www.aa.org,ok
1037,About AA - Vital ways to reach those who suffer from alcoholism,https://www.aa.org/sites/default/files/newsletters/f-13_fall2022.pdf,f-13_fall2022.pdf,F-13,F-13,"Forms, Catalogs & Order Blanks",Newsletter: About A.A.,Newsletters,English,,2022,430360,420.3 KB,2022-10-07,https://www.aa.org/about-aa,About A.A.,1,www.aa.org,ok
1038,"Acerca de A.A. - ""No somos profesionales""",https://www.aa.org/sites/default/files/newsletters/sf-13_spring15.pdf,sf-13_spring15.pdf,SF-13,F-13,"Forms, Catalogs & Order Blanks",Newsletter: About A.A.,Newsletters,Spanish,,,65380,63.8 KB,2021-07-14,https://www.aa.org/es/about-aa,Boletín Acerca de AA,1,www.aa.org,ok
1039,Acerca de A.A. - 'A los empleadores',https://www.aa.org/sites/default/files/newsletters/sf-13_winter14.pdf,sf-13_winter14.pdf,SF-13,F-13,"Forms, Catalogs & Order Blanks",Newsletter: About A.A.,Newsletters,Spanish,,,64858,63.3 KB,2021-07-14,https://www.aa.org/es/about-aa,Boletín Acerca de AA,1,www.aa.org,ok
1040,Acerca de A.A. - A.A. como recurso para profesionales de tribunales...,https://www.aa.org/sites/default/files/newsletters/sf-13_spring10.pdf,sf-13_spring10.pdf,SF-13,F-13,"Forms, Catalogs & Order Blanks",Newsletter: About A.A.,Newsletters,Spanish,,,112463,109.8 KB,2021-07-14,https://www.aa.org/es/about-aa,Boletín Acerca de AA,1,www.aa.org,ok
1041,Acerca de A.A. - A.A. Continúa Siendo un Recurso para los Profesionales,https://www.aa.org/sites/default/files/newsletters/f-13sp_inv02.pdf,f-13sp_inv02.pdf,,,,Newsletter: About A.A.,Newsletters,Spanish,,,84792,82.8 KB,2021-09-02,https://www.aa.org/es/about-aa,Boletín Acerca de AA,1,www.aa.org,ok
1042,Acerca de A.A. - A.A. coopera con las Instituciones de Tratamiento para ayudar a los alcohólicos,https://www.aa.org/sites/default/files/newsletters/sf-13_spring05.pdf,sf-13_spring05.pdf,SF-13,F-13,"Forms, Catalogs & Order Blanks",Newsletter: About A.A.,Newsletters,Spanish,,,376678,367.8 KB,2021-07-14,https://www.aa.org/es/about-aa,Boletín Acerca de AA,1,www.aa.org,ok
1043,Acerca de A.A. - A.A. da la bienvenida a dos custodios de Clase A [no alcohólicas,https://www.aa.org/sites/default/files/newsletters/sf-13_fall16.pdf,sf-13_fall16.pdf,SF-13,F-13,"Forms, Catalogs & Order Blanks",Newsletter: About A.A.,Newsletters,Spanish,,,444488,434.1 KB,2021-07-14,https://www.aa.org/es/about-aa,Boletín Acerca de AA,1,www.aa.org,ok
1044,Acerca de A.A. - A.A. intenta alcanzar a poblaciones muy diversas,https://www.aa.org/sites/default/files/newsletters/sf-13_winter12.pdf,sf-13_winter12.pdf,SF-13,F-13,"Forms, Catalogs & Order Blanks",Newsletter: About A.A.,Newsletters,Spanish,,,199061,194.4 KB,2021-07-14,https://www.aa.org/es/about-aa,Boletín Acerca de AA,1,www.aa.org,ok
1045,Acerca de A.A. - A.A. para el alcohólico con necesidades especiales,https://www.aa.org/sites/default/files/newsletters/sf-13_spring14.pdf,sf-13_spring14.pdf,SF-13,F-13,"Forms, Catalogs & Order Blanks",Newsletter: About A.A.,Newsletters,Spanish,,,346916,338.8 KB,2021-07-14,https://www.aa.org/es/about-aa,Boletín Acerca de AA,1,www.aa.org,ok
1046,Acerca de A.A. - A.A. y el Alcohólico Mayor,https://www.aa.org/sites/default/files/newsletters/sf-13_fall18.pdf,sf-13_fall18.pdf,SF-13,F-13,"Forms, Catalogs & Order Blanks",Newsletter: About A.A.,Newsletters,Spanish,,,660307,644.8 KB,2021-07-14,https://www.aa.org/es/about-aa,Boletín Acerca de AA,1,www.aa.org,ok
1047,Acerca de A.A. - A.A. y las Fuerzas Armadas,https://www.aa.org/sites/default/files/newsletters/sf-13_fall17.pdf,sf-13_fall17.pdf,SF-13,F-13,"Forms, Catalogs & Order Blanks",Newsletter: About A.A.,Newsletters,Spanish,,,161112,157.3 KB,2021-07-14,https://www.aa.org/es/about-aa,Boletín Acerca de AA,1,www.aa.org,ok
1048,Acerca de A.A. - A.A. y los profesionales,https://www.aa.org/sites/default/files/newsletters/sf-13_spring04.pdf,sf-13_spring04.pdf,SF-13,F-13,"Forms, Catalogs & Order Blanks",Newsletter: About A.A.,Newsletters,Spanish,,,66814,65.2 KB,2021-07-14,https://www.aa.org/es/about-aa,Boletín Acerca de AA,1,www.aa.org,ok
1049,Acerca de A.A. - A.A. y sus amigos no alcohólicos: una deuda de gratitud,https://www.aa.org/sites/default/files/newsletters/f-13sp_inv00-01.pdf,f-13sp_inv00-01.pdf,,,,Newsletter: About A.A.,Newsletters,Spanish,,,72351,70.7 KB,2021-09-02,https://www.aa.org/es/about-aa,Boletín Acerca de AA,1,www.aa.org,ok
1050,Acerca de A.A. - Automantenidos por nuestras propias contribuciones,https://www.aa.org/sites/default/files/newsletters/f-13sp_spring00.pdf,f-13sp_spring00.pdf,,,,Newsletter: About A.A.,Newsletters,Spanish,,,20287,19.8 KB,2021-07-14,https://www.aa.org/es/about-aa,Boletín Acerca de AA,1,www.aa.org,ok
1051,Acerca de A.A. - Centros de sobriedad ofrecen una exposición no tradicional al programa de recuperación de A.A.,https://www.aa.org/sites/default/files/newsletters/sf-13_summer19.pdf,sf-13_summer19.pdf,SF-13,F-13,"Forms, Catalogs & Order Blanks",Newsletter: About A.A.,Newsletters,Spanish,,,402836,393.4 KB,2021-07-14,https://www.aa.org/es/about-aa,Boletín Acerca de AA,1,www.aa.org,ok
1052,Acerca de A.A. - Colaboración: Preparando el camino hacia la sobriedad,https://www.aa.org/sites/default/files/newsletters/sf-13_fall10.pdf,sf-13_fall10.pdf,SF-13,F-13,"Forms, Catalogs & Order Blanks",Newsletter: About A.A.,Newsletters,Spanish,,,117006,114.3 KB,2021-07-14,https://www.aa.org/es/about-aa,Boletín Acerca de AA,1,www.aa.org,ok
1053,Acerca de A.A. - El 'Texto Básico' de A.A.: 75 años — y suma y sigue,https://www.aa.org/sites/default/files/newsletters/sf-13_fall13.pdf,sf-13_fall13.pdf,SF-13,F-13,"Forms, Catalogs & Order Blanks",Newsletter: About A.A.,Newsletters,Spanish,,,221584,216.4 KB,2021-07-14,https://www.aa.org/es/about-aa,Boletín Acerca de AA,1,www.aa.org,ok
1054,Acerca de A.A. - El Grapevine de A.A.: la reunión de A.A. impresa,https://www.aa.org/sites/default/files/newsletters/sf-13_fall04.pdf,sf-13_fall04.pdf,SF-13,F-13,"Forms, Catalogs & Order Blanks",Newsletter: About A.A.,Newsletters,Spanish,Grapevine,,144735,141.3 KB,2021-07-14,https://www.aa.org/es/about-aa,Boletín Acerca de AA,1,www.aa.org,ok
1055,Acerca de A.A. - El programa de A.A.--espiritual pero nunca ‘religioso’,https://www.aa.org/sites/default/files/newsletters/sf-13_fall03.pdf,sf-13_fall03.pdf,SF-13,F-13,"Forms, Catalogs & Order Blanks",Newsletter: About A.A.,Newsletters,Spanish,Spirituality,,68518,66.9 KB,2021-07-14,https://www.aa.org/es/about-aa,Boletín Acerca de AA,1,www.aa.org,ok
1056,Acerca de A.A. - Encuesta de los Miembros de 1998: un retrato de la Comunidad,https://www.aa.org/sites/default/files/newsletters/f-13sp_summ99.pdf,f-13sp_summ99.pdf,,,,Newsletter: About A.A.,Newsletters,Spanish,,1998,48502,47.4 KB,2021-07-14,https://www.aa.org/es/about-aa,Boletín Acerca de AA,1,www.aa.org,ok
1057,Acerca de A.A. - Encuesta de los miembros de A.A. indica el papel clave de los profesionales del cuidado de la salud,https://www.aa.org/sites/default/files/newsletters/sf-13_winter08.pdf,sf-13_winter08.pdf,SF-13,F-13,"Forms, Catalogs & Order Blanks",Newsletter: About A.A.,Newsletters,Spanish,,,123743,120.8 KB,2021-07-14,https://www.aa.org/es/about-aa,Boletín Acerca de AA,1,www.aa.org,ok
1058,Acerca de A.A. - Encuesta ofrece un perfil del miembro actual de A.A.,https://www.aa.org/sites/default/files/newsletters/sf-13_fall05.pdf,sf-13_fall05.pdf,SF-13,F-13,"Forms, Catalogs & Order Blanks",Newsletter: About A.A.,Newsletters,Spanish,,,378606,369.7 KB,2021-07-14,https://www.aa.org/es/about-aa,Boletín Acerca de AA,1,www.aa.org,ok
1059,Acerca de A.A. - Grapevine: un verdadero reflejo de A.A. hoy día,https://www.aa.org/sites/default/files/newsletters/sf-13_spring11.pdf,sf-13_spring11.pdf,SF-13,F-13,"Forms, Catalogs & Order Blanks",Newsletter: About A.A.,Newsletters,Spanish,Grapevine,,179232,175.0 KB,2021-07-14,https://www.aa.org/es/about-aa,Boletín Acerca de AA,1,www.aa.org,ok
1060,Acerca de A.A. - Hacer AA accesible a los que tienen necesidades especiales,https://www.aa.org/sites/default/files/newsletters/sf-13_fall06.pdf,sf-13_fall06.pdf,SF-13,F-13,"Forms, Catalogs & Order Blanks",Newsletter: About A.A.,Newsletters,Spanish,,,76536,74.7 KB,2021-07-14,https://www.aa.org/es/about-aa,Boletín Acerca de AA,1,www.aa.org,ok
1061,Acerca de A.A. - La Comunidad tiene una gran deuda con los médicos no-alcohólicos de hoy y del pasado,https://www.aa.org/sites/default/files/newsletters/sf-13_spring03.pdf,sf-13_spring03.pdf,SF-13,F-13,"Forms, Catalogs & Order Blanks",Newsletter: About A.A.,Newsletters,Spanish,,,21263,20.8 KB,2021-07-14,https://www.aa.org/es/about-aa,Boletín Acerca de AA,1,www.aa.org,ok
1062,Acerca de A.A. - La cooperación de A.A. con entornos de tratamiento,https://www.aa.org/sites/default/files/newsletters/sf-13_spring16.pdf,sf-13_spring16.pdf,SF-13,F-13,"Forms, Catalogs & Order Blanks",Newsletter: About A.A.,Newsletters,Spanish,,,566044,552.8 KB,2021-07-14,https://www.aa.org/es/about-aa,Boletín Acerca de AA,1,www.aa.org,ok
1063,Acerca de A.A. - La Encuesta de los miembros de A.A. de 2012,https://www.aa.org/sites/default/files/newsletters/sf-13_fall12.pdf,sf-13_fall12.pdf,SF-13,F-13,"Forms, Catalogs & Order Blanks",Newsletter: About A.A.,Newsletters,Spanish,,2012,674860,659.0 KB,2021-07-14,https://www.aa.org/es/about-aa,Boletín Acerca de AA,1,www.aa.org,ok
1064,Acerca de A.A. - La encuesta de los miembros de A.A. de 2014 revela las actuales tendencias,https://www.aa.org/sites/default/files/newsletters/sf-13_fall15.pdf,sf-13_fall15.pdf,SF-13,F-13,"Forms, Catalogs & Order Blanks",Newsletter: About A.A.,Newsletters,Spanish,,2014,88513,86.4 KB,2021-07-14,https://www.aa.org/es/about-aa,Boletín Acerca de AA,1,www.aa.org,ok
1065,Acerca de A.A. - La junta selecciona un nuevo presidente,https://www.aa.org/sites/default/files/newsletters/sf-13_summer13.pdf,sf-13_summer13.pdf,SF-13,F-13,"Forms, Catalogs & Order Blanks",Newsletter: About A.A.,Newsletters,Spanish,,,265485,259.3 KB,2021-07-14,https://www.aa.org/es/about-aa,Boletín Acerca de AA,1,www.aa.org,ok
1066,"Acerca de A.A. - La tecnología, los profesionales y A.A.",https://www.aa.org/sites/default/files/newsletters/sf-13_summer20-2.pdf,sf-13_summer20-2.pdf,SF-13,F-13,"Forms, Catalogs & Order Blanks",Newsletter: About A.A.,Newsletters,Spanish,,,448697,438.2 KB,2021-08-05,https://www.aa.org/es/about-aa,Boletín Acerca de AA,1,www.aa.org,ok
1067,Acerca de A.A. - Mitos y malentendidos,https://www.aa.org/sites/default/files/newsletters/sf-13_spring17.pdf,sf-13_spring17.pdf,SF-13,F-13,"Forms, Catalogs & Order Blanks",Newsletter: About A.A.,Newsletters,Spanish,,,735556,718.3 KB,2021-07-14,https://www.aa.org/es/about-aa,Boletín Acerca de AA,1,www.aa.org,ok
1068,Acerca de A.A. - Nueva presidenta de la junta de A.A.,https://www.aa.org/sites/default/files/newsletters/f-13sp_sum01.pdf,f-13sp_sum01.pdf,,,,Newsletter: About A.A.,Newsletters,Spanish,,,29201,28.5 KB,2021-07-14,https://www.aa.org/es/about-aa,Boletín Acerca de AA,1,www.aa.org,ok
1069,Acerca de A.A. - Para estudiantes de medicina de Filadelfia una reunión de A.A. es parte de su curso,https://www.aa.org/sites/default/files/newsletters/sf-13_summer08.pdf,sf-13_summer08.pdf,SF-13,F-13,"Forms, Catalogs & Order Blanks",Newsletter: About A.A.,Newsletters,Spanish,Medical,,98921,96.6 KB,2021-07-14,https://www.aa.org/es/about-aa,Boletín Acerca de AA,1,www.aa.org,ok
1070,Acerca de A.A. - Programa de instrucción sobre el alcoholismo empareja,https://www.aa.org/sites/default/files/newsletters/sf-13_winter07.pdf,sf-13_winter07.pdf,SF-13,F-13,"Forms, Catalogs & Order Blanks",Newsletter: About A.A.,Newsletters,Spanish,,,78585,76.7 KB,2021-07-14,https://www.aa.org/es/about-aa,Boletín Acerca de AA,1,www.aa.org,ok
1071,Acerca de A.A. - Representantes de PAE nacionales se reúnen en la Oficina de Servicios Generales de A.A.,https://www.aa.org/sites/default/files/newsletters/sf-13_spring06.pdf,sf-13_spring06.pdf,SF-13,F-13,"Forms, Catalogs & Order Blanks",Newsletter: About A.A.,Newsletters,Spanish,,,119747,116.9 KB,2021-07-14,https://www.aa.org/es/about-aa,Boletín Acerca de AA,1,www.aa.org,ok
1072,Acerca de A.A. - Sacar a relucir el espinoso tema de la forma de beber de un paciente,https://www.aa.org/sites/default/files/newsletters/sf-13_spring07.pdf,sf-13_spring07.pdf,SF-13,F-13,"Forms, Catalogs & Order Blanks",Newsletter: About A.A.,Newsletters,Spanish,Form / Application,,55115,53.8 KB,2021-07-14,https://www.aa.org/es/about-aa,Boletín Acerca de AA,1,www.aa.org,ok
1073,Acerca de A.A. - Sacar a relucir el tema delicado de la forma de beber del paciente,https://www.aa.org/sites/default/files/newsletters/sf-13_summer14.pdf,sf-13_summer14.pdf,SF-13,F-13,"Forms, Catalogs & Order Blanks",Newsletter: About A.A.,Newsletters,Spanish,Form / Application,,74609,72.9 KB,2021-07-14,https://www.aa.org/es/about-aa,Boletín Acerca de AA,1,www.aa.org,ok
1074,Acerca de A.A. - Unicidad de Propósito,https://www.aa.org/sites/default/files/newsletters/sf-13_fall-winter02.pdf,sf-13_fall-winter02.pdf,SF-13,F-13,"Forms, Catalogs & Order Blanks",Newsletter: About A.A.,Newsletters,Spanish,,,46088,45.0 KB,2021-07-14,https://www.aa.org/es/about-aa,Boletín Acerca de AA,1,www.aa.org,ok
1075,Acerca de A.A. - Vamos por innumerables caminos: la espiritualidad en A.A.,https://www.aa.org/sites/default/files/newsletters/sf-13_winter09.pdf,sf-13_winter09.pdf,SF-13,F-13,"Forms, Catalogs & Order Blanks",Newsletter: About A.A.,Newsletters,Spanish,Spirituality,,54495,53.2 KB,2021-07-14,https://www.aa.org/es/about-aa,Boletín Acerca de AA,1,www.aa.org,ok
1076,Acerca de AA - AA como un recurso en todo el mundo,https://www.aa.org/sites/default/files/newsletters/sf-13_spring2022.pdf,sf-13_spring2022.pdf,SF-13,F-13,"Forms, Catalogs & Order Blanks",Newsletter: About A.A.,Newsletters,Spanish,,2022,1889774,1.8 MB,2022-04-07,https://www.aa.org/es/about-aa,Boletín Acerca de AA,1,www.aa.org,ok
1077,Acerca de AA - Algunos mitos y errores comunes sobre el alcoholismo,https://www.aa.org/sites/default/files/newsletters/SF-13_Winter2025.pdf,SF-13_Winter2025.pdf,SF-13,F-13,"Forms, Catalogs & Order Blanks",Newsletter: About A.A.,Newsletters,Spanish,,2025,1299829,1.2 MB,2025-03-27,https://www.aa.org/es/about-aa,Boletín Acerca de AA,1,www.aa.org,ok
1078,Acerca de AA - Ayudar a los alcohólicos a ayudarse unos a otros,https://www.aa.org/sites/default/files/newsletters/sf-13_spring2023.pdf,sf-13_spring2023.pdf,SF-13,F-13,"Forms, Catalogs & Order Blanks",Newsletter: About A.A.,Newsletters,Spanish,,2023,682748,666.7 KB,2023-06-01,https://www.aa.org/es/about-aa,Boletín Acerca de AA,1,www.aa.org,ok
1079,Acerca de AA - Cómo informar a los profesionales acerca de AA,https://www.aa.org/sites/default/files/newsletters/sf-13_winter2026.pdf,sf-13_winter2026.pdf,SF-13,F-13,"Forms, Catalogs & Order Blanks",Newsletter: About A.A.,Newsletters,Spanish,Form / Application,2026,767565,749.6 KB,2026-03-02,https://www.aa.org/es/about-aa,Boletín Acerca de AA,1,www.aa.org,ok
1080,Acerca de AA - Encontrar formas de brindar acceso a todos los que buscan ayuda para tratar su alcoholismo,https://www.aa.org/sites/default/files/newsletters/SF-13_fall2025_0.pdf,SF-13_fall2025_0.pdf,SF-13,F-13,"Forms, Catalogs & Order Blanks",Newsletter: About A.A.,Newsletters,Spanish,Form / Application,2025,621127,606.6 KB,2025-11-17,https://www.aa.org/es/about-aa,Boletín Acerca de AA,1,www.aa.org,ok
1081,Acerca de AA - Formas vitales de alcanzar a aquellos que padecen de alcoholismo,https://www.aa.org/sites/default/files/newsletters/sf-13_fall2022.pdf,sf-13_fall2022.pdf,SF-13,F-13,"Forms, Catalogs & Order Blanks",Newsletter: About A.A.,Newsletters,Spanish,Form / Application,2022,418600,408.8 KB,2022-10-07,https://www.aa.org/es/about-aa,Boletín Acerca de AA,1,www.aa.org,ok
1082,Acerca de AA - Hay ayuda para quienes tienen un problema con la bebida,https://www.aa.org/sites/default/files/newsletters/sf-13_winter2023.pdf,sf-13_winter2023.pdf,SF-13,F-13,"Forms, Catalogs & Order Blanks",Newsletter: About A.A.,Newsletters,Spanish,,2023,768285,750.3 KB,2024-05-09,https://www.aa.org/es/about-aa,Boletín Acerca de AA,1,www.aa.org,ok
1083,Acerca de AA - La «Unicidad De Propósito» De AA,https://www.aa.org/sites/default/files/newsletters/SF-13_spring2025.pdf,SF-13_spring2025.pdf,SF-13,F-13,"Forms, Catalogs & Order Blanks",Newsletter: About A.A.,Newsletters,Spanish,,2025,3106958,3.0 MB,2025-06-27,https://www.aa.org/es/about-aa,Boletín Acerca de AA,1,www.aa.org,ok
1084,Acerca de AA - Un recurso para los profesionales que quieren ayudar,https://www.aa.org/sites/default/files/newsletters/sf-13_fall2024.pdf,sf-13_fall2024.pdf,SF-13,F-13,"Forms, Catalogs & Order Blanks",Newsletter: About A.A.,Newsletters,Spanish,,2024,1601112,1.5 MB,2024-11-07,https://www.aa.org/es/about-aa,Boletín Acerca de AA,1,www.aa.org,ok
1085,Cette Édition,https://www.aa.org/sites/default/files/newsletters/ff-13_winter2026.pdf,ff-13_winter2026.pdf,FF-13,F-13,"Forms, Catalogs & Order Blanks",Newsletter: About A.A.,Newsletters,French,Newsletter; Form / Application,2026,778080,759.8 KB,2026-03-02,https://www.aa.org/fr/about-aa,Bulletin Informations sur les AA,1,www.aa.org,ok
1086,El artículo de Jack Alexander acerca de AA,https://aaws.widen.net/content/gpw3bicrlc/pdf/sp-12_jack_alexander_article_online.pdf,sp-12_jack_alexander_article_online.pdf,SP-12,P-12,Pamphlets & Booklets,Newsletter: About A.A.,Newsletters,Spanish,,,742253,724.9 KB,2026-01-05,https://www.aa.org/es/el-articulo-de-jack-alexander-acerca-de-aa,El artículo de Jack Alexander acerca de AA,1,aaws.widen.net,ok
1087,Informations sur les AA - 'Nous ne sommes pas des professionnels',https://www.aa.org/sites/default/files/newsletters/ff-13_spring15.pdf,ff-13_spring15.pdf,FF-13,F-13,"Forms, Catalogs & Order Blanks",Newsletter: About A.A.,Newsletters,French,Newsletter; Form / Application,,105854,103.4 KB,2021-07-14,https://www.aa.org/fr/about-aa,Bulletin Informations sur les AA,1,www.aa.org,ok
1088,Informations sur les AA - Aborder la question délicate de la consommation d'un patient,https://www.aa.org/sites/default/files/newsletters/ff-13_spring07.pdf,ff-13_spring07.pdf,FF-13,F-13,"Forms, Catalogs & Order Blanks",Newsletter: About A.A.,Newsletters,French,Newsletter; Form / Application,,84207,82.2 KB,2021-07-14,https://www.aa.org/fr/about-aa,Bulletin Informations sur les AA,1,www.aa.org,ok
1089,Informations sur les AA - Aborder le sujet délicat d’un patient qui boit,https://www.aa.org/sites/default/files/newsletters/ff-13_summer14.pdf,ff-13_summer14.pdf,FF-13,F-13,"Forms, Catalogs & Order Blanks",Newsletter: About A.A.,Newsletters,French,Newsletter; Form / Application,,67390,65.8 KB,2021-07-14,https://www.aa.org/fr/about-aa,Bulletin Informations sur les AA,1,www.aa.org,ok
1090,Informations sur les AA - Aider les alcooliques à s’entraider,https://www.aa.org/sites/default/files/newsletters/ff-13_spring2023.pdf,ff-13_spring2023.pdf,FF-13,F-13,"Forms, Catalogs & Order Blanks",Newsletter: About A.A.,Newsletters,French,Newsletter; Form / Application,2023,693155,676.9 KB,2023-06-01,https://www.aa.org/fr/about-aa,Bulletin Informations sur les AA,1,www.aa.org,ok
1091,Informations sur les AA - De l’aide pour les personnes qui ont un problème d’alcool,https://www.aa.org/sites/default/files/newsletters/ff-13_winter2023.pdf,ff-13_winter2023.pdf,FF-13,F-13,"Forms, Catalogs & Order Blanks",Newsletter: About A.A.,Newsletters,French,Newsletter; Form / Application,2023,769934,751.9 KB,2024-05-09,https://www.aa.org/fr/about-aa,Bulletin Informations sur les AA,1,www.aa.org,ok
1092,Informations sur les AA - Des outils vitaux pour rejoindre les personnes qui souffrent de l’alcoolisme,https://www.aa.org/sites/default/files/newsletters/ff-13_fall2022.pdf,ff-13_fall2022.pdf,FF-13,F-13,"Forms, Catalogs & Order Blanks",Newsletter: About A.A.,Newsletters,French,Newsletter; Form / Application,2022,449282,438.8 KB,2022-10-07,https://www.aa.org/fr/about-aa,Bulletin Informations sur les AA,1,www.aa.org,ok
1093,Informations sur les AA - deuLe « texte de base » des AA franchit un nouveau cap : 75 ans et ça continue,https://www.aa.org/sites/default/files/newsletters/ff-13_fall13.pdf,ff-13_fall13.pdf,FF-13,F-13,"Forms, Catalogs & Order Blanks",Newsletter: About A.A.,Newsletters,French,Newsletter; Form / Application,,178142,174.0 KB,2021-07-14,https://www.aa.org/fr/about-aa,Bulletin Informations sur les AA,1,www.aa.org,ok
1094,Informations sur les AA - Gratitude envers les milieux professionnels,https://www.aa.org/sites/default/files/newsletters/fr_aboutaasummer02_0.pdf,fr_aboutaasummer02_0.pdf,,,,Newsletter: About A.A.,Newsletters,French,Newsletter; Form / Application,,26429,25.8 KB,2021-09-02,https://www.aa.org/fr/about-aa,Bulletin Informations sur les AA,1,www.aa.org,ok
1095,Informations sur les AA - Informations sur les AA - 'Aux employeurs',https://www.aa.org/sites/default/files/newsletters/ff-13_winter14.pdf,ff-13_winter14.pdf,FF-13,F-13,"Forms, Catalogs & Order Blanks",Newsletter: About A.A.,Newsletters,French,Professionals; Newsletter; Form / Application,,170571,166.6 KB,2021-07-14,https://www.aa.org/fr/about-aa,Bulletin Informations sur les AA,1,www.aa.org,ok
1096,Informations sur les AA - La collaboration : paver la voie vers l’abstinence,https://www.aa.org/sites/default/files/newsletters/ff-13_fall10.pdf,ff-13_fall10.pdf,FF-13,F-13,"Forms, Catalogs & Order Blanks",Newsletter: About A.A.,Newsletters,French,Newsletter; Form / Application,,96359,94.1 KB,2021-07-14,https://www.aa.org/fr/about-aa,Bulletin Informations sur les AA,1,www.aa.org,ok
1097,Informations sur les AA - La collaboration des AA avec les établissements de traitement,https://www.aa.org/sites/default/files/newsletters/ff-13_spring16.pdf,ff-13_spring16.pdf,FF-13,F-13,"Forms, Catalogs & Order Blanks",Newsletter: About A.A.,Newsletters,French,Newsletter; Form / Application,,163819,160.0 KB,2021-07-14,https://www.aa.org/fr/about-aa,Bulletin Informations sur les AA,1,www.aa.org,ok
1098,Informations sur les AA - La spiritualité chez les AA : Nous suivons des voies innombrables,https://www.aa.org/sites/default/files/newsletters/ff-13_winter09.pdf,ff-13_winter09.pdf,FF-13,F-13,"Forms, Catalogs & Order Blanks",Newsletter: About A.A.,Newsletters,French,Newsletter; Spirituality; Form / Application,,57582,56.2 KB,2021-07-14,https://www.aa.org/fr/about-aa,Bulletin Informations sur les AA,1,www.aa.org,ok
1099,"Informations sur les AA - La technologie, les professionnels et les AA",https://www.aa.org/sites/default/files/newsletters/ff-13_summer20.pdf,ff-13_summer20.pdf,FF-13,F-13,"Forms, Catalogs & Order Blanks",Newsletter: About A.A.,Newsletters,French,Newsletter; Form / Application,,466854,455.9 KB,2021-08-05,https://www.aa.org/fr/about-aa,Bulletin Informations sur les AA,1,www.aa.org,ok
1100,Informations sur les AA - Le A.A. Grapevine : une réunion des AA par écrit,https://www.aa.org/sites/default/files/newsletters/ff-13_fall04.pdf,ff-13_fall04.pdf,FF-13,F-13,"Forms, Catalogs & Order Blanks",Newsletter: About A.A.,Newsletters,French,Grapevine; Newsletter; Form / Application,,163963,160.1 KB,2021-07-14,https://www.aa.org/fr/about-aa,Bulletin Informations sur les AA,1,www.aa.org,ok
1101,Informations sur les AA - Le Conseil élit un nouveau président,https://www.aa.org/sites/default/files/newsletters/ff-13_summer13.pdf,ff-13_summer13.pdf,FF-13,F-13,"Forms, Catalogs & Order Blanks",Newsletter: About A.A.,Newsletters,French,Newsletter; Form / Application,,230988,225.6 KB,2021-07-14,https://www.aa.org/fr/about-aa,Bulletin Informations sur les AA,1,www.aa.org,ok
1102,Informations sur les AA - Le Grapevine : miroir des AA d’aujourd’hui,https://www.aa.org/sites/default/files/newsletters/ff-13_spring11.pdf,ff-13_spring11.pdf,FF-13,F-13,"Forms, Catalogs & Order Blanks",Newsletter: About A.A.,Newsletters,French,Grapevine; Newsletter; Form / Application,,126008,123.1 KB,2021-07-14,https://www.aa.org/fr/about-aa,Bulletin Informations sur les AA,1,www.aa.org,ok
1103,Informations sur les AA - Le Mouvement doit beaucoup aux médecins non alcooliques d'hier et d'aujourd'hui,https://www.aa.org/sites/default/files/newsletters/ff-13_spring03.pdf,ff-13_spring03.pdf,FF-13,F-13,"Forms, Catalogs & Order Blanks",Newsletter: About A.A.,Newsletters,French,Newsletter; Form / Application,,399006,389.7 KB,2021-07-14,https://www.aa.org/fr/about-aa,Bulletin Informations sur les AA,1,www.aa.org,ok
1104,Informations sur les AA - Le programme des AA - Spirituel mais jamais ‘Religieux’,https://www.aa.org/sites/default/files/newsletters/ff-13_fall03.pdf,ff-13_fall03.pdf,FF-13,F-13,"Forms, Catalogs & Order Blanks",Newsletter: About A.A.,Newsletters,French,Newsletter; Form / Application,,61382,59.9 KB,2021-07-14,https://www.aa.org/fr/about-aa,Bulletin Informations sur les AA,1,www.aa.org,ok
1105,Informations sur les AA - Le sondage 2011 sur les membres des AA donne les tendances actuelles,https://www.aa.org/sites/default/files/newsletters/ff-13_fall12.pdf,ff-13_fall12.pdf,FF-13,F-13,"Forms, Catalogs & Order Blanks",Newsletter: About A.A.,Newsletters,French,Newsletter; Form / Application,2011,533229,520.7 KB,2021-07-14,https://www.aa.org/fr/about-aa,Bulletin Informations sur les AA,1,www.aa.org,ok
1106,Informations sur les AA - Le sondage sur les membres des AA de 2014 révèle les tendances actuelles,https://www.aa.org/sites/default/files/newsletters/ff-13_fall15.pdf,ff-13_fall15.pdf,FF-13,F-13,"Forms, Catalogs & Order Blanks",Newsletter: About A.A.,Newsletters,French,Newsletter; Form / Application,2014,129128,126.1 KB,2021-07-14,https://www.aa.org/fr/about-aa,Bulletin Informations sur les AA,1,www.aa.org,ok
1107,Informations sur les AA - Le Sondage établit le profil des membres actuels,https://www.aa.org/sites/default/files/newsletters/ff-13_fall05.pdf,ff-13_fall05.pdf,FF-13,F-13,"Forms, Catalogs & Order Blanks",Newsletter: About A.A.,Newsletters,French,Newsletter; Form / Application,,85706,83.7 KB,2021-07-14,https://www.aa.org/fr/about-aa,Bulletin Informations sur les AA,1,www.aa.org,ok
1108,Informations sur les AA - Les AA accueillent deux nouveaux administrateurs classe A (non-alcooliques),https://www.aa.org/sites/default/files/newsletters/ff-13_fall16.pdf,ff-13_fall16.pdf,FF-13,F-13,"Forms, Catalogs & Order Blanks",Newsletter: About A.A.,Newsletters,French,Newsletter; Form / Application,,449603,439.1 KB,2021-07-14,https://www.aa.org/fr/about-aa,Bulletin Informations sur les AA,1,www.aa.org,ok
1109,Informations sur les AA - Les AA collaborent avec les Centres de traitement pour aider les alcooliques,https://www.aa.org/sites/default/files/newsletters/ff-13_spring05.pdf,ff-13_spring05.pdf,FF-13,F-13,"Forms, Catalogs & Order Blanks",Newsletter: About A.A.,Newsletters,French,Newsletter; Form / Application,,65538,64.0 KB,2021-07-14,https://www.aa.org/fr/about-aa,Bulletin Informations sur les AA,1,www.aa.org,ok
1110,Informations sur les AA - Les AA comme ressource pour les professionnels en drogue et alcool des tribunaux,https://www.aa.org/sites/default/files/newsletters/ff-13_spring10.pdf,ff-13_spring10.pdf,FF-13,F-13,"Forms, Catalogs & Order Blanks",Newsletter: About A.A.,Newsletters,French,Newsletter; Form / Application,,52268,51.0 KB,2021-07-14,https://www.aa.org/fr/about-aa,Bulletin Informations sur les AA,1,www.aa.org,ok
1111,Informations sur les AA - Les AA et les Forces Armées,https://www.aa.org/sites/default/files/newsletters/ff-13_fall17.pdf,ff-13_fall17.pdf,FF-13,F-13,"Forms, Catalogs & Order Blanks",Newsletter: About A.A.,Newsletters,French,Newsletter; Form / Application,,177698,173.5 KB,2021-07-14,https://www.aa.org/fr/about-aa,Bulletin Informations sur les AA,1,www.aa.org,ok
1112,Informations sur les AA - Les AA et les Personnes Âgées,https://www.aa.org/sites/default/files/newsletters/ff-13_fall18.pdf,ff-13_fall18.pdf,FF-13,F-13,"Forms, Catalogs & Order Blanks",Newsletter: About A.A.,Newsletters,French,Newsletter; Form / Application,,680701,664.7 KB,2021-07-14,https://www.aa.org/fr/about-aa,Bulletin Informations sur les AA,1,www.aa.org,ok
1113,Informations sur les AA - Les AA et les professionnels,https://www.aa.org/sites/default/files/newsletters/ff-13_spring04.pdf,ff-13_spring04.pdf,FF-13,F-13,"Forms, Catalogs & Order Blanks",Newsletter: About A.A.,Newsletters,French,Newsletter; Form / Application,,77054,75.2 KB,2021-07-14,https://www.aa.org/fr/about-aa,Bulletin Informations sur les AA,1,www.aa.org,ok
1114,Informations sur les AA - Les AA tendent la main à diverses populations,https://www.aa.org/sites/default/files/newsletters/ff-13_winter12.pdf,ff-13_winter12.pdf,FF-13,F-13,"Forms, Catalogs & Order Blanks",Newsletter: About A.A.,Newsletters,French,Newsletter; Form / Application,,134575,131.4 KB,2021-07-14,https://www.aa.org/fr/about-aa,Bulletin Informations sur les AA,1,www.aa.org,ok
1115,"Informations sur les AA - Les AA, une ressource mondiale",https://www.aa.org/sites/default/files/newsletters/ff-13_spring2022.pdf,ff-13_spring2022.pdf,FF-13,F-13,"Forms, Catalogs & Order Blanks",Newsletter: About A.A.,Newsletters,French,Newsletter; Form / Application,2022,1867390,1.8 MB,2022-04-07,https://www.aa.org/fr/about-aa,Bulletin Informations sur les AA,1,www.aa.org,ok
1116,Informations sur les AA - Les centres de dégrisement offrent une ouverture non traditionnelle sur le programme de rétablissement des AA,https://www.aa.org/sites/default/files/newsletters/ff-13_summer19.pdf,ff-13_summer19.pdf,FF-13,F-13,"Forms, Catalogs & Order Blanks",Newsletter: About A.A.,Newsletters,French,Twelve Traditions; Newsletter; Form / Application,,647902,632.7 KB,2021-07-14,https://www.aa.org/fr/about-aa,Bulletin Informations sur les AA,1,www.aa.org,ok
1117,Informations sur les AA - Les Mythes et les Idées Fausses,https://www.aa.org/sites/default/files/newsletters/ff-13_spring17.pdf,ff-13_spring17.pdf,FF-13,F-13,"Forms, Catalogs & Order Blanks",Newsletter: About A.A.,Newsletters,French,Newsletter; Form / Application,,732424,715.3 KB,2021-07-14,https://www.aa.org/fr/about-aa,Bulletin Informations sur les AA,1,www.aa.org,ok
1118,Informations sur les AA - Les programmes de formation en alcoolisme pour les médecins,https://www.aa.org/sites/default/files/newsletters/ff-13_winter07.pdf,ff-13_winter07.pdf,FF-13,F-13,"Forms, Catalogs & Order Blanks",Newsletter: About A.A.,Newsletters,French,Newsletter; Form / Application,,89791,87.7 KB,2021-07-14,https://www.aa.org/fr/about-aa,Bulletin Informations sur les AA,1,www.aa.org,ok
1119,Informations sur les AA - Les repésentants des PAE se encontrent au Bureau des Services généraux des AA,https://www.aa.org/sites/default/files/newsletters/ff-13_spring06.pdf,ff-13_spring06.pdf,FF-13,F-13,"Forms, Catalogs & Order Blanks",Newsletter: About A.A.,Newsletters,French,Newsletter; Form / Application,,124274,121.4 KB,2021-07-14,https://www.aa.org/fr/about-aa,Bulletin Informations sur les AA,1,www.aa.org,ok
1120,Informations sur les AA - L‘unicité de but,https://www.aa.org/sites/default/files/newsletters/ff-13_fall-winter02.pdf,ff-13_fall-winter02.pdf,FF-13,F-13,"Forms, Catalogs & Order Blanks",Newsletter: About A.A.,Newsletters,French,Newsletter; Form / Application,,84071,82.1 KB,2021-07-14,https://www.aa.org/fr/about-aa,Bulletin Informations sur les AA,1,www.aa.org,ok
1121,Informations sur les AA - l’alcooLes AA pour l’alcoolique ayant des besoins spéciaux,https://www.aa.org/sites/default/files/newsletters/ff-13_spring14.pdf,ff-13_spring14.pdf,FF-13,F-13,"Forms, Catalogs & Order Blanks",Newsletter: About A.A.,Newsletters,French,Newsletter; Form / Application,,367486,358.9 KB,2021-07-14,https://www.aa.org/fr/about-aa,Bulletin Informations sur les AA,1,www.aa.org,ok
1122,Informations sur les AA - L’« Unicité De But » Des AA,https://www.aa.org/sites/default/files/newsletters/FF-13_spring2025.pdf,FF-13_spring2025.pdf,FF-13,F-13,"Forms, Catalogs & Order Blanks",Newsletter: About A.A.,Newsletters,French,Newsletter; Form / Application,2025,3102642,3.0 MB,2025-06-27,https://www.aa.org/fr/about-aa,Bulletin Informations sur les AA,1,www.aa.org,ok
1123,Informations sur les AA - Mythes et fausses idées concernant les Alcooliques anonymes,https://www.aa.org/sites/default/files/newsletters/FF-13_Winter2025.pdf,FF-13_Winter2025.pdf,FF-13,F-13,"Forms, Catalogs & Order Blanks",Newsletter: About A.A.,Newsletters,French,Newsletter; Form / Application,2025,1310728,1.3 MB,2025-03-27,https://www.aa.org/fr/about-aa,Bulletin Informations sur les AA,1,www.aa.org,ok
1124,Informations sur les AA - Rendre les AA accessibles à ceux qui ont des besoins spéciaux,https://www.aa.org/sites/default/files/newsletters/ff-13_fall06.pdf,ff-13_fall06.pdf,FF-13,F-13,"Forms, Catalogs & Order Blanks",Newsletter: About A.A.,Newsletters,French,Accessibility; Newsletter; Form / Application,,136545,133.3 KB,2021-07-14,https://www.aa.org/fr/about-aa,Bulletin Informations sur les AA,1,www.aa.org,ok
1125,Informations sur les AA - Trouver des façons de joindre les personnes ayant besoin d’aide pour surmonter l’alcoolisme,https://www.aa.org/sites/default/files/newsletters/FF-13_fall2025_0.pdf,FF-13_fall2025_0.pdf,FF-13,F-13,"Forms, Catalogs & Order Blanks",Newsletter: About A.A.,Newsletters,French,Newsletter; Form / Application,2025,647814,632.6 KB,2025-11-17,https://www.aa.org/fr/about-aa,Bulletin Informations sur les AA,1,www.aa.org,ok
1126,Informations sur les AA - Une ressource pour les professionnels qui aident l’alcoolique,https://www.aa.org/sites/default/files/newsletters/ff-13_fall2024.pdf,ff-13_fall2024.pdf,FF-13,F-13,"Forms, Catalogs & Order Blanks",Newsletter: About A.A.,Newsletters,French,Newsletter; Form / Application,2024,1569808,1.5 MB,2024-11-13,https://www.aa.org/fr/about-aa,Bulletin Informations sur les AA,1,www.aa.org,ok
1127,Informations sur les AA - Une réunion des AA fait partie du cours des,https://www.aa.org/sites/default/files/newsletters/ff-13_summer08.pdf,ff-13_summer08.pdf,FF-13,F-13,"Forms, Catalogs & Order Blanks",Newsletter: About A.A.,Newsletters,French,Newsletter; Form / Application,,55399,54.1 KB,2021-07-14,https://www.aa.org/fr/about-aa,Bulletin Informations sur les AA,1,www.aa.org,ok
1128,Los líderes religiosos preguntan acerca de A.A.,https://aaws.widen.net/content/0z7los6lro/pdf/sp-25_faith_leaders_ask_about_aa_online.pdf,sp-25_faith_leaders_ask_about_aa_online.pdf,SP-25,P-25,Pamphlets & Booklets,Newsletter: About A.A.,Newsletters,Spanish,,,157874,154.2 KB,2024-01-23,https://www.aa.org/es/los-lideres-religiosos-preguntan-acerca-de-aa,Los líderes religiosos preguntan acerca de A.A.,1,aaws.widen.net,ok
1129,Preguntas frecuentes acerca de AA (anteriormente 44 preguntas),https://aaws.widen.net/content/bq0qakywqg/pdf/sp-2_frequently_asked_questions_online.pdf,sp-2_frequently_asked_questions_online.pdf,SP-2,P-2,Pamphlets & Booklets,Newsletter: About A.A.,Newsletters,Spanish,,,289008,282.2 KB,2026-04-10,https://www.aa.org/es/preguntas-frecuentes-acerca-de-aa-antiguamente-44-preguntas,Preguntas frecuentes acerca de AA (anteriormente 44 preguntas),2,aaws.widen.net,ok
1130,Preguntas frecuentes acerca de AA (letra grande),https://aaws.widen.net/content/gffshv2roj/pdf/sp-57_sp-2_frequently_asked_questions_large_online.pdf,sp-57_sp-2_frequently_asked_questions_large_online.pdf,SP-57,P-57,Pamphlets & Booklets,Newsletter: About A.A.,Newsletters,Spanish,,,533032,520.5 KB,2025-10-16,https://www.aa.org/es/preguntas-frecuentes-acerca-de-aa-letra-grande,Preguntas frecuentes acerca de AA (letra grande),1,aaws.widen.net,ok
1131,Box 4-5-9 - April-May 2005,https://www.aa.org/sites/default/files/newsletters/sp_box459_april_may05.pdf,sp_box459_april_may05.pdf,,,,Newsletter: Box 4-5-9,Newsletters,Spanish,Newsletter,2005,308,308 B,2021-07-15,https://www.aa.org/es/box-459,Box 459,1,www.aa.org,ok
1132,Box 4-5-9 - Conference 1969,https://www.aa.org/sites/default/files/newsletters/sp_box459_conference69.pdf,sp_box459_conference69.pdf,,,,Newsletter: Box 4-5-9,Newsletters,Spanish,Conference; Newsletter,1969,522395,510.2 KB,2021-07-16,https://www.aa.org/es/box-459,Box 459,1,www.aa.org,ok
1133,Box 4-5-9 - February-March 1969,https://www.aa.org/sites/default/files/newsletters/fr_box459_feb-mar69.pdf,fr_box459_feb-mar69.pdf,,,,Newsletter: Box 4-5-9,Newsletters,French,Newsletter,1969,915362,893.9 KB,2021-09-03,https://www.aa.org/fr/box-459,Box 459,1,www.aa.org,ok
1134,Box 4-5-9 - February-March 1993,https://www.aa.org/sites/default/files/newsletters/fr_box459_feb-mar93.pdf,fr_box459_feb-mar93.pdf,,,,Newsletter: Box 4-5-9,Newsletters,French,Newsletter,1993,3183157,3.0 MB,2021-07-20,https://www.aa.org/fr/box-459,Box 459,1,www.aa.org,ok
1135,Box 4-5-9 - February-March 1993,https://www.aa.org/sites/default/files/newsletters/sp_box459_feb-mar93.pdf,sp_box459_feb-mar93.pdf,,,,Newsletter: Box 4-5-9,Newsletters,Spanish,Newsletter,1993,2289535,2.2 MB,2021-07-16,https://www.aa.org/es/box-459,Box 459,1,www.aa.org,ok
1136,Box 4-5-9 - February-March 1998,https://www.aa.org/sites/default/files/newsletters/fr_box459_feb-mar98.pdf,fr_box459_feb-mar98.pdf,,,,Newsletter: Box 4-5-9,Newsletters,French,Newsletter,1998,2870411,2.7 MB,2021-09-03,https://www.aa.org/fr/box-459,Box 459,1,www.aa.org,ok
1137,Box 4-5-9 - January-February 1966,https://www.aa.org/sites/default/files/newsletters/sp_box459_jan-feb66.pdf,sp_box459_jan-feb66.pdf,,,,Newsletter: Box 4-5-9,Newsletters,Spanish,Newsletter,1966,618512,604.0 KB,2021-09-02,https://www.aa.org/es/box-459,Box 459,1,www.aa.org,ok
1138,Box 4-5-9 - July 1960,https://www.aa.org/sites/default/files/newsletters/en_box459_july60.pdf,en_box459_july60.pdf,,,,Newsletter: Box 4-5-9,Newsletters,English,Newsletter,1960,673200,657.4 KB,2021-07-15,https://www.aa.org/box-459,Box 459,1,www.aa.org,ok
1139,Box 4-5-9 - October-November 1969,https://www.aa.org/sites/default/files/newsletters/fr_box459_oct-nov69_0.pdf,fr_box459_oct-nov69_0.pdf,,,,Newsletter: Box 4-5-9,Newsletters,French,Newsletter,1969,531841,519.4 KB,2021-09-03,https://www.aa.org/fr/box-459,Box 459,1,www.aa.org,ok
1140,Box 4-5-9 - September 2004,https://www.aa.org/sites/default/files/newsletters/fr_box459augsept04.pdf,fr_box459augsept04.pdf,,,,Newsletter: Box 4-5-9,Newsletters,French,Newsletter,2004,829889,810.4 KB,2021-07-19,https://www.aa.org/fr/box-459,Box 459,1,www.aa.org,ok
1141,Box 4-5-9 - September 2004,https://www.aa.org/sites/default/files/newsletters/sp_box459augsept04.pdf,sp_box459augsept04.pdf,,,,Newsletter: Box 4-5-9,Newsletters,Spanish,Newsletter,2004,157864,154.2 KB,2021-07-15,https://www.aa.org/es/box-459,Box 459,1,www.aa.org,ok
1142,Box 4-5-9 - Spring 2012,https://www.aa.org/sites/default/files/newsletters/en_box459_spring12_0.pdf,en_box459_spring12_0.pdf,,,,Newsletter: Box 4-5-9,Newsletters,English,Newsletter,2012,609893,595.6 KB,2021-09-01,https://www.aa.org/box-459,Box 459,1,www.aa.org,ok
1143,Box 4-5-9 - Spring 2012,https://www.aa.org/sites/default/files/newsletters/fr_box459_spring12_0.pdf,fr_box459_spring12_0.pdf,,,,Newsletter: Box 4-5-9,Newsletters,French,Newsletter,2012,2675612,2.6 MB,2021-09-01,https://www.aa.org/fr/box-459,Box 459,1,www.aa.org,ok
1144,"Box 459 - ""48,000 A.A.s Meet in Seattle""",https://www.aa.org/sites/default/files/newsletters/en_box459_aug-sept90.pdf,en_box459_aug-sept90.pdf,,,,Newsletter: Box 4-5-9,Newsletters,English,Newsletter,,3605952,3.4 MB,2021-07-14,https://www.aa.org/box-459,Box 459,1,www.aa.org,ok
1145,"Box 459 - ""A.A. at Its Best"": New Approaches to the Seventh Tradition",https://www.aa.org/sites/default/files/newsletters/en_box459_fall20.pdf,en_box459_fall20.pdf,,,,Newsletter: Box 4-5-9,Newsletters,English,Twelve Traditions; Newsletter,,959985,937.5 KB,2021-07-15,https://www.aa.org/box-459,Box 459,1,www.aa.org,ok
1146,"Box 459 - ""Busco..."": el nuevo sitio web de AA.org",https://www.aa.org/sites/default/files/newsletters/FS-36_Box_4-5-9_Spring_2022.pdf,FS-36_Box_4-5-9_Spring_2022.pdf,,,,Newsletter: Box 4-5-9,Newsletters,Spanish,Newsletter,2022,1379430,1.3 MB,2022-03-22,https://www.aa.org/es/box-459,Box 459,1,www.aa.org,ok
1147,"Box 459 - ""El Grupo Base: El Latido del Corazón de A.A."" Nuevo Librillo del Grapevine",https://www.aa.org/sites/default/files/newsletters/sp_box459_aug-sept93.pdf,sp_box459_aug-sept93.pdf,,,,Newsletter: Box 4-5-9,Newsletters,Spanish,Grapevine; Newsletter,,1938759,1.8 MB,2021-07-16,https://www.aa.org/es/box-459,Box 459,1,www.aa.org,ok
1148,"Box 459 - ""Espiritu de Sacrificio"" da el tono de la Conferencia de la Conferencia de Servicios Generales",https://www.aa.org/sites/default/files/newsletters/sp_box459_april-may94.pdf,sp_box459_april-may94.pdf,,,,Newsletter: Box 4-5-9,Newsletters,Spanish,Newsletter,,2110000,2.0 MB,2021-07-15,https://www.aa.org/es/box-459,Box 459,1,www.aa.org,ok
1149,"Box 459 - ""I Am...."": The New AA.org Website",https://www.aa.org/sites/default/files/newsletters/F-36_Box_4-5-9_Spring_2022.pdf,F-36_Box_4-5-9_Spring_2022.pdf,F-36,F-36,"Forms, Catalogs & Order Blanks",Newsletter: Box 4-5-9,Newsletters,English,Newsletter,2022,1543666,1.5 MB,2022-03-22,https://www.aa.org/box-459,Box 459,1,www.aa.org,ok
1150,"Box 459 - ""La Voz de A.A."" Será Escuchada",https://www.aa.org/sites/default/files/newsletters/sp_box459_april-may67.pdf,sp_box459_april-may67.pdf,,,,Newsletter: Box 4-5-9,Newsletters,Spanish,Newsletter,,642760,627.7 KB,2021-07-15,https://www.aa.org/es/box-459,Box 459,1,www.aa.org,ok
1151,"Box 459 - ""Nueva apariencia"" para la literatura de A.A.",https://www.aa.org/sites/default/files/newsletters/sp_box459_feb-mar89.pdf,sp_box459_feb-mar89.pdf,,,,Newsletter: Box 4-5-9,Newsletters,Spanish,Newsletter,,2020643,1.9 MB,2021-07-16,https://www.aa.org/es/box-459,Box 459,1,www.aa.org,ok
1152,"Box 459 - ""The Language of the Heart""",https://www.aa.org/sites/default/files/newsletters/en_box459_mar62.pdf,en_box459_mar62.pdf,,,,Newsletter: Box 4-5-9,Newsletters,English,Newsletter,,756381,738.7 KB,2021-07-14,https://www.aa.org/box-459,Box 459,1,www.aa.org,ok
1153,"Box 459 - ""Transmítelo: hacia el Siglo XXI"" una celebración de 65 años de libertad",https://www.aa.org/sites/default/files/newsletters/sp_box459_aug-sept00.pdf,sp_box459_aug-sept00.pdf,,,,Newsletter: Box 4-5-9,Newsletters,Spanish,Newsletter,,3524720,3.4 MB,2021-07-16,https://www.aa.org/es/box-459,Box 459,1,www.aa.org,ok
1154,Box 459 - ' L'esprit de sacrifice ' donne le ton à la Conférence des Services généraux,https://www.aa.org/sites/default/files/newsletters/fr_box459_april-may94.pdf,fr_box459_april-may94.pdf,,,,Newsletter: Box 4-5-9,Newsletters,French,Newsletter,,3438691,3.3 MB,2021-07-19,https://www.aa.org/fr/box-459,Box 459,1,www.aa.org,ok
1155,Box 459 - '73 Conference: Which Will Be Hottest Topic?,https://www.aa.org/sites/default/files/newsletters/en_box459_april-may73.pdf,en_box459_april-may73.pdf,,,,Newsletter: Box 4-5-9,Newsletters,English,Conference; Newsletter,,869004,848.6 KB,2021-07-14,https://www.aa.org/box-459,Box 459,1,www.aa.org,ok
1156,"Box 459 - 'A.A. Meeting' - in the Park, Past the Lua Lounge",https://www.aa.org/sites/default/files/newsletters/1998_FebruaryMarch_Box459.pdf,1998_FebruaryMarch_Box459.pdf,,,,Newsletter: Box 4-5-9,Newsletters,English,Newsletter,1998,11756980,11.2 MB,2024-07-09,https://www.aa.org/box-459,Box 459,1,www.aa.org,ok
1157,Box 459 - 'Children of Chaos': The Birth of A.A.'s Traditions,https://www.aa.org/sites/default/files/newsletters/en_box459_spring11.pdf,en_box459_spring11.pdf,,,,Newsletter: Box 4-5-9,Newsletters,English,Twelve Traditions; Newsletter; Family,,1677819,1.6 MB,2021-07-14,https://www.aa.org/box-459,Box 459,1,www.aa.org,ok
1158,Box 459 - 'I am Responsible',https://www.aa.org/sites/default/files/newsletters/en_box459_aug-sept65.pdf,en_box459_aug-sept65.pdf,,,,Newsletter: Box 4-5-9,Newsletters,English,Newsletter,,1146387,1.1 MB,2021-07-14,https://www.aa.org/box-459,Box 459,1,www.aa.org,ok
1159,Box 459 - 'Let Go' to Grow — The Spirit of Rotation Keeps A.A. Alive,https://www.aa.org/sites/default/files/newsletters/en_box459_oct-nov83.pdf,en_box459_oct-nov83.pdf,,,,Newsletter: Box 4-5-9,Newsletters,English,Newsletter,,903827,882.6 KB,2021-07-14,https://www.aa.org/box-459,Box 459,1,www.aa.org,ok
1160,Box 459 - 'Nuestro Bienestar Comun' Tema de la 13ava Conferencia,https://www.aa.org/sites/default/files/newsletters/sp_box459_jun63.pdf,sp_box459_jun63.pdf,,,,Newsletter: Box 4-5-9,Newsletters,Spanish,Newsletter,,672112,656.4 KB,2021-09-03,https://www.aa.org/es/box-459,Box 459,1,www.aa.org,ok
1161,Box 459 - 'Pass It On-Into the 21st Century' Celebrating 65 Years of Freedom,https://www.aa.org/sites/default/files/newsletters/en_box459_aug-sept00.pdf,en_box459_aug-sept00.pdf,,,,Newsletter: Box 4-5-9,Newsletters,English,Newsletter,,3516487,3.4 MB,2021-07-14,https://www.aa.org/box-459,Box 459,1,www.aa.org,ok
1162,"Box 459 - 'Reunión de A.A.' en el parque, justo detrás del Lua Lounge",https://www.aa.org/sites/default/files/newsletters/sp_box459_feb-mar98.pdf,sp_box459_feb-mar98.pdf,,,,Newsletter: Box 4-5-9,Newsletters,Spanish,Newsletter,,2796069,2.7 MB,2021-09-03,https://www.aa.org/es/box-459,Box 459,1,www.aa.org,ok
1163,Box 459 - 'This is A.A. - Can I Help You?',https://www.aa.org/sites/default/files/newsletters/en_box459_oct-nov67.pdf,en_box459_oct-nov67.pdf,,,,Newsletter: Box 4-5-9,Newsletters,English,Newsletter,,1575854,1.5 MB,2021-07-14,https://www.aa.org/box-459,Box 459,1,www.aa.org,ok
1164,Box 459 - 'Twelve Concepts Illustrated',https://www.aa.org/sites/default/files/newsletters/en_box459_feb-mar87.pdf,en_box459_feb-mar87.pdf,,,,Newsletter: Box 4-5-9,Newsletters,English,Twelve Concepts; Newsletter,,1939766,1.8 MB,2021-07-15,https://www.aa.org/box-459,Box 459,1,www.aa.org,ok
1165,"Box 459 - 11,000 Personas en la Convención de Miami se Comprometieron a Preservar la Unidad de A.A.",https://www.aa.org/sites/default/files/newsletters/sp_box459_aug-sept70.pdf,sp_box459_aug-sept70.pdf,,,,Newsletter: Box 4-5-9,Newsletters,Spanish,Newsletter,,860162,840.0 KB,2021-07-16,https://www.aa.org/es/box-459,Box 459,1,www.aa.org,ok
1166,Box 459 - 12th Annual Conference Meeting This Month,https://www.aa.org/sites/default/files/newsletters/en_box459_april62.pdf,en_box459_april62.pdf,,,,Newsletter: Box 4-5-9,Newsletters,English,Conference; Newsletter,,605051,590.9 KB,2021-07-14,https://www.aa.org/box-459,Box 459,1,www.aa.org,ok
1167,Box 459 - 13 Reunion de Servicio Mundial: Volver a lo básico,https://www.aa.org/sites/default/files/newsletters/sp_box459_feb-mar95.pdf,sp_box459_feb-mar95.pdf,,,,Newsletter: Box 4-5-9,Newsletters,Spanish,Newsletter,,2228200,2.1 MB,2021-07-16,https://www.aa.org/es/box-459,Box 459,1,www.aa.org,ok
1168,Box 459 - 15 Pays enverront des delegues a la 2e Assemblee de Service Mondial,https://www.aa.org/sites/default/files/newsletters/fr_box459_oct-nov72.pdf,fr_box459_oct-nov72.pdf,,,,Newsletter: Box 4-5-9,Newsletters,French,Newsletter,,1076016,1.0 MB,2021-07-20,https://www.aa.org/fr/box-459,Box 459,1,www.aa.org,ok
1169,Box 459 - 15 Reunión de Servicio Mundial,https://www.aa.org/sites/default/files/newsletters/sp_box459_feb-mar99_0.pdf,sp_box459_feb-mar99_0.pdf,,,,Newsletter: Box 4-5-9,Newsletters,Spanish,Newsletter,,2171990,2.1 MB,2021-09-01,https://www.aa.org/es/box-459,Box 459,1,www.aa.org,ok
1170,Box 459 - 15th Conference Checks Itself on 9th Tradition,https://www.aa.org/sites/default/files/newsletters/en_box459_april-may65.pdf,en_box459_april-may65.pdf,,,,Newsletter: Box 4-5-9,Newsletters,English,Twelve Traditions; Conference; Newsletter,,1206710,1.2 MB,2021-07-14,https://www.aa.org/box-459,Box 459,1,www.aa.org,ok
1171,Box 459 - 18E Réunion mondiale du Service ‘Une réunion—Plusieurs langues—Un Mouvement’,https://www.aa.org/sites/default/files/newsletters/fr_box459_febmar05.pdf,fr_box459_febmar05.pdf,,,,Newsletter: Box 4-5-9,Newsletters,French,Newsletter,,263516,257.3 KB,2021-07-20,https://www.aa.org/fr/box-459,Box 459,1,www.aa.org,ok
1172,"Box 459 - 19,300 Hail A.A.'s 40 Years…",https://www.aa.org/sites/default/files/newsletters/en_box459_oct-nov75.pdf,en_box459_oct-nov75.pdf,,,,Newsletter: Box 4-5-9,Newsletters,English,Newsletter,,1208147,1.2 MB,2021-07-14,https://www.aa.org/box-459,Box 459,1,www.aa.org,ok
1173,"Box 459 - 1966 Directory shows 12,444 A.A. Groups Worldwide",https://www.aa.org/sites/default/files/newsletters/en_box459_june-july66.pdf,en_box459_june-july66.pdf,,,,Newsletter: Box 4-5-9,Newsletters,English,Newsletter,1966,1935841,1.8 MB,2021-07-15,https://www.aa.org/box-459,Box 459,1,www.aa.org,ok
1174,"Box 459 - 1974 A.A. Survey Does Massive Twelfth Step Job, Proves Again That 'A.A. Works'",https://www.aa.org/sites/default/files/newsletters/en_box459_feb-mar75.pdf,en_box459_feb-mar75.pdf,,,,Newsletter: Box 4-5-9,Newsletters,English,Survey Data; Newsletter,1974,1231239,1.2 MB,2021-07-15,https://www.aa.org/box-459,Box 459,1,www.aa.org,ok
1175,Box 459 - 1979 Conference to Review the Three Legacies,https://www.aa.org/sites/default/files/newsletters/en_box459_april-may79.pdf,en_box459_april-may79.pdf,,,,Newsletter: Box 4-5-9,Newsletters,English,Conference; Newsletter,1979,1269823,1.2 MB,2021-07-14,https://www.aa.org/box-459,Box 459,1,www.aa.org,ok
1176,Box 459 - 1982-Year of Changes; Gordon Patrick Set to Chair Board of Trustees,https://www.aa.org/sites/default/files/newsletters/en_box459_june-july82.pdf,en_box459_june-july82.pdf,,,,Newsletter: Box 4-5-9,Newsletters,English,Newsletter,1982,1220624,1.2 MB,2021-07-14,https://www.aa.org/box-459,Box 459,1,www.aa.org,ok
1177,Box 459 - 1986 Conference Spotlights A.A. Responsibility,https://www.aa.org/sites/default/files/newsletters/en_box459_april-may86_0.pdf,en_box459_april-may86_0.pdf,,,,Newsletter: Box 4-5-9,Newsletters,English,Conference; Newsletter,1986,2120790,2.0 MB,2021-07-14,https://www.aa.org/box-459,Box 459,1,www.aa.org,ok
1178,Box 459 - 1992 Membership Survey Form Gets a Facelift,https://www.aa.org/sites/default/files/newsletters/en_box459_feb-mar92.pdf,en_box459_feb-mar92.pdf,,,,Newsletter: Box 4-5-9,Newsletters,English,Survey Data; Newsletter; Form / Application,1992,3193833,3.0 MB,2021-07-15,https://www.aa.org/box-459,Box 459,1,www.aa.org,ok
1179,Box 459 - 25 Years' Experience With Traditions and…,https://www.aa.org/sites/default/files/newsletters/en_box459_june-july75.pdf,en_box459_june-july75.pdf,,,,Newsletter: Box 4-5-9,Newsletters,English,Twelve Traditions; Newsletter,,1639692,1.6 MB,2021-07-15,https://www.aa.org/box-459,Box 459,1,www.aa.org,ok
1180,Box 459 - 27ma. Conferencia Tomará como Tema de Discusión el Grupo A.A.,https://www.aa.org/sites/default/files/newsletters/sp_box459_feb-mar77.pdf,sp_box459_feb-mar77.pdf,,,,Newsletter: Box 4-5-9,Newsletters,Spanish,Newsletter,,906819,885.6 KB,2021-07-16,https://www.aa.org/es/box-459,Box 459,1,www.aa.org,ok
1181,Box 459 - 28th Conference Approves A.A. Film Project,https://www.aa.org/sites/default/files/newsletters/en_box459_june-july78.pdf,en_box459_june-july78.pdf,,,,Newsletter: Box 4-5-9,Newsletters,English,Conference; Newsletter,,1909450,1.8 MB,2021-07-14,https://www.aa.org/box-459,Box 459,1,www.aa.org,ok
1182,Box 459 - 29th Conference Approves Film 'A.A. - An Inside View',https://www.aa.org/sites/default/files/newsletters/en_box459_june-july79.pdf,en_box459_june-july79.pdf,,,,Newsletter: Box 4-5-9,Newsletters,English,Conference; Newsletter,,2294908,2.2 MB,2021-07-14,https://www.aa.org/box-459,Box 459,1,www.aa.org,ok
1183,"Box 459 - 305 E. 45 Street, New York City: New Home of G.S.O and The A.A. Grapevine",https://www.aa.org/sites/default/files/newsletters/en_box459_mar61.pdf,en_box459_mar61.pdf,,,,Newsletter: Box 4-5-9,Newsletters,English,Grapevine; Newsletter,,347271,339.1 KB,2021-07-14,https://www.aa.org/box-459,Box 459,1,www.aa.org,ok
1184,Box 459 - 30th Conference Probes Procedures for Approval of A.A. Literature,https://www.aa.org/sites/default/files/newsletters/en_box459_june-july80.pdf,en_box459_june-july80.pdf,,,,Newsletter: Box 4-5-9,Newsletters,English,Conference; Newsletter,,1409041,1.3 MB,2021-07-14,https://www.aa.org/box-459,Box 459,1,www.aa.org,ok
1185,Box 459 - 32nd Conference to See Rotation at the General Service Board Helm,https://www.aa.org/sites/default/files/newsletters/en_box459_april-may82.pdf,en_box459_april-may82.pdf,,,,Newsletter: Box 4-5-9,Newsletters,English,Conference; Newsletter,,892342,871.4 KB,2021-07-14,https://www.aa.org/box-459,Box 459,1,www.aa.org,ok
1186,Box 459 - 33rd Conference Explores the Twelfth Tradition,https://www.aa.org/sites/default/files/newsletters/en_box459_april-may83.pdf,en_box459_april-may83.pdf,,,,Newsletter: Box 4-5-9,Newsletters,English,Twelve Traditions; Conference; Newsletter,,903162,882.0 KB,2021-07-14,https://www.aa.org/box-459,Box 459,1,www.aa.org,ok
1187,Box 459 - 34th Conference Will Hear the Many Voices of Gratitude,https://www.aa.org/sites/default/files/newsletters/en_box459_april-may84.pdf,en_box459_april-may84.pdf,,,,Newsletter: Box 4-5-9,Newsletters,English,Conference; Newsletter,,912223,890.8 KB,2021-07-14,https://www.aa.org/box-459,Box 459,1,www.aa.org,ok
1188,Box 459 - 35th Conference Celebrates Gratitude and Responsibility,https://www.aa.org/sites/default/files/newsletters/en_box459_june-july85_0.pdf,en_box459_june-july85_0.pdf,,,,Newsletter: Box 4-5-9,Newsletters,English,Conference; Newsletter,,2243171,2.1 MB,2021-07-14,https://www.aa.org/box-459,Box 459,1,www.aa.org,ok
1189,Box 459 - 36th Conference Looks Ahead,https://www.aa.org/sites/default/files/newsletters/en_box459_june-july86.pdf,en_box459_june-july86.pdf,,,,Newsletter: Box 4-5-9,Newsletters,English,Conference; Newsletter,,2203445,2.1 MB,2021-07-14,https://www.aa.org/box-459,Box 459,1,www.aa.org,ok
1190,"Box 459 - 38th ""Singleness of Purpose...""",https://www.aa.org/sites/default/files/newsletters/en_box459_april-may88.pdf,en_box459_april-may88.pdf,,,,Newsletter: Box 4-5-9,Newsletters,English,Newsletter,,1895680,1.8 MB,2021-07-14,https://www.aa.org/box-459,Box 459,1,www.aa.org,ok
1191,"Box 459 - 41 Conferencia de Servicios Generales — ""El Apadrinamiento: Gratitud en Acción""",https://www.aa.org/sites/default/files/newsletters/sp_box459_june-july91.pdf,sp_box459_june-july91.pdf,,,,Newsletter: Box 4-5-9,Newsletters,Spanish,Newsletter,,2578839,2.5 MB,2021-07-19,https://www.aa.org/es/box-459,Box 459,1,www.aa.org,ok
1192,"Box 459 - 43’ Conferencia de Servicios Generales ""A.A. Hace su Inventario o - la Estructura de la Conferencia de Servicios Generales""",https://www.aa.org/sites/default/files/newsletters/sp_box459_june-july93.pdf,sp_box459_june-july93.pdf,,,,Newsletter: Box 4-5-9,Newsletters,Spanish,Newsletter,,2503354,2.4 MB,2021-07-19,https://www.aa.org/es/box-459,Box 459,1,www.aa.org,ok
1193,"Box 459 - 44a Conferencia de Servicios Generales ""El Espíritu de Sacrificio""",https://www.aa.org/sites/default/files/newsletters/sp_box459_june-july94.pdf,sp_box459_june-july94.pdf,,,,Newsletter: Box 4-5-9,Newsletters,Spanish,Newsletter,,2199627,2.1 MB,2021-07-19,https://www.aa.org/es/box-459,Box 459,1,www.aa.org,ok
1194,"Box 459 - 48,000 A.A. se reúnen en Seattle",https://www.aa.org/sites/default/files/newsletters/sp_box459_aug-sept90.pdf,sp_box459_aug-sept90.pdf,,,,Newsletter: Box 4-5-9,Newsletters,Spanish,Newsletter,,2131016,2.0 MB,2021-07-16,https://www.aa.org/es/box-459,Box 459,1,www.aa.org,ok
1195,"Box 459 - 48,000 membres des AA se réunissent à Seattle",https://www.aa.org/sites/default/files/newsletters/fr_box459_aug-sept90.pdf,fr_box459_aug-sept90.pdf,,,,Newsletter: Box 4-5-9,Newsletters,French,Newsletter,,2719456,2.6 MB,2021-07-20,https://www.aa.org/fr/box-459,Box 459,1,www.aa.org,ok
1196,"Box 459 - 50a Conferencia de Servicios Generales ""Confiar nuestro futuro a los principios de A.A.""",https://www.aa.org/sites/default/files/newsletters/sp_box459_june-july00.pdf,sp_box459_june-july00.pdf,,,,Newsletter: Box 4-5-9,Newsletters,Spanish,Newsletter,,4332481,4.1 MB,2021-07-19,https://www.aa.org/es/box-459,Box 459,1,www.aa.org,ok
1197,"Box 459 - 51a Conferencia de Servicios Generales ""Amor y Servicio""",https://www.aa.org/sites/default/files/newsletters/sp_box459_june-july01.pdf,sp_box459_june-july01.pdf,,,,Newsletter: Box 4-5-9,Newsletters,Spanish,Newsletter,,3825288,3.6 MB,2021-07-19,https://www.aa.org/es/box-459,Box 459,1,www.aa.org,ok
1198,Box 459 - 51e Conférence des Services généraux ‹‹Amour et Service ››,https://www.aa.org/sites/default/files/newsletters/fr_box459_june-july01.pdf,fr_box459_june-july01.pdf,,,,Newsletter: Box 4-5-9,Newsletters,French,Newsletter,,1453721,1.4 MB,2021-07-20,https://www.aa.org/fr/box-459,Box 459,1,www.aa.org,ok
1199,"Box 459 - 52e Conférence des Services généraux « Partager les Étapes, les Traditions et les Concepts »",https://www.aa.org/sites/default/files/newsletters/fr_box459_june-july02.pdf,fr_box459_june-july02.pdf,,,,Newsletter: Box 4-5-9,Newsletters,French,Twelve Traditions; Twelve Concepts; Newsletter,,824876,805.5 KB,2021-07-20,https://www.aa.org/fr/box-459,Box 459,1,www.aa.org,ok
1200,Box 459 - 52nd General Service Conf…,https://www.aa.org/sites/default/files/newsletters/en_box459_june-july02.pdf,en_box459_june-july02.pdf,,,,Newsletter: Box 4-5-9,Newsletters,English,Newsletter,,206159,201.3 KB,2021-07-15,https://www.aa.org/box-459,Box 459,1,www.aa.org,ok
1201,"Box 459 - 52ª Conferencia de Servicios Generales “Compartiendo los Pasos, las Tradiciones y los Conceptos”",https://www.aa.org/sites/default/files/newsletters/sp_box459_june-july02.pdf,sp_box459_june-july02.pdf,,,,Newsletter: Box 4-5-9,Newsletters,Spanish,Twelve Concepts; Newsletter,,204171,199.4 KB,2021-07-19,https://www.aa.org/es/box-459,Box 459,1,www.aa.org,ok
1202,Box 459 - 53e Conférence des Services généraux « Vivre les principes des AA par le parrainage »,https://www.aa.org/sites/default/files/newsletters/fr_box459_june-july03.pdf,fr_box459_june-july03.pdf,,,,Newsletter: Box 4-5-9,Newsletters,French,Newsletter,,139122,135.9 KB,2021-07-20,https://www.aa.org/fr/box-459,Box 459,1,www.aa.org,ok
1203,Box 459 - 54e Conférence des Services généraux « Notre Unicité de but—Pierre angulaire des AA »,https://www.aa.org/sites/default/files/newsletters/fr_box459_june-july04.pdf,fr_box459_june-july04.pdf,,,,Newsletter: Box 4-5-9,Newsletters,French,Newsletter,,394559,385.3 KB,2021-07-20,https://www.aa.org/fr/box-459,Box 459,1,www.aa.org,ok
1204,"Box 459 - 55e Conférence des Services généraux : Les bases de notre groupe d’attache — Le Rétablissement, l’Unité et le Service",https://www.aa.org/sites/default/files/newsletters/fr_box459_jun-july05.pdf,fr_box459_jun-july05.pdf,,,,Newsletter: Box 4-5-9,Newsletters,French,Newsletter,,507979,496.1 KB,2021-07-20,https://www.aa.org/fr/box-459,Box 459,1,www.aa.org,ok
1205,Box 459 - 55ª Conferencia de Servicios Generales,https://www.aa.org/sites/default/files/newsletters/sp_box459_jun-july05.pdf,sp_box459_jun-july05.pdf,,,,Newsletter: Box 4-5-9,Newsletters,Spanish,Newsletter,,172820,168.8 KB,2021-07-19,https://www.aa.org/es/box-459,Box 459,1,www.aa.org,ok
1206,"Box 459 - 56,000 A.A. celebran el 60 aniversario de A.A.",https://www.aa.org/sites/default/files/newsletters/sp_box459_aug-sept95.pdf,sp_box459_aug-sept95.pdf,,,,Newsletter: Box 4-5-9,Newsletters,Spanish,Newsletter,,1865893,1.8 MB,2021-07-16,https://www.aa.org/es/box-459,Box 459,1,www.aa.org,ok
1207,"Box 459 - 56,000 Celebrate A.A.'s 60th Anniversary""",https://www.aa.org/sites/default/files/newsletters/en_box459_aug-sept95.pdf,en_box459_aug-sept95.pdf,,,,Newsletter: Box 4-5-9,Newsletters,English,Newsletter,,3203573,3.1 MB,2021-07-14,https://www.aa.org/box-459,Box 459,1,www.aa.org,ok
1208,"Box 459 - 56,000 personnes célèbrent le soixantième anniversaire des AA",https://www.aa.org/sites/default/files/newsletters/fr_box459_aug-sept95.pdf,fr_box459_aug-sept95.pdf,,,,Newsletter: Box 4-5-9,Newsletters,French,Newsletter,,2799470,2.7 MB,2021-07-20,https://www.aa.org/fr/box-459,Box 459,1,www.aa.org,ok
1209,Box 459 - 56e Conférence des Services généraux,https://www.aa.org/sites/default/files/newsletters/fr_box459_june-july06.pdf,fr_box459_june-july06.pdf,,,,Newsletter: Box 4-5-9,Newsletters,French,Newsletter,,519834,507.7 KB,2021-07-20,https://www.aa.org/fr/box-459,Box 459,1,www.aa.org,ok
1210,Box 459 - 56ª Conferencia de Servicios Generales,https://www.aa.org/sites/default/files/newsletters/sp_box459_june-july06.pdf,sp_box459_june-july06.pdf,,,,Newsletter: Box 4-5-9,Newsletters,Spanish,Newsletter,,605945,591.7 KB,2021-07-19,https://www.aa.org/es/box-459,Box 459,1,www.aa.org,ok
1211,Box 459 - 57 años - día a día,https://www.aa.org/sites/default/files/newsletters/sp_box459_oct-nov99.pdf,sp_box459_oct-nov99.pdf,,,,Newsletter: Box 4-5-9,Newsletters,Spanish,Newsletter,,2178914,2.1 MB,2021-07-19,https://www.aa.org/es/box-459,Box 459,1,www.aa.org,ok
1212,Box 459 - 57 Years! — A Day at a Time,https://www.aa.org/sites/default/files/newsletters/en_box459_oct-nov99.pdf,en_box459_oct-nov99.pdf,,,,Newsletter: Box 4-5-9,Newsletters,English,Newsletter,,2813162,2.7 MB,2021-07-14,https://www.aa.org/box-459,Box 459,1,www.aa.org,ok
1213,Box 459 - 57e Conférence des Services généraux,https://www.aa.org/sites/default/files/newsletters/fr_box459_june-july07.pdf,fr_box459_june-july07.pdf,,,,Newsletter: Box 4-5-9,Newsletters,French,Newsletter,,333619,325.8 KB,2021-07-20,https://www.aa.org/fr/box-459,Box 459,1,www.aa.org,ok
1214,Box 459 - 57º Conferencia de Servicios Generales,https://www.aa.org/sites/default/files/newsletters/sp_box459_june-july07.pdf,sp_box459_june-july07.pdf,,,,Newsletter: Box 4-5-9,Newsletters,Spanish,Newsletter,,379921,371.0 KB,2021-07-19,https://www.aa.org/es/box-459,Box 459,1,www.aa.org,ok
1215,Box 459 - 58 Conferencia de Servicios Generales,https://www.aa.org/sites/default/files/newsletters/sp_box459_jun-july08.pdf,sp_box459_jun-july08.pdf,,,,Newsletter: Box 4-5-9,Newsletters,Spanish,Newsletter,,1548040,1.5 MB,2021-07-19,https://www.aa.org/es/box-459,Box 459,1,www.aa.org,ok
1216,Box 459 - 58e Conférence des Services généraux,https://www.aa.org/sites/default/files/newsletters/fr_box459_jun-july08.pdf,fr_box459_jun-july08.pdf,,,,Newsletter: Box 4-5-9,Newsletters,French,Newsletter,,305036,297.9 KB,2021-07-20,https://www.aa.org/fr/box-459,Box 459,1,www.aa.org,ok
1217,Box 459 - 59e Conférence des Services généraux,https://www.aa.org/sites/default/files/newsletters/fr_box459_summer09.pdf,fr_box459_summer09.pdf,,,,Newsletter: Box 4-5-9,Newsletters,French,Newsletter,,182486,178.2 KB,2021-07-19,https://www.aa.org/fr/box-459,Box 459,1,www.aa.org,ok
1218,"Box 459 - 59ª Conferencia de Servicios Generales en San Antonio, Texas",https://www.aa.org/sites/default/files/newsletters/sp_box459_summer09_0.pdf,sp_box459_summer09_0.pdf,,,,Newsletter: Box 4-5-9,Newsletters,Spanish,Newsletter,,198778,194.1 KB,2021-07-19,https://www.aa.org/es/box-459,Box 459,1,www.aa.org,ok
1219,Box 459 - 66a Conferencia de Servicios Generales,https://www.aa.org/sites/default/files/newsletters/sp_box459_summer16_0.pdf,sp_box459_summer16_0.pdf,,,,Newsletter: Box 4-5-9,Newsletters,Spanish,Newsletter,,524203,511.9 KB,2021-07-19,https://www.aa.org/es/box-459,Box 459,1,www.aa.org,ok
1220,Box 459 - 70 ans et c’est pas fini : Le « texte de base » des AA établit une nouvelle marque,https://www.aa.org/sites/default/files/newsletters/fr_box459_fall09.pdf,fr_box459_fall09.pdf,,,,Newsletter: Box 4-5-9,Newsletters,French,Newsletter,,232370,226.9 KB,2021-07-20,https://www.aa.org/fr/box-459,Box 459,1,www.aa.org,ok
1221,Box 459 - 70 Years and Counting: A.A.’s ‘Basic Text’ …,https://www.aa.org/sites/default/files/newsletters/en_box459_fall09.pdf,en_box459_fall09.pdf,,,,Newsletter: Box 4-5-9,Newsletters,English,Newsletter,,487898,476.5 KB,2021-07-15,https://www.aa.org/box-459,Box 459,1,www.aa.org,ok
1222,Box 459 - 73.a Conferencia de Servicios Generales: “Los tres legados de AA: nuestra solución común”,https://www.aa.org/sites/default/files/newsletters/sf-36_summer2023_0.pdf,sf-36_summer2023_0.pdf,SF-36,F-36,"Forms, Catalogs & Order Blanks",Newsletter: Box 4-5-9,Newsletters,Spanish,Newsletter,2023,1942436,1.9 MB,2023-09-13,https://www.aa.org/es/box-459,Box 459,1,www.aa.org,ok
1223,"Box 459 - 74.a Conferencia de Servicios Generales: «Conectándonos con amor, unidad y servicio»",https://www.aa.org/sites/default/files/newsletters/sf-36_summer2024.pdf,sf-36_summer2024.pdf,SF-36,F-36,"Forms, Catalogs & Order Blanks",Newsletter: Box 4-5-9,Newsletters,Spanish,Newsletter,2024,1764674,1.7 MB,2024-11-01,https://www.aa.org/es/box-459,Box 459,1,www.aa.org,ok
1224,"Box 459 - 74e Conférence des Services généraux : « Des liens basés sur l’Amour, l’Unité et le Service »",https://www.aa.org/sites/default/files/newsletters/ff-36_summer2024.pdf,ff-36_summer2024.pdf,FF-36,F-36,"Forms, Catalogs & Order Blanks",Newsletter: Box 4-5-9,Newsletters,French,Newsletter,2024,6721078,6.4 MB,2024-11-01,https://www.aa.org/fr/box-459,Box 459,1,www.aa.org,ok
1225,Box 459 - <<Cheminons>> vers le progrès La vitalité du mouvement est attribuable à I'esprit de rotation,https://www.aa.org/sites/default/files/newsletters/fr_box459_oct-nov83.pdf,fr_box459_oct-nov83.pdf,,,,Newsletter: Box 4-5-9,Newsletters,French,Newsletter,,1668763,1.6 MB,2021-07-19,https://www.aa.org/fr/box-459,Box 459,1,www.aa.org,ok
1226,Box 459 - <<La Septième Tradition - un point tournant>> Thème de la 37e Conférence des Services généraux,https://www.aa.org/sites/default/files/newsletters/fr_box459_june-july87.pdf,fr_box459_june-july87.pdf,,,,Newsletter: Box 4-5-9,Newsletters,French,Twelve Traditions; Newsletter,,3724607,3.6 MB,2021-07-20,https://www.aa.org/fr/box-459,Box 459,1,www.aa.org,ok
1227,Box 459 - A Connaitre: Comment les bons groupes,https://www.aa.org/sites/default/files/newsletters/fr_box459_feb-mar72.pdf,fr_box459_feb-mar72.pdf,,,,Newsletter: Box 4-5-9,Newsletters,French,Newsletter,,565753,552.5 KB,2021-07-20,https://www.aa.org/fr/box-459,Box 459,1,www.aa.org,ok
1228,Box 459 - A Full Table: The Day of Sharing at G.S.O.,https://www.aa.org/sites/default/files/newsletters/en_box459_spring20.pdf,en_box459_spring20.pdf,,,,Newsletter: Box 4-5-9,Newsletters,English,Newsletter,,1231323,1.2 MB,2021-07-14,https://www.aa.org/box-459,Box 459,1,www.aa.org,ok
1229,"Box 459 - A l'occasion de son 50e anniversaire, le <<Big Book>> est reconnu comme le parrain le plus efficace dans AA",https://www.aa.org/sites/default/files/newsletters/fr_box459_aug-sept89.pdf,fr_box459_aug-sept89.pdf,,,,Newsletter: Box 4-5-9,Newsletters,French,Newsletter,,2958796,2.8 MB,2021-07-20,https://www.aa.org/fr/box-459,Box 459,1,www.aa.org,ok
1230,Box 459 - A New ASL Big Book Arrives,https://www.aa.org/sites/default/files/newsletters/en_box459_holiday19.pdf,en_box459_holiday19.pdf,,,,Newsletter: Box 4-5-9,Newsletters,English,Newsletter,,994696,971.4 KB,2021-07-15,https://www.aa.org/box-459,Box 459,1,www.aa.org,ok
1231,Box 459 - A.A. Comes of [COMPUTER] Age,https://www.aa.org/sites/default/files/newsletters/en_box459_aug-sept87.pdf,en_box459_aug-sept87.pdf,,,,Newsletter: Box 4-5-9,Newsletters,English,Newsletter,,2009205,1.9 MB,2021-07-14,https://www.aa.org/box-459,Box 459,1,www.aa.org,ok
1232,Box 459 - A.A. en el ciberespacio – el Web site de A.A.,https://www.aa.org/sites/default/files/newsletters/sp_box459_oct-nov08.pdf,sp_box459_oct-nov08.pdf,,,,Newsletter: Box 4-5-9,Newsletters,Spanish,Newsletter,,417326,407.5 KB,2021-07-19,https://www.aa.org/es/box-459,Box 459,1,www.aa.org,ok
1233,Box 459 - A.A. Group Honors Dr. Sam,https://www.aa.org/sites/default/files/newsletters/en_box459_jan62.pdf,en_box459_jan62.pdf,,,,Newsletter: Box 4-5-9,Newsletters,English,Newsletter,,410584,401.0 KB,2021-07-15,https://www.aa.org/box-459,Box 459,1,www.aa.org,ok
1234,Box 459 - A.A. in Cyberspace—G.S.O.’s A.A. Web Site…,https://www.aa.org/sites/default/files/newsletters/en_box459_oct-nov08.pdf,en_box459_oct-nov08.pdf,,,,Newsletter: Box 4-5-9,Newsletters,English,Newsletter,,436710,426.5 KB,2021-07-14,https://www.aa.org/box-459,Box 459,1,www.aa.org,ok
1235,Box 459 - A.A. in England Passes Milestone,https://www.aa.org/sites/default/files/newsletters/en_box459_sept57.pdf,en_box459_sept57.pdf,,,,Newsletter: Box 4-5-9,Newsletters,English,Newsletter,,722064,705.1 KB,2021-07-14,https://www.aa.org/box-459,Box 459,1,www.aa.org,ok
1236,Box 459 - A.A. in Poland — Alive and Thriving,https://www.aa.org/sites/default/files/newsletters/en_box459_april-may87.pdf,en_box459_april-may87.pdf,,,,Newsletter: Box 4-5-9,Newsletters,English,Newsletter,,1841321,1.8 MB,2021-07-14,https://www.aa.org/box-459,Box 459,1,www.aa.org,ok
1237,Box 459 - A.A. Literature Prices Cut Again as Contribution,https://www.aa.org/sites/default/files/newsletters/en_box459_feb-mar80.pdf,en_box459_feb-mar80.pdf,,,,Newsletter: Box 4-5-9,Newsletters,English,Self-Support; Newsletter; Catalog / Order,,905451,884.2 KB,2021-07-15,https://www.aa.org/box-459,Box 459,1,www.aa.org,ok
1238,Box 459 - A.A. Llega a la Edad de la [Computadora],https://www.aa.org/sites/default/files/newsletters/sp_box459_aug-sept87.pdf,sp_box459_aug-sept87.pdf,,,,Newsletter: Box 4-5-9,Newsletters,Spanish,Newsletter,,1690464,1.6 MB,2021-07-16,https://www.aa.org/es/box-459,Box 459,1,www.aa.org,ok
1239,Box 459 - A.A. Meeting on a Frozen Continent,https://www.aa.org/sites/default/files/newsletters/en_box459_oct-nov05.pdf,en_box459_oct-nov05.pdf,,,,Newsletter: Box 4-5-9,Newsletters,English,Newsletter,,762452,744.6 KB,2021-07-14,https://www.aa.org/box-459,Box 459,1,www.aa.org,ok
1240,Box 459 - A.A. Message Reaches Out Into 114 Countries Around the World,https://www.aa.org/sites/default/files/newsletters/en_box459_aug-sept84.pdf,en_box459_aug-sept84.pdf,,,,Newsletter: Box 4-5-9,Newsletters,English,Newsletter,,1382086,1.3 MB,2021-07-14,https://www.aa.org/box-459,Box 459,1,www.aa.org,ok
1241,Box 459 - A.A. Mundial Planea Reunirse en Guatemala,https://www.aa.org/sites/default/files/newsletters/sp_box459_aug-sept86.pdf,sp_box459_aug-sept86.pdf,,,,Newsletter: Box 4-5-9,Newsletters,Spanish,Newsletter,,1755326,1.7 MB,2021-07-16,https://www.aa.org/es/box-459,Box 459,1,www.aa.org,ok
1242,Box 459 - A.A. Pamphlets Getting 'New Look',https://www.aa.org/sites/default/files/newsletters/en_box459_feb-mar89.pdf,en_box459_feb-mar89.pdf,,,,Newsletter: Box 4-5-9,Newsletters,English,Newsletter,,1929365,1.8 MB,2021-07-15,https://www.aa.org/box-459,Box 459,1,www.aa.org,ok
1243,Box 459 - A.A. Participates in Congress on Alcoholism,https://www.aa.org/sites/default/files/newsletters/en_box459_oct-nov68.pdf,en_box459_oct-nov68.pdf,,,,Newsletter: Box 4-5-9,Newsletters,English,Newsletter,,705467,688.9 KB,2021-07-14,https://www.aa.org/box-459,Box 459,1,www.aa.org,ok
1244,Box 459 - A.A. Participates in Congress on Alcoholism,https://www.aa.org/sites/default/files/newsletters/en_box459_oct-nov68_0.pdf,en_box459_oct-nov68_0.pdf,,,,Newsletter: Box 4-5-9,Newsletters,English,Newsletter,,705467,688.9 KB,2021-07-19,https://www.aa.org/box-459,Box 459,1,www.aa.org,ok
1245,Box 459 - A.A. Receives Volunteer Action Award,https://www.aa.org/sites/default/files/newsletters/en_box459_aug-sept83.pdf,en_box459_aug-sept83.pdf,,,,Newsletter: Box 4-5-9,Newsletters,English,Newsletter,,889354,868.5 KB,2021-07-14,https://www.aa.org/box-459,Box 459,1,www.aa.org,ok
1246,Box 459 - A.A. Survey Confirms Anticipated Trends,https://www.aa.org/sites/default/files/newsletters/en_box459_oct-nov87.pdf,en_box459_oct-nov87.pdf,,,,Newsletter: Box 4-5-9,Newsletters,English,Survey Data; Newsletter,,2045320,2.0 MB,2021-07-14,https://www.aa.org/box-459,Box 459,1,www.aa.org,ok
1247,Box 459 - A.A. Takes Its Inventory,https://www.aa.org/sites/default/files/newsletters/en_box459_feb-mar93.pdf,en_box459_feb-mar93.pdf,,,,Newsletter: Box 4-5-9,Newsletters,English,Newsletter,,3128646,3.0 MB,2021-07-15,https://www.aa.org/box-459,Box 459,1,www.aa.org,ok
1248,Box 459 - A.A. Takes Its Inventory,https://www.aa.org/sites/default/files/newsletters/en_box459_may63.pdf,en_box459_may63.pdf,,,,Newsletter: Box 4-5-9,Newsletters,English,Newsletter,,857273,837.2 KB,2021-07-14,https://www.aa.org/box-459,Box 459,3,www.aa.org,ok
1249,Box 459 - A.A. Under The Maple Leaf — The Beginning…,https://www.aa.org/sites/default/files/newsletters/en_box459_febmar07.pdf,en_box459_febmar07.pdf,,,,Newsletter: Box 4-5-9,Newsletters,English,Newsletter,,516236,504.1 KB,2021-07-15,https://www.aa.org/box-459,Box 459,1,www.aa.org,ok
1250,Box 459 - A.A. Week - June 27 Through July 3 - Results,https://www.aa.org/sites/default/files/newsletters/en_box459_sept60.pdf,en_box459_sept60.pdf,,,,Newsletter: Box 4-5-9,Newsletters,English,Newsletter,,679765,663.8 KB,2021-07-14,https://www.aa.org/box-459,Box 459,1,www.aa.org,ok
1251,Box 459 - A.A. à l'ère de L'Ordinateur,https://www.aa.org/sites/default/files/newsletters/fr_box459_aug-sept87.pdf,fr_box459_aug-sept87.pdf,,,,Newsletter: Box 4-5-9,Newsletters,French,Newsletter,,2879595,2.7 MB,2021-07-20,https://www.aa.org/fr/box-459,Box 459,1,www.aa.org,ok
1252,Box 459 - A.A.'s 55th Birthday Party Offers Fellowship and Fun In Spirit of Self-Support,https://www.aa.org/sites/default/files/newsletters/en_box459_april-may90.pdf,en_box459_april-may90.pdf,,,,Newsletter: Box 4-5-9,Newsletters,English,Self-Support; Newsletter,,2071926,2.0 MB,2021-07-14,https://www.aa.org/box-459,Box 459,1,www.aa.org,ok
1253,"Box 459 - A.A.'s Express Gratitude to You - In Many, Many Ways",https://www.aa.org/sites/default/files/newsletters/en_box459_nov64.pdf,en_box459_nov64.pdf,,,,Newsletter: Box 4-5-9,Newsletters,English,Public Information; Newsletter,,629937,615.2 KB,2021-07-14,https://www.aa.org/box-459,Box 459,1,www.aa.org,ok
1254,Box 459 - A.A.'s First 100 - And You - Called to Toronto,https://www.aa.org/sites/default/files/newsletters/en_box459_feb-mar65.pdf,en_box459_feb-mar65.pdf,,,,Newsletter: Box 4-5-9,Newsletters,English,Newsletter,,701697,685.3 KB,2021-07-15,https://www.aa.org/box-459,Box 459,1,www.aa.org,ok
1255,Box 459 - A.A.'s Twelve Concepts for World Service,https://www.aa.org/sites/default/files/newsletters/en_box459_fall11.pdf,en_box459_fall11.pdf,,,,Newsletter: Box 4-5-9,Newsletters,English,Twelve Concepts; Newsletter,,896903,875.9 KB,2021-07-15,https://www.aa.org/box-459,Box 459,1,www.aa.org,ok
1256,Box 459 - A.A.s From Around the World Head for San Diego,https://www.aa.org/sites/default/files/newsletters/en_box459_april-may95.pdf,en_box459_april-may95.pdf,,,,Newsletter: Box 4-5-9,Newsletters,English,Newsletter,,3362851,3.2 MB,2021-07-14,https://www.aa.org/box-459,Box 459,1,www.aa.org,ok
1257,Box 459 - A.A.s in Canada Carry Message of Hope…,https://www.aa.org/sites/default/files/newsletters/en_box459_oct-nov04.pdf,en_box459_oct-nov04.pdf,,,,Newsletter: Box 4-5-9,Newsletters,English,Newsletter,,1226621,1.2 MB,2021-07-14,https://www.aa.org/box-459,Box 459,1,www.aa.org,ok
1258,Box 459 - A.A.s in India Build Ever-Widening 'Road of Happy Destiny',https://www.aa.org/sites/default/files/newsletters/en_box459_aug-sept01.pdf,en_box459_aug-sept01.pdf,,,,Newsletter: Box 4-5-9,Newsletters,English,Newsletter,,2270158,2.2 MB,2021-07-14,https://www.aa.org/box-459,Box 459,1,www.aa.org,ok
1259,Box 459 - A.A.s Indiana Reinvent the 'Six-Pack',https://www.aa.org/sites/default/files/newsletters/en_box459_april-may93.pdf,en_box459_april-may93.pdf,,,,Newsletter: Box 4-5-9,Newsletters,English,Newsletter,,3276879,3.1 MB,2021-07-14,https://www.aa.org/box-459,Box 459,1,www.aa.org,ok
1260,Box 459 - A.A.’s 75th Birthday Celebration,https://www.aa.org/sites/default/files/newsletters/en_box459_fall10.pdf,en_box459_fall10.pdf,,,,Newsletter: Box 4-5-9,Newsletters,English,Newsletter,,521854,509.6 KB,2021-07-15,https://www.aa.org/box-459,Box 459,1,www.aa.org,ok
1261,Box 459 - A.A.’s Find Personal Rewards in Service On Vital Committees,https://www.aa.org/sites/default/files/newsletters/en_box459_feb-mar85.pdf,en_box459_feb-mar85.pdf,,,,Newsletter: Box 4-5-9,Newsletters,English,Newsletter,,1880519,1.8 MB,2021-07-15,https://www.aa.org/box-459,Box 459,1,www.aa.org,ok
1262,"Box 459 - Acontecimiento en la Historia de A.A. - 19,300 Registrandos en la Convencion International",https://www.aa.org/sites/default/files/newsletters/sp_box459_oct-nov75.pdf,sp_box459_oct-nov75.pdf,,,,Newsletter: Box 4-5-9,Newsletters,Spanish,Newsletter,,929747,908.0 KB,2021-07-19,https://www.aa.org/es/box-459,Box 459,1,www.aa.org,ok
1263,Box 459 - Alcohólicos Anónimos Llega a su Mayoría de Edad,https://www.aa.org/sites/default/files/newsletters/sp_box459_april_may05_0.pdf,sp_box459_april_may05_0.pdf,,,,Newsletter: Box 4-5-9,Newsletters,Spanish,Newsletter,,308,308 B,2021-08-31,https://www.aa.org/es/box-459,Box 459,1,www.aa.org,ok
1264,Box 459 - Alkali Lake: A Native Community Sobers Up,https://www.aa.org/sites/default/files/newsletters/en_box459_spring16.pdf,en_box459_spring16.pdf,,,,Newsletter: Box 4-5-9,Newsletters,English,Remote Communities; Newsletter; Sobriety,,684060,668.0 KB,2021-07-14,https://www.aa.org/box-459,Box 459,1,www.aa.org,ok
1265,Box 459 - Alkali Lake: Una comunidad nativa logra la sobriedad,https://www.aa.org/sites/default/files/newsletters/sp_box459_spring16_0.pdf,sp_box459_spring16_0.pdf,,,,Newsletter: Box 4-5-9,Newsletters,Spanish,Newsletter,,663229,647.7 KB,2021-07-19,https://www.aa.org/es/box-459,Box 459,1,www.aa.org,ok
1266,"Box 459 - All Roads Lead to Minneapolis — June 29-July 2, 2000",https://www.aa.org/sites/default/files/newsletters/en_box459_april-may00.pdf,en_box459_april-may00.pdf,,,,Newsletter: Box 4-5-9,Newsletters,English,Newsletter,2000,2205929,2.1 MB,2021-07-14,https://www.aa.org/box-459,Box 459,1,www.aa.org,ok
1267,"Box 459 - Allons-nous au devant des nouveaux membres, ((où qu'ils soient>>?",https://www.aa.org/sites/default/files/newsletters/fr_box459_feb-mar83.pdf,fr_box459_feb-mar83.pdf,,,,Newsletter: Box 4-5-9,Newsletters,French,Newsletter,,1939115,1.8 MB,2021-07-20,https://www.aa.org/fr/box-459,Box 459,1,www.aa.org,ok
1268,Box 459 - An Invitation,https://www.aa.org/sites/default/files/newsletters/en_box459_sept61.pdf,en_box459_sept61.pdf,,,,Newsletter: Box 4-5-9,Newsletters,English,Newsletter,,423063,413.1 KB,2021-07-14,https://www.aa.org/box-459,Box 459,1,www.aa.org,ok
1269,Box 459 - Anniversaire de Bill,https://www.aa.org/sites/default/files/newsletters/fr_box459_sept-oct66.pdf,fr_box459_sept-oct66.pdf,,,,Newsletter: Box 4-5-9,Newsletters,French,Newsletter,,484827,473.5 KB,2021-09-02,https://www.aa.org/fr/box-459,Box 459,1,www.aa.org,ok
1270,Box 459 - Année de célébration du jubilé de diamant de l’Afrique du Sud,https://www.aa.org/sites/default/files/newsletters/fr_box459_holiday21.pdf,fr_box459_holiday21.pdf,,,,Newsletter: Box 4-5-9,Newsletters,French,Newsletter,,742007,724.6 KB,2021-12-11,https://www.aa.org/fr/box-459,Box 459,1,www.aa.org,ok
1271,"Box 459 - Année de transformations, pour 1982 Gordon Patrick nommé président du Conseil des Syndics",https://www.aa.org/sites/default/files/newsletters/fr_box459_june-july82.pdf,fr_box459_june-july82.pdf,,,,Newsletter: Box 4-5-9,Newsletters,French,Newsletter; Form / Application,1982,3258880,3.1 MB,2021-07-20,https://www.aa.org/fr/box-459,Box 459,1,www.aa.org,ok
1272,Box 459 - Anonymat sur enseignes?,https://www.aa.org/sites/default/files/newsletters/fr_box459_april-may77.pdf,fr_box459_april-may77.pdf,,,,Newsletter: Box 4-5-9,Newsletters,French,Newsletter,,1507621,1.4 MB,2021-07-19,https://www.aa.org/fr/box-459,Box 459,1,www.aa.org,ok
1273,Box 459 - Anonymity Humility at Work,https://www.aa.org/sites/default/files/newsletters/en_box459_aug-sept96.pdf,en_box459_aug-sept96.pdf,,,,Newsletter: Box 4-5-9,Newsletters,English,Anonymity; Newsletter,,3354991,3.2 MB,2021-07-14,https://www.aa.org/box-459,Box 459,1,www.aa.org,ok
1274,Box 459 - Approfondissons notre tradition concernant le support autonome,https://www.aa.org/sites/default/files/newsletters/fr_box459_oct-nov82.pdf,fr_box459_oct-nov82.pdf,,,,Newsletter: Box 4-5-9,Newsletters,French,Twelve Traditions; Newsletter,,1721209,1.6 MB,2021-07-19,https://www.aa.org/fr/box-459,Box 459,1,www.aa.org,ok
1275,Box 459 - Aquí se Habla A.A.,https://www.aa.org/sites/default/files/newsletters/sp_box459_oct-nov79.pdf,sp_box459_oct-nov79.pdf,,,,Newsletter: Box 4-5-9,Newsletters,Spanish,Newsletter,,944029,921.9 KB,2021-07-19,https://www.aa.org/es/box-459,Box 459,1,www.aa.org,ok
1276,Box 459 - Archival Library to Be a Reality,https://www.aa.org/sites/default/files/newsletters/en_box459_aug-sept73.pdf,en_box459_aug-sept73.pdf,,,,Newsletter: Box 4-5-9,Newsletters,English,Newsletter,,372801,364.1 KB,2021-07-14,https://www.aa.org/box-459,Box 459,1,www.aa.org,ok
1277,Box 459 - Archives Help the Fellowship Keep to Our Primary Purpose,https://www.aa.org/sites/default/files/newsletters/en_box459_april-may77.pdf,en_box459_april-may77.pdf,,,,Newsletter: Box 4-5-9,Newsletters,English,Archives; Newsletter,,1889931,1.8 MB,2021-07-14,https://www.aa.org/box-459,Box 459,1,www.aa.org,ok
1278,Box 459 - Areas Complete Conference Plans,https://www.aa.org/sites/default/files/newsletters/en_box459_mar58.pdf,en_box459_mar58.pdf,,,,Newsletter: Box 4-5-9,Newsletters,English,Conference; Newsletter,,802468,783.7 KB,2021-07-14,https://www.aa.org/box-459,Box 459,1,www.aa.org,ok
1279,Box 459 - Attention A.A. Gals!,https://www.aa.org/sites/default/files/newsletters/en_box459_jan63.pdf,en_box459_jan63.pdf,,,,Newsletter: Box 4-5-9,Newsletters,English,Newsletter,,1074619,1.0 MB,2021-07-15,https://www.aa.org/box-459,Box 459,1,www.aa.org,ok
1280,Box 459 - Autres questions sur l'anonymat,https://www.aa.org/sites/default/files/newsletters/fr_box459_spring13.pdf,fr_box459_spring13.pdf,,,,Newsletter: Box 4-5-9,Newsletters,French,Newsletter,,839753,820.1 KB,2021-07-19,https://www.aa.org/fr/box-459,Box 459,1,www.aa.org,ok
1281,Box 459 - Avancement vers un meilleur Service Clobal: Résultat des,https://www.aa.org/sites/default/files/newsletters/fr_box459_holiday78.pdf,fr_box459_holiday78.pdf,,,,Newsletter: Box 4-5-9,Newsletters,French,Newsletter,,1427916,1.4 MB,2021-07-20,https://www.aa.org/fr/box-459,Box 459,1,www.aa.org,ok
1282,Box 459 - Avez-vous réfléchi à l'anonymat dernièrement?,https://www.aa.org/sites/default/files/newsletters/fr_box459_aug-sept88.pdf,fr_box459_aug-sept88.pdf,,,,Newsletter: Box 4-5-9,Newsletters,French,Newsletter,,3118959,3.0 MB,2021-07-20,https://www.aa.org/fr/box-459,Box 459,1,www.aa.org,ok
1283,Box 459 - Bajo la hoja del arce,https://www.aa.org/sites/default/files/newsletters/sp_box459_febmar07.pdf,sp_box459_febmar07.pdf,,,,Newsletter: Box 4-5-9,Newsletters,Spanish,Newsletter,,527670,515.3 KB,2021-07-16,https://www.aa.org/es/box-459,Box 459,1,www.aa.org,ok
1284,"Box 459 - Beginners Meetings Bring Double Rewards, Groups Say",https://www.aa.org/sites/default/files/newsletters/en_box459_april-may80.pdf,en_box459_april-may80.pdf,,,,Newsletter: Box 4-5-9,Newsletters,English,Newcomer; Newsletter,,963934,941.3 KB,2021-07-14,https://www.aa.org/box-459,Box 459,1,www.aa.org,ok
1285,"Box 459 - Bernard Smith, Custodio no A.A. Muere de un Ataque al Corazón en Nueva York",https://www.aa.org/sites/default/files/newsletters/sp_box459_oct-nov70.pdf,sp_box459_oct-nov70.pdf,,,,Newsletter: Box 4-5-9,Newsletters,Spanish,Newsletter,,553078,540.1 KB,2021-07-19,https://www.aa.org/es/box-459,Box 459,1,www.aa.org,ok
1286,"Box 459 - Bernard Smith, Non-A.A. Trustee, Dies of Heart Attack in New York",https://www.aa.org/sites/default/files/newsletters/en_box459_oct-nov70.pdf,en_box459_oct-nov70.pdf,,,,Newsletter: Box 4-5-9,Newsletters,English,Newsletter,,1053279,1.0 MB,2021-07-14,https://www.aa.org/box-459,Box 459,1,www.aa.org,ok
1287,"Box 459 - Bernard Smith, un membre non-alcoolique du conseil d'administration, decede a New York d'une cise cardiaque",https://www.aa.org/sites/default/files/newsletters/fr_box459_oct-nov70.pdf,fr_box459_oct-nov70.pdf,,,,Newsletter: Box 4-5-9,Newsletters,French,Newsletter,,644131,629.0 KB,2021-07-20,https://www.aa.org/fr/box-459,Box 459,1,www.aa.org,ok
1288,Box 459 - Bienvenida a Cora Louise,https://www.aa.org/sites/default/files/newsletters/sp_box459_aug-sept67.pdf,sp_box459_aug-sept67.pdf,,,,Newsletter: Box 4-5-9,Newsletters,Spanish,Newsletter,,709217,692.6 KB,2021-07-16,https://www.aa.org/es/box-459,Box 459,1,www.aa.org,ok
1289,Box 459 - Big Book Celebrates 50th Birthday,https://www.aa.org/sites/default/files/newsletters/en_box459_aug-sept89.pdf,en_box459_aug-sept89.pdf,,,,Newsletter: Box 4-5-9,Newsletters,English,Newsletter,,2152352,2.1 MB,2021-07-14,https://www.aa.org/box-459,Box 459,1,www.aa.org,ok
1290,Box 459 - Big Book Fourth Edition — Reflects...,https://www.aa.org/sites/default/files/newsletters/en_box459_oct-nov01.pdf,en_box459_oct-nov01.pdf,,,,Newsletter: Box 4-5-9,Newsletters,English,Newsletter,,258300,252.2 KB,2021-07-14,https://www.aa.org/box-459,Box 459,1,www.aa.org,ok
1291,Box 459 - Big Book Study Groups Grow…,https://www.aa.org/sites/default/files/newsletters/en_box459_oct-nov74.pdf,en_box459_oct-nov74.pdf,,,,Newsletter: Box 4-5-9,Newsletters,English,Newsletter,,1268517,1.2 MB,2021-07-14,https://www.aa.org/box-459,Box 459,1,www.aa.org,ok
1292,Box 459 - Big Book Study Guides? A.A.W.S. Arrives at a Position,https://www.aa.org/sites/default/files/newsletters/en_box459_aug-sept77.pdf,en_box459_aug-sept77.pdf,,,,Newsletter: Box 4-5-9,Newsletters,English,Newsletter; Workbook / Kit,,1233985,1.2 MB,2021-07-14,https://www.aa.org/box-459,Box 459,1,www.aa.org,ok
1293,Box 459 - Big Things Are Brewing-Both in an out of A.A.,https://www.aa.org/sites/default/files/newsletters/en_box459_feb-mar73.pdf,en_box459_feb-mar73.pdf,,,,Newsletter: Box 4-5-9,Newsletters,English,Newsletter,,646058,630.9 KB,2021-07-15,https://www.aa.org/box-459,Box 459,1,www.aa.org,ok
1294,Box 459 - Bilan de la journée d'accueil au B.S.G.: une foule record et de la joie,https://www.aa.org/sites/default/files/newsletters/fr_box459_feb-mar86.pdf,fr_box459_feb-mar86.pdf,,,,Newsletter: Box 4-5-9,Newsletters,French,Newsletter,,2784505,2.7 MB,2021-07-20,https://www.aa.org/fr/box-459,Box 459,1,www.aa.org,ok
1295,Box 459 - Bill's New Book Being Printed,https://www.aa.org/sites/default/files/newsletters/en_box459_aug57.pdf,en_box459_aug57.pdf,,,,Newsletter: Box 4-5-9,Newsletters,English,Newsletter,,698612,682.2 KB,2021-07-14,https://www.aa.org/box-459,Box 459,1,www.aa.org,ok
1296,"Box 459 - Bon Anniversaire, Quebec",https://www.aa.org/sites/default/files/newsletters/sp_box459_fall14.pdf,sp_box459_fall14.pdf,,,,Newsletter: Box 4-5-9,Newsletters,Spanish,Newsletter,,4275636,4.1 MB,2021-07-16,https://www.aa.org/es/box-459,Box 459,1,www.aa.org,ok
1297,"Box 459 - Bon Anniversaire, Québec !",https://www.aa.org/sites/default/files/newsletters/fr_box459_fall14.pdf,fr_box459_fall14.pdf,,,,Newsletter: Box 4-5-9,Newsletters,French,Newsletter,,5212661,5.0 MB,2021-07-20,https://www.aa.org/fr/box-459,Box 459,1,www.aa.org,ok
1298,"Box 459 - Bon Anniversaire, Québec!",https://www.aa.org/sites/default/files/newsletters/en_box459_fall14.pdf,en_box459_fall14.pdf,,,,Newsletter: Box 4-5-9,Newsletters,English,Newsletter,,2604742,2.5 MB,2021-07-15,https://www.aa.org/box-459,Box 459,1,www.aa.org,ok
1299,Box 459 - Budapest est l'hote pour la premiere reunion,https://www.aa.org/sites/default/files/newsletters/fr_box459_aug-sept69.pdf,fr_box459_aug-sept69.pdf,,,,Newsletter: Box 4-5-9,Newsletters,French,Newsletter,,597219,583.2 KB,2021-09-03,https://www.aa.org/fr/box-459,Box 459,1,www.aa.org,ok
1300,Box 459 - Bulletins Foster Friendship Among A.A. Groups,https://www.aa.org/sites/default/files/newsletters/en_box459_feb-mar81.pdf,en_box459_feb-mar81.pdf,,,,Newsletter: Box 4-5-9,Newsletters,English,Newsletter,,888034,867.2 KB,2021-07-15,https://www.aa.org/box-459,Box 459,1,www.aa.org,ok
1301,Box 459 - California Group Adopts Loner in Italy,https://www.aa.org/sites/default/files/newsletters/en_box459_aug62.pdf,en_box459_aug62.pdf,,,,Newsletter: Box 4-5-9,Newsletters,English,Newsletter,,509171,497.2 KB,2021-07-14,https://www.aa.org/box-459,Box 459,1,www.aa.org,ok
1302,"Box 459 - Can You Spare Five Minutes to Help with 6,000 Alcoholic Problems?",https://www.aa.org/sites/default/files/newsletters/en_box459_oct-nov65.pdf,en_box459_oct-nov65.pdf,,,,Newsletter: Box 4-5-9,Newsletters,English,Newsletter,,614181,599.8 KB,2021-07-14,https://www.aa.org/box-459,Box 459,1,www.aa.org,ok
1303,Box 459 - Carrying the A.A. Message Through Literature - From Twi to Konkani,https://www.aa.org/sites/default/files/newsletters/en_box459_spring17.pdf,en_box459_spring17.pdf,,,,Newsletter: Box 4-5-9,Newsletters,English,Newsletter,,776827,758.6 KB,2021-07-14,https://www.aa.org/box-459,Box 459,1,www.aa.org,ok
1304,Box 459 - Ce que les lecteurs disent a propos de ce bulletin,https://www.aa.org/sites/default/files/newsletters/fr_box459_aug-sept75.pdf,fr_box459_aug-sept75.pdf,,,,Newsletter: Box 4-5-9,Newsletters,French,Newsletter,,867613,847.3 KB,2021-07-20,https://www.aa.org/fr/box-459,Box 459,1,www.aa.org,ok
1305,Box 459 - Celebrando más de medio milenio de servicio,https://www.aa.org/sites/default/files/newsletters/sp_box459_supplementissue20_0.pdf,sp_box459_supplementissue20_0.pdf,,,,Newsletter: Box 4-5-9,Newsletters,Spanish,Newsletter,,1287832,1.2 MB,2021-07-19,https://www.aa.org/es/box-459,Box 459,1,www.aa.org,ok
1306,"Box 459 - Celebremos el 80º aniversario de A.A. en Atlanta, Georgia",https://www.aa.org/sites/default/files/newsletters/sp_box459_spring14_0.pdf,sp_box459_spring14_0.pdf,,,,Newsletter: Box 4-5-9,Newsletters,Spanish,Newsletter,,1635039,1.6 MB,2021-07-19,https://www.aa.org/es/box-459,Box 459,1,www.aa.org,ok
1307,Box 459 - Ceremonia de Apertura de los Archivos de A.A.,https://www.aa.org/sites/default/files/newsletters/sp_box459_feb-mar76.pdf,sp_box459_feb-mar76.pdf,,,,Newsletter: Box 4-5-9,Newsletters,Spanish,Newsletter,,949925,927.7 KB,2021-07-16,https://www.aa.org/es/box-459,Box 459,1,www.aa.org,ok
1308,Box 459 - Ceremonie d'inauguration des archives A.A.,https://www.aa.org/sites/default/files/newsletters/fr_box459_feb-mar76.pdf,fr_box459_feb-mar76.pdf,,,,Newsletter: Box 4-5-9,Newsletters,French,Archives; Newsletter,,1109371,1.1 MB,2021-07-20,https://www.aa.org/fr/box-459,Box 459,1,www.aa.org,ok
1309,Box 459 - Christmas Greetings,https://www.aa.org/sites/default/files/newsletters/en_box459_dec61.pdf,en_box459_dec61.pdf,,,,Newsletter: Box 4-5-9,Newsletters,English,Newsletter,,567828,554.5 KB,2021-07-15,https://www.aa.org/box-459,Box 459,1,www.aa.org,ok
1310,Box 459 - Cinco nuevos custodios clase B se incorporan a la Junta de Servicios Generales,https://www.aa.org/sites/default/files/newsletters/sf-36_winter2026.pdf,sf-36_winter2026.pdf,SF-36,F-36,"Forms, Catalogs & Order Blanks",Newsletter: Box 4-5-9,Newsletters,Spanish,Newsletter,2026,2745412,2.6 MB,2026-03-07,https://www.aa.org/es/box-459,Box 459,1,www.aa.org,ok
1311,Box 459 - Cinquante-sept ans ! — Un jour à la fois,https://www.aa.org/sites/default/files/newsletters/fr_box459_oct-nov99.pdf,fr_box459_oct-nov99.pdf,,,,Newsletter: Box 4-5-9,Newsletters,French,Newsletter,,2845397,2.7 MB,2021-07-19,https://www.aa.org/fr/box-459,Box 459,1,www.aa.org,ok
1312,"Box 459 - Come and Celebrate A.A.'s 80th Birthday in Atlanta, Georgia",https://www.aa.org/sites/default/files/newsletters/en_box459_spring14.pdf,en_box459_spring14.pdf,,,,Newsletter: Box 4-5-9,Newsletters,English,Newsletter,,1320887,1.3 MB,2021-07-14,https://www.aa.org/box-459,Box 459,1,www.aa.org,ok
1313,Box 459 - Come and Celebrate A.A.’s 70th Birthday In a Wonderful Whirl of Toronto,https://www.aa.org/sites/default/files/newsletters/en_box459_feb-mar04.pdf,en_box459_feb-mar04.pdf,,,,Newsletter: Box 4-5-9,Newsletters,English,Newsletter,,260413,254.3 KB,2021-07-15,https://www.aa.org/box-459,Box 459,1,www.aa.org,ok
1314,"Box 459 - Come and Celebrate A.A.’s 75th Birthday in San Antonio, Texas",https://www.aa.org/sites/default/files/newsletters/en_box459_april-may09.pdf,en_box459_april-may09.pdf,,,,Newsletter: Box 4-5-9,Newsletters,English,Newsletter,,366729,358.1 KB,2021-07-14,https://www.aa.org/box-459,Box 459,1,www.aa.org,ok
1315,"Box 459 - Come Celebrate A.A.'s 85th Birthday in Detroit, Michigan",https://www.aa.org/sites/default/files/newsletters/en_box459_summer_2019.pdf,en_box459_summer_2019.pdf,,,,Newsletter: Box 4-5-9,Newsletters,English,Newsletter,2019,960366,937.9 KB,2021-07-14,https://www.aa.org/box-459,Box 459,1,www.aa.org,ok
1316,"Box 459 - Come Celebrate Sobriety - July 3-6, 1980, in New Orleans",https://www.aa.org/sites/default/files/newsletters/en_box459_aug-sept79.pdf,en_box459_aug-sept79.pdf,,,,Newsletter: Box 4-5-9,Newsletters,English,Newsletter; Sobriety,1980,1061947,1.0 MB,2021-07-14,https://www.aa.org/box-459,Box 459,1,www.aa.org,ok
1317,Box 459 - Coming in Young and Staying Sober in A.A.,https://www.aa.org/sites/default/files/newsletters/en_box459_oct-nov07.pdf,en_box459_oct-nov07.pdf,,,,Newsletter: Box 4-5-9,Newsletters,English,Young People; Newsletter; Sobriety,,319905,312.4 KB,2021-07-14,https://www.aa.org/box-459,Box 459,1,www.aa.org,ok
1318,Box 459 - Comités de custodios preparan el terreno para la Conferencia,https://www.aa.org/sites/default/files/newsletters/sp_box459_april-may89.pdf,sp_box459_april-may89.pdf,,,,Newsletter: Box 4-5-9,Newsletters,Spanish,Newsletter,,2075201,2.0 MB,2021-07-15,https://www.aa.org/es/box-459,Box 459,1,www.aa.org,ok
1319,Box 459 - Comment est né le premier district hispanique de Los Angeles,https://www.aa.org/sites/default/files/newsletters/fr_box459_aug-sept02.pdf,fr_box459_aug-sept02.pdf,,,,Newsletter: Box 4-5-9,Newsletters,French,Group Service; Newsletter,,232190,226.7 KB,2021-07-20,https://www.aa.org/fr/box-459,Box 459,1,www.aa.org,ok
1320,Box 459 - Comment les groupes réagissent-ils face aux problèmes de déménagement?,https://www.aa.org/sites/default/files/newsletters/fr_box459_oct-nov93.pdf,fr_box459_oct-nov93.pdf,,,,Newsletter: Box 4-5-9,Newsletters,French,Newsletter,,3203590,3.1 MB,2021-07-19,https://www.aa.org/fr/box-459,Box 459,1,www.aa.org,ok
1321,Box 459 - Communication Seen as Key to A.A. Growth,https://www.aa.org/sites/default/files/newsletters/en_box459_june-july71.pdf,en_box459_june-july71.pdf,,,,Newsletter: Box 4-5-9,Newsletters,English,Newsletter,,1282676,1.2 MB,2021-07-15,https://www.aa.org/box-459,Box 459,1,www.aa.org,ok
1322,Box 459 - Como dan la vuelta al mundo las publicaciones de A.A.,https://www.aa.org/sites/default/files/newsletters/sp_box459_aug-sept80.pdf,sp_box459_aug-sept80.pdf,,,,Newsletter: Box 4-5-9,Newsletters,Spanish,Newsletter,,1000426,977.0 KB,2021-07-16,https://www.aa.org/es/box-459,Box 459,1,www.aa.org,ok
1323,Box 459 - Como Puede Cambiar Nuestras Vidas el Folleto de A.A. 'Llegue a Creer...',https://www.aa.org/sites/default/files/newsletters/sp_box459_oct-nov77.pdf,sp_box459_oct-nov77.pdf,,,,Newsletter: Box 4-5-9,Newsletters,Spanish,Newsletter,,928089,906.3 KB,2021-07-19,https://www.aa.org/es/box-459,Box 459,1,www.aa.org,ok
1324,Box 459 - Como Recibir la Literatura a Tiempo,https://www.aa.org/sites/default/files/newsletters/sp_box459_nov62.pdf,sp_box459_nov62.pdf,,,,Newsletter: Box 4-5-9,Newsletters,Spanish,Newsletter,,2892160,2.8 MB,2021-07-19,https://www.aa.org/es/box-459,Box 459,1,www.aa.org,ok
1325,Box 459 - Como Viajar... en el Estilo de A.A.,https://www.aa.org/sites/default/files/newsletters/sp_box459_april-may68.pdf,sp_box459_april-may68.pdf,,,,Newsletter: Box 4-5-9,Newsletters,Spanish,Newsletter,,594373,580.4 KB,2021-07-15,https://www.aa.org/es/box-459,Box 459,1,www.aa.org,ok
1326,Box 459 - Compartiendo sus Pensamientos Acerca de Literatura que no es A.A.,https://www.aa.org/sites/default/files/newsletters/sp_box459_april-may74.pdf,sp_box459_april-may74.pdf,,,,Newsletter: Box 4-5-9,Newsletters,Spanish,Newsletter,,614801,600.4 KB,2021-07-15,https://www.aa.org/es/box-459,Box 459,1,www.aa.org,ok
1327,Box 459 - Comunicación Llave del Crecimiento de A.A. Continua el Trabajo de Bill,https://www.aa.org/sites/default/files/newsletters/sp_box459_june-july71.pdf,sp_box459_june-july71.pdf,,,,Newsletter: Box 4-5-9,Newsletters,Spanish,Newsletter,,570528,557.2 KB,2021-07-19,https://www.aa.org/es/box-459,Box 459,1,www.aa.org,ok
1328,"Box 459 - Conference Actions Support Traditions, Services",https://www.aa.org/sites/default/files/newsletters/en_box459_june-july72.pdf,en_box459_june-july72.pdf,,,,Newsletter: Box 4-5-9,Newsletters,English,Twelve Traditions; Conference; Newsletter,,1589914,1.5 MB,2021-07-15,https://www.aa.org/box-459,Box 459,1,www.aa.org,ok
1329,"Box 459 - Conference de services generaux et ""Comment rendre AA accessible""",https://www.aa.org/sites/default/files/newsletters/fr_box459_july-aug66.pdf,fr_box459_july-aug66.pdf,,,,Newsletter: Box 4-5-9,Newsletters,French,Accessibility; Conference; Newsletter,,1088720,1.0 MB,2021-09-02,https://www.aa.org/fr/box-459,Box 459,1,www.aa.org,ok
1330,Box 459 - Conference des S.G. (1972) - Les problemes des groupes au premier plan,https://www.aa.org/sites/default/files/newsletters/fr_box459_april-may72.pdf,fr_box459_april-may72.pdf,,,,Newsletter: Box 4-5-9,Newsletters,French,Conference; Newsletter,1972,807906,789.0 KB,2021-07-19,https://www.aa.org/fr/box-459,Box 459,1,www.aa.org,ok
1331,Box 459 - Conference des services generaux 1973,https://www.aa.org/sites/default/files/newsletters/fr_box459_april-may73.pdf,fr_box459_april-may73.pdf,,,,Newsletter: Box 4-5-9,Newsletters,French,Conference; Newsletter,1973,443768,433.4 KB,2021-07-19,https://www.aa.org/fr/box-459,Box 459,1,www.aa.org,ok
1332,Box 459 - Conference Favors Montreal for 1985…,https://www.aa.org/sites/default/files/newsletters/en_box459_june-july81.pdf,en_box459_june-july81.pdf,,,,Newsletter: Box 4-5-9,Newsletters,English,Conference; Newsletter,1985,1391321,1.3 MB,2021-07-14,https://www.aa.org/box-459,Box 459,1,www.aa.org,ok
1333,Box 459 - Conference Meets This Month,https://www.aa.org/sites/default/files/newsletters/en_box459_april61.pdf,en_box459_april61.pdf,,,,Newsletter: Box 4-5-9,Newsletters,English,Conference; Newsletter,,657506,642.1 KB,2021-07-14,https://www.aa.org/box-459,Box 459,1,www.aa.org,ok
1334,Box 459 - Conference Sessions Reflect Group Concerns and Group Conscience,https://www.aa.org/sites/default/files/newsletters/en_box459_june-july83.pdf,en_box459_june-july83.pdf,,,,Newsletter: Box 4-5-9,Newsletters,English,Conference; Newsletter,,1640730,1.6 MB,2021-07-14,https://www.aa.org/box-459,Box 459,1,www.aa.org,ok
1335,Box 459 - Conference to Examine Sponsorship,https://www.aa.org/sites/default/files/newsletters/en_box459_april-may76.pdf,en_box459_april-may76.pdf,,,,Newsletter: Box 4-5-9,Newsletters,English,Sponsorship; Conference; Newsletter,,1210570,1.2 MB,2021-07-14,https://www.aa.org/box-459,Box 459,1,www.aa.org,ok
1336,Box 459 - Conferencia de 1979 Repasara Tres Sencillas Ideas de A.A.,https://www.aa.org/sites/default/files/newsletters/sp_box459_april-may79.pdf,sp_box459_april-may79.pdf,,,,Newsletter: Box 4-5-9,Newsletters,Spanish,Newsletter,1979,960699,938.2 KB,2021-07-15,https://www.aa.org/es/box-459,Box 459,1,www.aa.org,ok
1337,Box 459 - Conferencia de Servicios Generales,https://www.aa.org/sites/default/files/newsletters/sp_box459_may62.pdf,sp_box459_may62.pdf,,,,Newsletter: Box 4-5-9,Newsletters,Spanish,Newsletter,,1838168,1.8 MB,2021-09-02,https://www.aa.org/es/box-459,Box 459,1,www.aa.org,ok
1338,Box 459 - Conferencia de Servicios Generales de 1973,https://www.aa.org/sites/default/files/newsletters/sp_box459_april-may73.pdf,sp_box459_april-may73.pdf,,,,Newsletter: Box 4-5-9,Newsletters,Spanish,Newsletter,1973,597163,583.2 KB,2021-07-15,https://www.aa.org/es/box-459,Box 459,1,www.aa.org,ok
1339,Box 459 - Confinada a casa — pero no sola ni lejos de A.A.,https://www.aa.org/sites/default/files/newsletters/sp_box459_april-may02_1.pdf,sp_box459_april-may02_1.pdf,,,,Newsletter: Box 4-5-9,Newsletters,Spanish,Newsletter,,168792,164.8 KB,2021-07-15,https://www.aa.org/es/box-459,Box 459,1,www.aa.org,ok
1340,Box 459 - Confinée à la maison - elle n'est ni seule ni coupée des AA,https://www.aa.org/sites/default/files/newsletters/fr_box459_april-may02.pdf,fr_box459_april-may02.pdf,,,,Newsletter: Box 4-5-9,Newsletters,French,Newsletter,,2937544,2.8 MB,2021-07-19,https://www.aa.org/fr/box-459,Box 459,1,www.aa.org,ok
1341,"Box 459 - Congrès de 1990: Seattle, nous voici!",https://www.aa.org/sites/default/files/newsletters/fr_box459_oct-nov86.pdf,fr_box459_oct-nov86.pdf,,,,Newsletter: Box 4-5-9,Newsletters,French,Newsletter,1990,2754100,2.6 MB,2021-07-19,https://www.aa.org/fr/box-459,Box 459,1,www.aa.org,ok
1342,Box 459 - Congrès des AA à Zhengzhou : un long parcours vers l’abstinence,https://www.aa.org/sites/default/files/newsletters/fr_box459_spring18.pdf,fr_box459_spring18.pdf,,,,Newsletter: Box 4-5-9,Newsletters,French,Newsletter,,1125800,1.1 MB,2021-07-19,https://www.aa.org/fr/box-459,Box 459,1,www.aa.org,ok
1343,"Box 459 - Congrès international des AA : 80 ans — Hereux, Jojeux et Libres",https://www.aa.org/sites/default/files/newsletters/fr_box459_fall15.pdf,fr_box459_fall15.pdf,,,,Newsletter: Box 4-5-9,Newsletters,French,Newsletter,,1291983,1.2 MB,2021-07-20,https://www.aa.org/fr/box-459,Box 459,1,www.aa.org,ok
1344,Box 459 - Congrès International du 50e anniversaire,https://www.aa.org/sites/default/files/newsletters/fr_box459_aug-sept85.pdf,fr_box459_aug-sept85.pdf,,,,Newsletter: Box 4-5-9,Newsletters,French,Newsletter,,1980692,1.9 MB,2021-07-20,https://www.aa.org/fr/box-459,Box 459,1,www.aa.org,ok
1345,"Box 459 - Conozca al nuevo miembro del personal de la OSG, Nick S.",https://www.aa.org/sites/default/files/newsletters/sf-36_spring2024_0.pdf,sf-36_spring2024_0.pdf,SF-36,F-36,"Forms, Catalogs & Order Blanks",Newsletter: Box 4-5-9,Newsletters,Spanish,Newsletter,2024,2801140,2.7 MB,2024-11-01,https://www.aa.org/es/box-459,Box 459,1,www.aa.org,ok
1346,Box 459 - Convención de 1990: Nos Veremos en Seattle,https://www.aa.org/sites/default/files/newsletters/sp_box459_oct-nov86.pdf,sp_box459_oct-nov86.pdf,,,,Newsletter: Box 4-5-9,Newsletters,Spanish,Newsletter,1990,2130936,2.0 MB,2021-07-19,https://www.aa.org/es/box-459,Box 459,1,www.aa.org,ok
1347,"Box 459 - Convención Internacional Celebra en Toronto, Canada",https://www.aa.org/sites/default/files/newsletters/sp_box459_aug-sept65.pdf,sp_box459_aug-sept65.pdf,,,,Newsletter: Box 4-5-9,Newsletters,Spanish,Newsletter,,621664,607.1 KB,2021-07-16,https://www.aa.org/es/box-459,Box 459,1,www.aa.org,ok
1348,Box 459 - Convención Internacional de 1995 Preguntas más frecuentes,https://www.aa.org/sites/default/files/newsletters/sp_box459_feb-mar94_0.pdf,sp_box459_feb-mar94_0.pdf,,,,Newsletter: Box 4-5-9,Newsletters,Spanish,Newsletter,1995,2120420,2.0 MB,2021-07-16,https://www.aa.org/es/box-459,Box 459,1,www.aa.org,ok
1349,Box 459 - Convención Internacional del 50 Aniversario,https://www.aa.org/sites/default/files/newsletters/sp_box459_aug-sept85.pdf,sp_box459_aug-sept85.pdf,,,,Newsletter: Box 4-5-9,Newsletters,Spanish,Newsletter,,2211992,2.1 MB,2021-07-16,https://www.aa.org/es/box-459,Box 459,1,www.aa.org,ok
1350,"Box 459 - Convención para Celebrar Trigésimo Quinto Aniversario de A.A. en Miami, Julio 3-5",https://www.aa.org/sites/default/files/newsletters/sp_box459_feb-mar70.pdf,sp_box459_feb-mar70.pdf,,,,Newsletter: Box 4-5-9,Newsletters,Spanish,Newsletter,,418747,408.9 KB,2021-07-16,https://www.aa.org/es/box-459,Box 459,1,www.aa.org,ok
1351,Box 459 - Crecen en Número y Popularidad los Grupos de Estudio de el Libro Grande,https://www.aa.org/sites/default/files/newsletters/sp_box459_oct-nov74.pdf,sp_box459_oct-nov74.pdf,,,,Newsletter: Box 4-5-9,Newsletters,Spanish,Newsletter,,866563,846.3 KB,2021-07-19,https://www.aa.org/es/box-459,Box 459,1,www.aa.org,ok
1352,Box 459 - Creciente Necesidad para los Servicios de A.A.,https://www.aa.org/sites/default/files/newsletters/sp_box459_june-july70.pdf,sp_box459_june-july70.pdf,,,,Newsletter: Box 4-5-9,Newsletters,Spanish,Newsletter,,562448,549.3 KB,2021-07-19,https://www.aa.org/es/box-459,Box 459,1,www.aa.org,ok
1353,Box 459 - Croatians Carry the Message (and Drunks) Any Way They Can,https://www.aa.org/sites/default/files/newsletters/en_box459_feb-mar00.pdf,en_box459_feb-mar00.pdf,,,,Newsletter: Box 4-5-9,Newsletters,English,Newsletter,,2156383,2.1 MB,2021-07-15,https://www.aa.org/box-459,Box 459,1,www.aa.org,ok
1354,Box 459 - Cuando romper tu anonimato no es ruptura de anonimatof,https://www.aa.org/sites/default/files/newsletters/sp_box459_fall12.pdf,sp_box459_fall12.pdf,,,,Newsletter: Box 4-5-9,Newsletters,Spanish,Newsletter,,344918,336.8 KB,2021-07-16,https://www.aa.org/es/box-459,Box 459,1,www.aa.org,ok
1355,Box 459 - Cuarta Edición del Libro Grande: reflejo de la diversidad de la Comunidad hoy en día,https://www.aa.org/sites/default/files/newsletters/sp_box459_oct-nov01.pdf,sp_box459_oct-nov01.pdf,,,,Newsletter: Box 4-5-9,Newsletters,Spanish,Newsletter,,321506,314.0 KB,2021-07-19,https://www.aa.org/es/box-459,Box 459,1,www.aa.org,ok
1356,Box 459 - Cure de rajeunissement du questionnaire se rapportant au sondage sur les membres,https://www.aa.org/sites/default/files/newsletters/fr_box459_feb-mar92.pdf,fr_box459_feb-mar92.pdf,,,,Newsletter: Box 4-5-9,Newsletters,French,Newsletter,,2993933,2.9 MB,2021-07-20,https://www.aa.org/fr/box-459,Box 459,1,www.aa.org,ok
1357,Box 459 - Célébrations du 75e anniversaire des AA,https://www.aa.org/sites/default/files/newsletters/fr_box459_fall10.pdf,fr_box459_fall10.pdf,,,,Newsletter: Box 4-5-9,Newsletters,French,Newsletter,,300679,293.6 KB,2021-07-20,https://www.aa.org/fr/box-459,Box 459,1,www.aa.org,ok
1358,Box 459 - Círculo de sobriedad cada vez más amplios caracterizan la Convención Nativoamericana,https://www.aa.org/sites/default/files/newsletters/sp_box459_aug-sept98.pdf,sp_box459_aug-sept98.pdf,,,,Newsletter: Box 4-5-9,Newsletters,Spanish,Newsletter,,1937850,1.8 MB,2021-07-16,https://www.aa.org/es/box-459,Box 459,1,www.aa.org,ok
1359,Box 459 - Cómo se originó el primer distrito de habla hispana de L.A.,https://www.aa.org/sites/default/files/newsletters/sp_box459_aug-sept02.pdf,sp_box459_aug-sept02.pdf,,,,Newsletter: Box 4-5-9,Newsletters,Spanish,Newsletter,,232289,226.8 KB,2021-07-16,https://www.aa.org/es/box-459,Box 459,1,www.aa.org,ok
1360,Box 459 - D.C. - Area A.A.'s Get a Unique Look,https://www.aa.org/sites/default/files/newsletters/en_box459_aug-sept74.pdf,en_box459_aug-sept74.pdf,,,,Newsletter: Box 4-5-9,Newsletters,English,Group Service; Newsletter,,1577382,1.5 MB,2021-07-14,https://www.aa.org/box-459,Box 459,2,www.aa.org,ok
1361,Box 459 - Dark Districts — a Focus for Many Area Delegates,https://www.aa.org/sites/default/files/newsletters/en_box459_febmar06.pdf,en_box459_febmar06.pdf,,,,Newsletter: Box 4-5-9,Newsletters,English,Group Service; Newsletter,,234052,228.6 KB,2021-07-15,https://www.aa.org/box-459,Box 459,1,www.aa.org,ok
1362,Box 459 - De nombreaux projects de publications resserrent I'ordre du jour de 1984,https://www.aa.org/sites/default/files/newsletters/fr_box459_june-july84.pdf,fr_box459_june-july84.pdf,,,,Newsletter: Box 4-5-9,Newsletters,French,Newsletter,1984,4204636,4.0 MB,2021-07-20,https://www.aa.org/fr/box-459,Box 459,1,www.aa.org,ok
1363,Box 459 - De vuelta en prisión — pero esta vez voluntariamente,https://www.aa.org/sites/default/files/newsletters/sp_box459_aug-sept08.pdf,sp_box459_aug-sept08.pdf,,,,Newsletter: Box 4-5-9,Newsletters,Spanish,Newsletter,,198251,193.6 KB,2021-07-16,https://www.aa.org/es/box-459,Box 459,1,www.aa.org,ok
1364,Box 459 - Delegados de 15 Países en la Segunda Reunión de Servicios Mundiales,https://www.aa.org/sites/default/files/newsletters/sp_box459_oct-nov72.pdf,sp_box459_oct-nov72.pdf,,,,Newsletter: Box 4-5-9,Newsletters,Spanish,Newsletter,,492190,480.7 KB,2021-07-19,https://www.aa.org/es/box-459,Box 459,1,www.aa.org,ok
1365,Box 459 - Delegates Carry Message of 35th Conference to Folks Back Home,https://www.aa.org/sites/default/files/newsletters/en_box459_oct-nov85.pdf,en_box459_oct-nov85.pdf,,,,Newsletter: Box 4-5-9,Newsletters,English,Conference; Newsletter,,1920646,1.8 MB,2021-07-14,https://www.aa.org/box-459,Box 459,1,www.aa.org,ok
1366,Box 459 - Departamento de Buenas Noticias,https://www.aa.org/sites/default/files/newsletters/sp_box459_feb-mar67.pdf,sp_box459_feb-mar67.pdf,,,,Newsletter: Box 4-5-9,Newsletters,Spanish,Newsletter,,635676,620.8 KB,2021-07-16,https://www.aa.org/es/box-459,Box 459,1,www.aa.org,ok
1367,Box 459 - Department Reorganization at GSO Aimed at Improving Vital Services,https://www.aa.org/sites/default/files/newsletters/f-36_spring2023_1.pdf,f-36_spring2023_1.pdf,F-36,F-36,"Forms, Catalogs & Order Blanks",Newsletter: Box 4-5-9,Newsletters,English,Newsletter,2023,24497107,23.4 MB,2023-06-01,https://www.aa.org/box-459,Box 459,1,www.aa.org,ok
1368,Box 459 - Des ateliers sur le parrainage apportent une vigueur nouvelle à un district,https://www.aa.org/sites/default/files/newsletters/fr_box459_aug-sept81.pdf,fr_box459_aug-sept81.pdf,,,,Newsletter: Box 4-5-9,Newsletters,French,Group Service; Newsletter,,1113460,1.1 MB,2021-07-20,https://www.aa.org/fr/box-459,Box 459,1,www.aa.org,ok
1369,Box 459 - Des bénéfices personnels sont I'apanage des membres qui servent sur des comités importants,https://www.aa.org/sites/default/files/newsletters/fr_box459_feb-mar85.pdf,fr_box459_feb-mar85.pdf,,,,Newsletter: Box 4-5-9,Newsletters,French,Newsletter,,2949935,2.8 MB,2021-07-20,https://www.aa.org/fr/box-459,Box 459,1,www.aa.org,ok
1370,Box 459 - Des cercles d'abstinence de plus en plus grans marquent le Congrès international AA des Amérindiens,https://www.aa.org/sites/default/files/newsletters/fr_box459_aug-sept98.pdf,fr_box459_aug-sept98.pdf,,,,Newsletter: Box 4-5-9,Newsletters,French,Newsletter,,3238866,3.1 MB,2021-07-20,https://www.aa.org/fr/box-459,Box 459,1,www.aa.org,ok
1371,Box 459 - Des Groupes d'etude du Gros Livre...,https://www.aa.org/sites/default/files/newsletters/fr_box459_oct-nov74.pdf,fr_box459_oct-nov74.pdf,,,,Newsletter: Box 4-5-9,Newsletters,French,Newsletter,,895574,874.6 KB,2021-07-20,https://www.aa.org/fr/box-459,Box 459,1,www.aa.org,ok
1372,Box 459 - Des membres tendent la main aux AA du Dakota Nord inondé,https://www.aa.org/sites/default/files/newsletters/fr_box459_aug-sept97.pdf,fr_box459_aug-sept97.pdf,,,,Newsletter: Box 4-5-9,Newsletters,French,Newsletter,,3162178,3.0 MB,2021-07-20,https://www.aa.org/fr/box-459,Box 459,1,www.aa.org,ok
1373,Box 459 - Des radioamateurs transportent le mouvement et réchauffent les ondes,https://www.aa.org/sites/default/files/newsletters/fr_box459_oct-nov92.pdf,fr_box459_oct-nov92.pdf,,,,Newsletter: Box 4-5-9,Newsletters,French,Newsletter,,2848365,2.7 MB,2021-07-19,https://www.aa.org/fr/box-459,Box 459,1,www.aa.org,ok
1374,Box 459 - Des représentants des A.A. du monde entier ont rendez-vous à Guatemala,https://www.aa.org/sites/default/files/newsletters/fr_box459_aug-sept86.pdf,fr_box459_aug-sept86.pdf,,,,Newsletter: Box 4-5-9,Newsletters,French,Newsletter,,2864621,2.7 MB,2021-07-20,https://www.aa.org/fr/box-459,Box 459,1,www.aa.org,ok
1375,Box 459 - Des témoignages présentement en révision pour inclusion possible dans la quatrième édition du Big Book AA,https://www.aa.org/sites/default/files/newsletters/fr_box459_oct-nov97.pdf,fr_box459_oct-nov97.pdf,,,,Newsletter: Box 4-5-9,Newsletters,French,Newsletter,,2965872,2.8 MB,2021-07-19,https://www.aa.org/fr/box-459,Box 459,1,www.aa.org,ok
1376,Box 459 - Detailed Picture of A.A. Today Emerges From Survey Results,https://www.aa.org/sites/default/files/newsletters/en_box459_oct-nov81.pdf,en_box459_oct-nov81.pdf,,,,Newsletter: Box 4-5-9,Newsletters,English,Survey Data; Newsletter,,816086,797.0 KB,2021-07-14,https://www.aa.org/box-459,Box 459,1,www.aa.org,ok
1377,Box 459 - Deux syndics regionaux seront choisis en 1978,https://www.aa.org/sites/default/files/newsletters/fr_box459_oct-nov77.pdf,fr_box459_oct-nov77.pdf,,,,Newsletter: Box 4-5-9,Newsletters,French,Newsletter,1978,1285769,1.2 MB,2021-07-19,https://www.aa.org/fr/box-459,Box 459,1,www.aa.org,ok
1378,Box 459 - Diferentes Maneras de Animar sus Reuniones,https://www.aa.org/sites/default/files/newsletters/sp_box459_feb-mar69.pdf,sp_box459_feb-mar69.pdf,,,,Newsletter: Box 4-5-9,Newsletters,Spanish,Newsletter,,1107068,1.1 MB,2021-09-03,https://www.aa.org/es/box-459,Box 459,1,www.aa.org,ok
1379,Box 459 - Discussion Meetings Are Influencing A.A. Group Life,https://www.aa.org/sites/default/files/newsletters/en_box459_oct-nov79.pdf,en_box459_oct-nov79.pdf,,,,Newsletter: Box 4-5-9,Newsletters,English,Newsletter,,1303416,1.2 MB,2021-07-14,https://www.aa.org/box-459,Box 459,1,www.aa.org,ok
1380,Box 459 - Distinction Honorifique Franciscaine,https://www.aa.org/sites/default/files/newsletters/fr_box459_aug-sept67.pdf,fr_box459_aug-sept67.pdf,,,,Newsletter: Box 4-5-9,Newsletters,French,Newsletter,,2504919,2.4 MB,2021-07-20,https://www.aa.org/fr/box-459,Box 459,1,www.aa.org,ok
1381,Box 459 - Do Gas Shortage and Inflation Mean Crisis for A.A.?,https://www.aa.org/sites/default/files/newsletters/en_box459_april-may74.pdf,en_box459_april-may74.pdf,,,,Newsletter: Box 4-5-9,Newsletters,English,Newsletter,,1492701,1.4 MB,2021-07-14,https://www.aa.org/box-459,Box 459,1,www.aa.org,ok
1382,Box 459 - Do We Clean Up Our Act After Meetings?,https://www.aa.org/sites/default/files/newsletters/en_box459_feb-mar01.pdf,en_box459_feb-mar01.pdf,,,,Newsletter: Box 4-5-9,Newsletters,English,Newsletter,,2086289,2.0 MB,2021-07-15,https://www.aa.org/box-459,Box 459,1,www.aa.org,ok
1383,Box 459 - Does P.I. Work Do Any Good?,https://www.aa.org/sites/default/files/newsletters/en_box459_feb-mar71_0.pdf,en_box459_feb-mar71_0.pdf,,,,Newsletter: Box 4-5-9,Newsletters,English,Newsletter,,669707,654.0 KB,2021-07-20,https://www.aa.org/box-459,Box 459,1,www.aa.org,ok
1384,Box 459 - Does Your Group Have a Literature Chair?,https://www.aa.org/sites/default/files/newsletters/en_box459_fall13.pdf,en_box459_fall13.pdf,,,,Newsletter: Box 4-5-9,Newsletters,English,Newsletter,,554498,541.5 KB,2021-07-15,https://www.aa.org/box-459,Box 459,1,www.aa.org,ok
1385,Box 459 - Donde Entra la Fuerza de Voluntad,https://www.aa.org/sites/default/files/newsletters/sp_box459_jan63.pdf,sp_box459_jan63.pdf,,,,Newsletter: Box 4-5-9,Newsletters,Spanish,Newsletter,,786259,767.8 KB,2021-07-19,https://www.aa.org/es/box-459,Box 459,1,www.aa.org,ok
1386,Box 459 - Dr. Jack Goes To Germany at Request of U.S. Army,https://www.aa.org/sites/default/files/newsletters/en_box459_april-may72.pdf,en_box459_april-may72.pdf,,,,Newsletter: Box 4-5-9,Newsletters,English,Newsletter,,1000049,976.6 KB,2021-07-14,https://www.aa.org/box-459,Box 459,1,www.aa.org,ok
1387,"Box 459 - Drunks, Diplomats, and Delegates All Walk Down Our Halls",https://www.aa.org/sites/default/files/newsletters/en_box459_feb64.pdf,en_box459_feb64.pdf,,,,Newsletter: Box 4-5-9,Newsletters,English,Newsletter,,643701,628.6 KB,2021-07-15,https://www.aa.org/box-459,Box 459,1,www.aa.org,ok
1388,Box 459 - Edición de Invierno - 2007,https://www.aa.org/sites/default/files/newsletters/sp_box459_holiday07.pdf,sp_box459_holiday07.pdf,,,,Newsletter: Box 4-5-9,Newsletters,Spanish,Newsletter,2007,400987,391.6 KB,2021-07-16,https://www.aa.org/es/box-459,Box 459,1,www.aa.org,ok
1389,Box 459 - Edición de Invierno - 2008,https://www.aa.org/sites/default/files/newsletters/sp_box459_holiday08.pdf,sp_box459_holiday08.pdf,,,,Newsletter: Box 4-5-9,Newsletters,Spanish,Newsletter,2008,440616,430.3 KB,2021-07-16,https://www.aa.org/es/box-459,Box 459,1,www.aa.org,ok
1390,Box 459 - Edición de Invierno - 2009,https://www.aa.org/sites/default/files/newsletters/sp_box459_holiday09.pdf,sp_box459_holiday09.pdf,,,,Newsletter: Box 4-5-9,Newsletters,Spanish,Newsletter,2009,999505,976.1 KB,2021-07-16,https://www.aa.org/es/box-459,Box 459,1,www.aa.org,ok
1391,Box 459 - Edición Navideña,https://www.aa.org/sites/default/files/newsletters/sp_box459_dec-jan66.pdf,sp_box459_dec-jan66.pdf,,,,Newsletter: Box 4-5-9,Newsletters,Spanish,Newsletter,,628351,613.6 KB,2021-09-02,https://www.aa.org/es/box-459,Box 459,1,www.aa.org,ok
1392,Box 459 - Edición Navideña - 2006,https://www.aa.org/sites/default/files/newsletters/sp_box459_holiday06.pdf,sp_box459_holiday06.pdf,,,,Newsletter: Box 4-5-9,Newsletters,Spanish,Newsletter,2006,299813,292.8 KB,2021-07-16,https://www.aa.org/es/box-459,Box 459,1,www.aa.org,ok
1393,Box 459 - Edición Navideña 1968,https://www.aa.org/sites/default/files/newsletters/sp_box459_holiday68.pdf,sp_box459_holiday68.pdf,,,,Newsletter: Box 4-5-9,Newsletters,Spanish,Newsletter,1968,570371,557.0 KB,2021-07-16,https://www.aa.org/es/box-459,Box 459,1,www.aa.org,ok
1394,Box 459 - Edición Navideña 1969 - El Lenguaje del Corazón Alrededor del Mundo,https://www.aa.org/sites/default/files/newsletters/sp_box459_holiday69.pdf,sp_box459_holiday69.pdf,,,,Newsletter: Box 4-5-9,Newsletters,Spanish,Newsletter,1969,564740,551.5 KB,2021-07-16,https://www.aa.org/es/box-459,Box 459,1,www.aa.org,ok
1395,Box 459 - Edición Navideña 1971,https://www.aa.org/sites/default/files/newsletters/sp_box459_holiday71.pdf,sp_box459_holiday71.pdf,,,,Newsletter: Box 4-5-9,Newsletters,Spanish,Newsletter,1971,545942,533.1 KB,2021-07-16,https://www.aa.org/es/box-459,Box 459,1,www.aa.org,ok
1396,Box 459 - Edición Navideña 1972,https://www.aa.org/sites/default/files/newsletters/sp_box459_holiday72.pdf,sp_box459_holiday72.pdf,,,,Newsletter: Box 4-5-9,Newsletters,Spanish,Newsletter,1972,558672,545.6 KB,2021-07-16,https://www.aa.org/es/box-459,Box 459,1,www.aa.org,ok
1397,Box 459 - Edición Navideña 1973,https://www.aa.org/sites/default/files/newsletters/sp_box459_holiday73.pdf,sp_box459_holiday73.pdf,,,,Newsletter: Box 4-5-9,Newsletters,Spanish,Newsletter,1973,611647,597.3 KB,2021-07-16,https://www.aa.org/es/box-459,Box 459,1,www.aa.org,ok
1398,Box 459 - Edición Navideña 1974,https://www.aa.org/sites/default/files/newsletters/sp_box459_holiday74.pdf,sp_box459_holiday74.pdf,,,,Newsletter: Box 4-5-9,Newsletters,Spanish,Newsletter,1974,879697,859.1 KB,2021-07-16,https://www.aa.org/es/box-459,Box 459,1,www.aa.org,ok
1399,Box 459 - Edición Navideña 1975,https://www.aa.org/sites/default/files/newsletters/sp_box459_holiday75.pdf,sp_box459_holiday75.pdf,,,,Newsletter: Box 4-5-9,Newsletters,Spanish,Newsletter,1975,913420,892.0 KB,2021-07-16,https://www.aa.org/es/box-459,Box 459,1,www.aa.org,ok
1400,Box 459 - Edición Navideña 1976,https://www.aa.org/sites/default/files/newsletters/sp_box459_holiday76.pdf,sp_box459_holiday76.pdf,,,,Newsletter: Box 4-5-9,Newsletters,Spanish,Newsletter,1976,922437,900.8 KB,2021-07-16,https://www.aa.org/es/box-459,Box 459,1,www.aa.org,ok
1401,Box 459 - Edición Navideña 1978,https://www.aa.org/sites/default/files/newsletters/sp_box459_holiday78.pdf,sp_box459_holiday78.pdf,,,,Newsletter: Box 4-5-9,Newsletters,Spanish,Newsletter,1978,944201,922.1 KB,2021-07-16,https://www.aa.org/es/box-459,Box 459,1,www.aa.org,ok
1402,Box 459 - Edición Navideña 1979,https://www.aa.org/sites/default/files/newsletters/sp_box459_holiday79.pdf,sp_box459_holiday79.pdf,,,,Newsletter: Box 4-5-9,Newsletters,Spanish,Newsletter,1979,935301,913.4 KB,2021-07-16,https://www.aa.org/es/box-459,Box 459,1,www.aa.org,ok
1403,Box 459 - Edición Navideña 1980,https://www.aa.org/sites/default/files/newsletters/sp_box459_holiday80.pdf,sp_box459_holiday80.pdf,,,,Newsletter: Box 4-5-9,Newsletters,Spanish,Newsletter,1980,937958,916.0 KB,2021-07-16,https://www.aa.org/es/box-459,Box 459,1,www.aa.org,ok
1404,Box 459 - Edición Navideña 1982,https://www.aa.org/sites/default/files/newsletters/sp_box459_holiday82.pdf,sp_box459_holiday82.pdf,,,,Newsletter: Box 4-5-9,Newsletters,Spanish,Newsletter,1982,1031660,1007.5 KB,2021-07-16,https://www.aa.org/es/box-459,Box 459,1,www.aa.org,ok
1405,Box 459 - Edición Navideña 1984,https://www.aa.org/sites/default/files/newsletters/sp_box459_holiday84.pdf,sp_box459_holiday84.pdf,,,,Newsletter: Box 4-5-9,Newsletters,Spanish,Newsletter,1984,1161403,1.1 MB,2021-07-16,https://www.aa.org/es/box-459,Box 459,1,www.aa.org,ok
1406,Box 459 - Edición Navideña 1985,https://www.aa.org/sites/default/files/newsletters/sp_box459_holiday85.pdf,sp_box459_holiday85.pdf,,,,Newsletter: Box 4-5-9,Newsletters,Spanish,Newsletter,1985,2085481,2.0 MB,2021-07-16,https://www.aa.org/es/box-459,Box 459,1,www.aa.org,ok
1407,Box 459 - Edición Navideña 1988,https://www.aa.org/sites/default/files/newsletters/sp_box459_holiday88.pdf,sp_box459_holiday88.pdf,,,,Newsletter: Box 4-5-9,Newsletters,Spanish,Newsletter,1988,2428737,2.3 MB,2021-07-16,https://www.aa.org/es/box-459,Box 459,1,www.aa.org,ok
1408,Box 459 - Edición Navideña 1989,https://www.aa.org/sites/default/files/newsletters/sp_box459_holiday89.pdf,sp_box459_holiday89.pdf,,,,Newsletter: Box 4-5-9,Newsletters,Spanish,Newsletter,1989,2000693,1.9 MB,2021-07-16,https://www.aa.org/es/box-459,Box 459,1,www.aa.org,ok
1409,Box 459 - Edición Navideña 1991,https://www.aa.org/sites/default/files/newsletters/sp_box459_holiday91.pdf,sp_box459_holiday91.pdf,,,,Newsletter: Box 4-5-9,Newsletters,Spanish,Newsletter,1991,1246242,1.2 MB,2021-07-16,https://www.aa.org/es/box-459,Box 459,1,www.aa.org,ok
1410,Box 459 - Edición Navideña 1992,https://www.aa.org/sites/default/files/newsletters/sp_box459_holiday92.pdf,sp_box459_holiday92.pdf,,,,Newsletter: Box 4-5-9,Newsletters,Spanish,Newsletter,1992,2630624,2.5 MB,2021-07-16,https://www.aa.org/es/box-459,Box 459,1,www.aa.org,ok
1411,Box 459 - Edición Navideña 1993,https://www.aa.org/sites/default/files/newsletters/sp_box459_holiday93.pdf,sp_box459_holiday93.pdf,,,,Newsletter: Box 4-5-9,Newsletters,Spanish,Newsletter,1993,2187195,2.1 MB,2021-07-16,https://www.aa.org/es/box-459,Box 459,1,www.aa.org,ok
1412,Box 459 - Edición Navideña 1994,https://www.aa.org/sites/default/files/newsletters/sp_box459_holiday94.pdf,sp_box459_holiday94.pdf,,,,Newsletter: Box 4-5-9,Newsletters,Spanish,Newsletter,1994,2522945,2.4 MB,2021-07-16,https://www.aa.org/es/box-459,Box 459,1,www.aa.org,ok
1413,Box 459 - Edición Navideña 1995,https://www.aa.org/sites/default/files/newsletters/sp_box459_holiday95.pdf,sp_box459_holiday95.pdf,,,,Newsletter: Box 4-5-9,Newsletters,Spanish,Newsletter,1995,2418384,2.3 MB,2021-07-16,https://www.aa.org/es/box-459,Box 459,1,www.aa.org,ok
1414,Box 459 - Edición Navideña 1996,https://www.aa.org/sites/default/files/newsletters/sp_box459_holiday96.pdf,sp_box459_holiday96.pdf,,,,Newsletter: Box 4-5-9,Newsletters,Spanish,Newsletter,1996,1907574,1.8 MB,2021-07-16,https://www.aa.org/es/box-459,Box 459,1,www.aa.org,ok
1415,Box 459 - Edición Navideña 1998,https://www.aa.org/sites/default/files/newsletters/sp_box459_holiday98.pdf,sp_box459_holiday98.pdf,,,,Newsletter: Box 4-5-9,Newsletters,Spanish,Newsletter,1998,2345925,2.2 MB,2021-07-16,https://www.aa.org/es/box-459,Box 459,1,www.aa.org,ok
1416,Box 459 - Edición Navideña 1999,https://www.aa.org/sites/default/files/newsletters/sp_box459_holiday99.pdf,sp_box459_holiday99.pdf,,,,Newsletter: Box 4-5-9,Newsletters,Spanish,Newsletter,1999,2324612,2.2 MB,2021-07-16,https://www.aa.org/es/box-459,Box 459,1,www.aa.org,ok
1417,Box 459 - Edición Navideña 2001,https://www.aa.org/sites/default/files/newsletters/sp_box459_holiday01.pdf,sp_box459_holiday01.pdf,,,,Newsletter: Box 4-5-9,Newsletters,Spanish,Newsletter,2001,1355842,1.3 MB,2021-07-16,https://www.aa.org/es/box-459,Box 459,1,www.aa.org,ok
1418,Box 459 - Edición Navideña 2002,https://www.aa.org/sites/default/files/newsletters/sp_box459_holiday02.pdf,sp_box459_holiday02.pdf,,,,Newsletter: Box 4-5-9,Newsletters,Spanish,Newsletter,2002,204370,199.6 KB,2021-07-16,https://www.aa.org/es/box-459,Box 459,1,www.aa.org,ok
1419,Box 459 - Edición Navideña 2003,https://www.aa.org/sites/default/files/newsletters/sp_box459_holiday03.pdf,sp_box459_holiday03.pdf,,,,Newsletter: Box 4-5-9,Newsletters,Spanish,Newsletter,2003,171977,167.9 KB,2021-07-16,https://www.aa.org/es/box-459,Box 459,1,www.aa.org,ok
1420,Box 459 - Edición Navideña 2004,https://www.aa.org/sites/default/files/newsletters/sp_box459_holiday04.pdf,sp_box459_holiday04.pdf,,,,Newsletter: Box 4-5-9,Newsletters,Spanish,Newsletter,2004,254189,248.2 KB,2021-07-16,https://www.aa.org/es/box-459,Box 459,1,www.aa.org,ok
1421,Box 459 - Edición Navideña 2005,https://www.aa.org/sites/default/files/newsletters/sp_box459_holiday05-06.pdf,sp_box459_holiday05-06.pdf,,,,Newsletter: Box 4-5-9,Newsletters,Spanish,Newsletter,2005,375557,366.8 KB,2021-07-16,https://www.aa.org/es/box-459,Box 459,1,www.aa.org,ok
1422,Box 459 - Ediciôn Navideña 1967,https://www.aa.org/sites/default/files/newsletters/sp_box459_holiday67.pdf,sp_box459_holiday67.pdf,,,,Newsletter: Box 4-5-9,Newsletters,Spanish,Newsletter,1967,576702,563.2 KB,2021-07-16,https://www.aa.org/es/box-459,Box 459,1,www.aa.org,ok
1423,Box 459 - Edition de la Conférence 1975,https://www.aa.org/sites/default/files/newsletters/fr_box459_june-july75.pdf,fr_box459_june-july75.pdf,,,,Newsletter: Box 4-5-9,Newsletters,French,Newsletter,1975,1621577,1.5 MB,2021-07-20,https://www.aa.org/fr/box-459,Box 459,1,www.aa.org,ok
1424,Box 459 - Edition des Fêtes 1974,https://www.aa.org/sites/default/files/newsletters/fr_box459_holiday74.pdf,fr_box459_holiday74.pdf,,,,Newsletter: Box 4-5-9,Newsletters,French,Newsletter,1974,876136,855.6 KB,2021-07-20,https://www.aa.org/fr/box-459,Box 459,1,www.aa.org,ok
1425,Box 459 - Edition des Fêtes 1975,https://www.aa.org/sites/default/files/newsletters/fr_box459_holiday75.pdf,fr_box459_holiday75.pdf,,,,Newsletter: Box 4-5-9,Newsletters,French,Newsletter,1975,993063,969.8 KB,2021-07-20,https://www.aa.org/fr/box-459,Box 459,1,www.aa.org,ok
1426,Box 459 - Edition des Fêtes 1976,https://www.aa.org/sites/default/files/newsletters/fr_box459_holiday76.pdf,fr_box459_holiday76.pdf,,,,Newsletter: Box 4-5-9,Newsletters,French,Newsletter,1976,1651778,1.6 MB,2021-07-20,https://www.aa.org/fr/box-459,Box 459,1,www.aa.org,ok
1427,Box 459 - El Anonimato y la Convención Internacional de 2015,https://www.aa.org/sites/default/files/newsletters/sp_box459_spring15_0_0.pdf,sp_box459_spring15_0_0.pdf,,,,Newsletter: Box 4-5-9,Newsletters,Spanish,Newsletter,2015,1017281,993.4 KB,2021-08-31,https://www.aa.org/es/box-459,Box 459,1,www.aa.org,ok
1428,Box 459 - El anonimato-la humildad en acción,https://www.aa.org/sites/default/files/newsletters/sp_box459_aug-sept96.pdf,sp_box459_aug-sept96.pdf,,,,Newsletter: Box 4-5-9,Newsletters,Spanish,Newsletter,,1911750,1.8 MB,2021-07-16,https://www.aa.org/es/box-459,Box 459,1,www.aa.org,ok
1429,Box 459 - El apadrinamiento es una calle de doble dirección,https://www.aa.org/sites/default/files/newsletters/sp_box459_april-may98.pdf,sp_box459_april-may98.pdf,,,,Newsletter: Box 4-5-9,Newsletters,Spanish,Newsletter,,2160799,2.1 MB,2021-07-15,https://www.aa.org/es/box-459,Box 459,1,www.aa.org,ok
1430,Box 459 - El Comité Internacional Comparte Experiencias de A.A.,https://www.aa.org/sites/default/files/newsletters/sp_box459_aug-sept68.pdf,sp_box459_aug-sept68.pdf,,,,Newsletter: Box 4-5-9,Newsletters,Spanish,Newsletter,,740637,723.3 KB,2021-07-16,https://www.aa.org/es/box-459,Box 459,1,www.aa.org,ok
1431,Box 459 - El Crecimiento de A.A. es de 990% en los Países Latinos,https://www.aa.org/sites/default/files/newsletters/sp_box459_april-may76.pdf,sp_box459_april-may76.pdf,,,,Newsletter: Box 4-5-9,Newsletters,Spanish,Newsletter,,1321510,1.3 MB,2021-07-15,https://www.aa.org/es/box-459,Box 459,1,www.aa.org,ok
1432,Box 459 - El grupo base: el corazón de A.A.,https://www.aa.org/sites/default/files/newsletters/sp_box459_feb-mar90.pdf,sp_box459_feb-mar90.pdf,,,,Newsletter: Box 4-5-9,Newsletters,Spanish,Newsletter,,2318610,2.2 MB,2021-07-16,https://www.aa.org/es/box-459,Box 459,1,www.aa.org,ok
1433,Box 459 - El hombre en la cama,https://www.aa.org/sites/default/files/newsletters/sp_box459_spring12_0.pdf,sp_box459_spring12_0.pdf,,,,Newsletter: Box 4-5-9,Newsletters,Spanish,Newsletter,,2705793,2.6 MB,2021-07-19,https://www.aa.org/es/box-459,Box 459,1,www.aa.org,ok
1434,Box 459 - El hombre en la cama,https://www.aa.org/sites/default/files/newsletters/sp_box459_spring12_1.pdf,sp_box459_spring12_1.pdf,,,,Newsletter: Box 4-5-9,Newsletters,Spanish,Newsletter,,2705793,2.6 MB,2021-09-01,https://www.aa.org/es/box-459,Box 459,1,www.aa.org,ok
1435,Box 459 - El largo camino hacia El Libro Grande en lenguaje sencillo,https://www.aa.org/sites/default/files/newsletters/SF-36_winter2025.pdf,SF-36_winter2025.pdf,SF-36,F-36,"Forms, Catalogs & Order Blanks",Newsletter: Box 4-5-9,Newsletters,Spanish,Newsletter,2025,9424987,9.0 MB,2025-03-03,https://www.aa.org/es/box-459,Box 459,1,www.aa.org,ok
1436,"Box 459 - El Libro Grande cumple 50 años como ""padrino"" mÆs eficaz de A.A.",https://www.aa.org/sites/default/files/newsletters/sp_box459_aug-sept89.pdf,sp_box459_aug-sept89.pdf,,,,Newsletter: Box 4-5-9,Newsletters,Spanish,Newsletter,,1787174,1.7 MB,2021-07-16,https://www.aa.org/es/box-459,Box 459,1,www.aa.org,ok
1437,Box 459 - El Mensaje de A.A. Alcanza 114 Países en,https://www.aa.org/sites/default/files/newsletters/sp_box459_aug-sept84_0.pdf,sp_box459_aug-sept84_0.pdf,,,,Newsletter: Box 4-5-9,Newsletters,Spanish,Newsletter,,1024073,1000.1 KB,2021-07-16,https://www.aa.org/es/box-459,Box 459,1,www.aa.org,ok
1438,Box 459 - El mensaje de A.A. de recuperación sigue difundiéndose por todo el mundo,https://www.aa.org/sites/default/files/newsletters/sp_box459_oct-nov03.pdf,sp_box459_oct-nov03.pdf,,,,Newsletter: Box 4-5-9,Newsletters,Spanish,Newsletter,,126499,123.5 KB,2021-07-19,https://www.aa.org/es/box-459,Box 459,1,www.aa.org,ok
1439,Box 459 - El mensaje de A.A. sin fronteras: la Reunión de Servicio Mundial,https://www.aa.org/sites/default/files/newsletters/sp_box459_feb-mar03.pdf,sp_box459_feb-mar03.pdf,,,,Newsletter: Box 4-5-9,Newsletters,Spanish,Newsletter,,284622,278.0 KB,2021-07-16,https://www.aa.org/es/box-459,Box 459,1,www.aa.org,ok
1440,Box 459 - El Mes de Gratitud puede durar todo el año,https://www.aa.org/sites/default/files/newsletters/sp_box459_oct-nov96.pdf,sp_box459_oct-nov96.pdf,,,,Newsletter: Box 4-5-9,Newsletters,Spanish,Newsletter,,2972052,2.8 MB,2021-07-19,https://www.aa.org/es/box-459,Box 459,1,www.aa.org,ok
1441,Box 459 - El Mes de Gratitud y el Plan de Aniversario,https://www.aa.org/sites/default/files/newsletters/sp_box459_fall16.pdf,sp_box459_fall16.pdf,,,,Newsletter: Box 4-5-9,Newsletters,Spanish,Newsletter,,7827608,7.5 MB,2021-07-16,https://www.aa.org/es/box-459,Box 459,1,www.aa.org,ok
1442,Box 459 - El Padre Ed Dowling — amigo y confidente de Bill,https://www.aa.org/sites/default/files/newsletters/sp_box459_aug-sept06.pdf,sp_box459_aug-sept06.pdf,,,,Newsletter: Box 4-5-9,Newsletters,Spanish,Newsletter,,147908,144.4 KB,2021-07-16,https://www.aa.org/es/box-459,Box 459,1,www.aa.org,ok
1443,"Box 459 - El Papel de la Literatura de A.A.: A la hora de la verdad, reinventen lo básico",https://www.aa.org/sites/default/files/newsletters/sp_box459_aug-sept94.pdf,sp_box459_aug-sept94.pdf,,,,Newsletter: Box 4-5-9,Newsletters,Spanish,Newsletter,,2121482,2.0 MB,2021-07-16,https://www.aa.org/es/box-459,Box 459,1,www.aa.org,ok
1444,Box 459 - El Plan de Cumpleaños,https://www.aa.org/sites/default/files/newsletters/sp_box459_aug62.pdf,sp_box459_aug62.pdf,,,,Newsletter: Box 4-5-9,Newsletters,Spanish,Newsletter,,620552,606.0 KB,2021-07-16,https://www.aa.org/es/box-459,Box 459,1,www.aa.org,ok
1445,Box 459 - El primer foro especial en línea para alcohólicos sordos responde a una necesidad expresada en la Comunidad,https://www.aa.org/sites/default/files/newsletters/SF-36_spring2026.pdf,SF-36_spring2026.pdf,SF-36,F-36,"Forms, Catalogs & Order Blanks",Newsletter: Box 4-5-9,Newsletters,Spanish,Newsletter,2026,3334347,3.2 MB,2026-06-24,https://www.aa.org/es/box-459,Box 459,1,www.aa.org,ok
1446,Box 459 - El seminario de ICOAA: Comunicar un propósito compartido,https://www.aa.org/sites/default/files/newsletters/sp_box459_holiday20.pdf,sp_box459_holiday20.pdf,,,,Newsletter: Box 4-5-9,Newsletters,Spanish,Newsletter,,1585145,1.5 MB,2021-07-16,https://www.aa.org/es/box-459,Box 459,1,www.aa.org,ok
1447,Box 459 - El Servicio A.A.: De las Tazas de Cafe Hasta la Conferencia,https://www.aa.org/sites/default/files/newsletters/sp_box459_aug-sept82.pdf,sp_box459_aug-sept82.pdf,,,,Newsletter: Box 4-5-9,Newsletters,Spanish,Newsletter,,976439,953.6 KB,2021-07-16,https://www.aa.org/es/box-459,Box 459,1,www.aa.org,ok
1448,Box 459 - El trabajo de la Conferencia de Servicios Generales se hace durante todo el año,https://www.aa.org/sites/default/files/newsletters/sp_box459_april-may97.pdf,sp_box459_april-may97.pdf,,,,Newsletter: Box 4-5-9,Newsletters,Spanish,Newsletter,,1951038,1.9 MB,2021-07-15,https://www.aa.org/es/box-459,Box 459,1,www.aa.org,ok
1449,Box 459 - El trabajo de la Conferencia se hace durante todo el año,https://www.aa.org/sites/default/files/newsletters/sp_box459_april-may92.pdf,sp_box459_april-may92.pdf,,,,Newsletter: Box 4-5-9,Newsletters,Spanish,Newsletter,,2099883,2.0 MB,2021-07-15,https://www.aa.org/es/box-459,Box 459,1,www.aa.org,ok
1450,Box 459 - El único requisito...,https://www.aa.org/sites/default/files/newsletters/sp_box459_holiday18.pdf,sp_box459_holiday18.pdf,,,,Newsletter: Box 4-5-9,Newsletters,Spanish,Newsletter,,1455939,1.4 MB,2021-07-16,https://www.aa.org/es/box-459,Box 459,1,www.aa.org,ok
1451,Box 459 - El ‘texto básico’ de A.A. cumple 70 años,https://www.aa.org/sites/default/files/newsletters/sp_box459_fall09.pdf,sp_box459_fall09.pdf,,,,Newsletter: Box 4-5-9,Newsletters,Spanish,Newsletter,,539611,527.0 KB,2021-07-16,https://www.aa.org/es/box-459,Box 459,1,www.aa.org,ok
1452,Box 459 - En A.A. - Noviembre es el Mes de Gratitud,https://www.aa.org/sites/default/files/newsletters/sp_box459_oct-nov94.pdf,sp_box459_oct-nov94.pdf,,,,Newsletter: Box 4-5-9,Newsletters,Spanish,Newsletter,,1980948,1.9 MB,2021-07-19,https://www.aa.org/es/box-459,Box 459,1,www.aa.org,ok
1453,Box 459 - En Memoria de Nuestro Querido Bill,https://www.aa.org/sites/default/files/newsletters/sp_box459_january_billmemorial71.pdf,sp_box459_january_billmemorial71.pdf,,,,Newsletter: Box 4-5-9,Newsletters,Spanish,Newsletter,,861913,841.7 KB,2021-07-19,https://www.aa.org/es/box-459,Box 459,1,www.aa.org,ok
1454,"Box 459 - En Tokyo, un alcohólico ahora puede hablar con otro en español",https://www.aa.org/sites/default/files/newsletters/sp_box459_feb-mar02.pdf,sp_box459_feb-mar02.pdf,,,,Newsletter: Box 4-5-9,Newsletters,Spanish,Newsletter,,242926,237.2 KB,2021-07-16,https://www.aa.org/es/box-459,Box 459,1,www.aa.org,ok
1455,Box 459 - Encourageons les nouveaux à revenir,https://www.aa.org/sites/default/files/newsletters/fr_box459_feb-mar82.pdf,fr_box459_feb-mar82.pdf,,,,Newsletter: Box 4-5-9,Newsletters,French,Newsletter,,1033941,1009.7 KB,2021-07-20,https://www.aa.org/fr/box-459,Box 459,1,www.aa.org,ok
1456,Box 459 - Encuesta de 1986 Confirma lo Previsto,https://www.aa.org/sites/default/files/newsletters/sp_box459_oct-nov87.pdf,sp_box459_oct-nov87.pdf,,,,Newsletter: Box 4-5-9,Newsletters,Spanish,Newsletter,1986,3362025,3.2 MB,2021-07-19,https://www.aa.org/es/box-459,Box 459,1,www.aa.org,ok
1457,Box 459 - Encuesta Revela: Hoy Día Más Jóvenes y Dobleadictos en A.A.,https://www.aa.org/sites/default/files/newsletters/sp_box459_oct-nov84.pdf,sp_box459_oct-nov84.pdf,,,,Newsletter: Box 4-5-9,Newsletters,Spanish,Newsletter,,1025331,1001.3 KB,2021-07-19,https://www.aa.org/es/box-459,Box 459,1,www.aa.org,ok
1458,Box 459 - Enfin prête: La biographie du Dr. Bob,https://www.aa.org/sites/default/files/newsletters/fr_box459_aug-sept80.pdf,fr_box459_aug-sept80.pdf,,,,Newsletter: Box 4-5-9,Newsletters,French,Newsletter,,1966897,1.9 MB,2021-07-20,https://www.aa.org/fr/box-459,Box 459,1,www.aa.org,ok
1459,Box 459 - Enfrentando la incertidumbre con resiliencia: OSG en la pandemia,https://www.aa.org/sites/default/files/newsletters/sp_box459_summer_2020_0.pdf,sp_box459_summer_2020_0.pdf,,,,Newsletter: Box 4-5-9,Newsletters,Spanish,Newsletter,2020,752128,734.5 KB,2021-07-19,https://www.aa.org/es/box-459,Box 459,1,www.aa.org,ok
1460,Box 459 - Entendu à travers les branches…,https://www.aa.org/sites/default/files/newsletters/FF-36_Box_4-5-9_Summer_2022_0.pdf,FF-36_Box_4-5-9_Summer_2022_0.pdf,FF-36,F-36,"Forms, Catalogs & Order Blanks",Newsletter: Box 4-5-9,Newsletters,French,Newsletter,2022,5612750,5.4 MB,2022-08-15,https://www.aa.org/fr/box-459,Box 459,1,www.aa.org,ok
1461,Box 459 - Entrer jeune chez les AA et demeurer abstinent,https://www.aa.org/sites/default/files/newsletters/fr_box459_oct-nov07.pdf,fr_box459_oct-nov07.pdf,,,,Newsletter: Box 4-5-9,Newsletters,French,Newsletter,,219231,214.1 KB,2021-07-20,https://www.aa.org/fr/box-459,Box 459,1,www.aa.org,ok
1462,Box 459 - Es hora de hacer la rotación en la G.S.O.,https://www.aa.org/sites/default/files/newsletters/sp_box459_aug-sept99.pdf,sp_box459_aug-sept99.pdf,,,,Newsletter: Box 4-5-9,Newsletters,Spanish,Newsletter,,2104947,2.0 MB,2021-07-16,https://www.aa.org/es/box-459,Box 459,1,www.aa.org,ok
1463,Box 459 - Escogido el Lugar para la Conferencia Internacional de 1980,https://www.aa.org/sites/default/files/newsletters/sp_box459_june-july76.pdf,sp_box459_june-july76.pdf,,,,Newsletter: Box 4-5-9,Newsletters,Spanish,Newsletter,1980,825509,806.2 KB,2021-07-19,https://www.aa.org/es/box-459,Box 459,1,www.aa.org,ok
1464,Box 459 - Esperando que Hayan Disfrutado de una Feliz Nochebuena...,https://www.aa.org/sites/default/files/newsletters/sp_box459_feb65.pdf,sp_box459_feb65.pdf,,,,Newsletter: Box 4-5-9,Newsletters,Spanish,Newsletter,,626008,611.3 KB,2021-09-02,https://www.aa.org/es/box-459,Box 459,1,www.aa.org,ok
1465,"Box 459 - Estudio de A.A. Hecho en 1974, Paso Doce en Forma Masiva, Comprueba que ""A.A. Funciona""",https://www.aa.org/sites/default/files/newsletters/sp_box459_feb-mar75.pdf,sp_box459_feb-mar75.pdf,,,,Newsletter: Box 4-5-9,Newsletters,Spanish,Newsletter; Form / Application,1974,924739,903.1 KB,2021-07-16,https://www.aa.org/es/box-459,Box 459,1,www.aa.org,ok
1466,Box 459 - Exitoso Resultado de la Segunda Reunión Ibero-Americana de Servicios de A.A.,https://www.aa.org/sites/default/files/newsletters/sp_box459_oct-nov81.pdf,sp_box459_oct-nov81.pdf,,,,Newsletter: Box 4-5-9,Newsletters,Spanish,Newsletter,,943610,921.5 KB,2021-07-19,https://www.aa.org/es/box-459,Box 459,1,www.aa.org,ok
1467,Box 459 - Faisons-noulse ménage après les réunions ?,https://www.aa.org/sites/default/files/newsletters/fr_box459_feb-mar01.pdf,fr_box459_feb-mar01.pdf,,,,Newsletter: Box 4-5-9,Newsletters,French,Newsletter,,1125255,1.1 MB,2021-07-20,https://www.aa.org/fr/box-459,Box 459,1,www.aa.org,ok
1468,Box 459 - Fall 2018 - To Be Young... and Sober,https://www.aa.org/sites/default/files/newsletters/en_box459_fall18.pdf,en_box459_fall18.pdf,,,,Newsletter: Box 4-5-9,Newsletters,English,Young People; Newsletter; Sobriety,2018,1643859,1.6 MB,2021-07-15,https://www.aa.org/box-459,Box 459,1,www.aa.org,ok
1469,Box 459 - Father Ed Dowling — Bill W.'s Confidant…,https://www.aa.org/sites/default/files/newsletters/en_box459_aug-sept06.pdf,en_box459_aug-sept06.pdf,,,,Newsletter: Box 4-5-9,Newsletters,English,Newsletter,,2486643,2.4 MB,2021-07-14,https://www.aa.org/box-459,Box 459,1,www.aa.org,ok
1470,Box 459 - First-ever Special Online Forum for Deaf Alcoholics Responds to Expressed Need in the Fellowship,https://www.aa.org/sites/default/files/newsletters/F-36_spring2026_1.pdf,F-36_spring2026_1.pdf,F-36,F-36,"Forms, Catalogs & Order Blanks",Newsletter: Box 4-5-9,Newsletters,English,Accessibility; Public Information; Regional Forum; Newsletter,2026,2675680,2.6 MB,2026-07-30,https://www.aa.org/box-459,Box 459,1,www.aa.org,ok
1471,Box 459 - Five Regions to Nominate Board Members,https://www.aa.org/sites/default/files/newsletters/en_box459_aug-sept66.pdf,en_box459_aug-sept66.pdf,,,,Newsletter: Box 4-5-9,Newsletters,English,Newsletter,,1546904,1.5 MB,2021-07-14,https://www.aa.org/box-459,Box 459,1,www.aa.org,ok
1472,Box 459 - For G.S.R.s - A New Information Sheet is Now Available…,https://www.aa.org/sites/default/files/newsletters/en_box459_mar60.pdf,en_box459_mar60.pdf,,,,Newsletter: Box 4-5-9,Newsletters,English,Newsletter; Form / Application,,2685130,2.6 MB,2021-07-14,https://www.aa.org/box-459,Box 459,1,www.aa.org,ok
1473,Box 459 - Formulario de encuesta para 1992 cambia de apariencia,https://www.aa.org/sites/default/files/newsletters/sp_box459_feb-mar92.pdf,sp_box459_feb-mar92.pdf,,,,Newsletter: Box 4-5-9,Newsletters,Spanish,Newsletter; Form / Application,1992,2203663,2.1 MB,2021-07-16,https://www.aa.org/es/box-459,Box 459,1,www.aa.org,ok
1474,Box 459 - Four 'Service Principles' Suggested,https://www.aa.org/sites/default/files/newsletters/en_box459_june56.pdf,en_box459_june56.pdf,,,,Newsletter: Box 4-5-9,Newsletters,English,Newsletter,,676230,660.4 KB,2021-07-15,https://www.aa.org/box-459,Box 459,1,www.aa.org,ok
1475,Box 459 - Frank Gulden - A Great Friend,https://www.aa.org/sites/default/files/newsletters/en_box459_feb-mar61.pdf,en_box459_feb-mar61.pdf,,,,Newsletter: Box 4-5-9,Newsletters,English,Newsletter,,306,306 B,2021-07-15,https://www.aa.org/box-459,Box 459,1,www.aa.org,ok
1476,Box 459 - Future of A.A. Glimpsed at Conference,https://www.aa.org/sites/default/files/newsletters/en_box459_aug-sept68.pdf,en_box459_aug-sept68.pdf,,,,Newsletter: Box 4-5-9,Newsletters,English,Conference; Newsletter,,678764,662.9 KB,2021-07-14,https://www.aa.org/box-459,Box 459,1,www.aa.org,ok
1477,Box 459 - G.S.O. Offers 'Literature Packages',https://www.aa.org/sites/default/files/newsletters/en_box459_july58.pdf,en_box459_july58.pdf,,,,Newsletter: Box 4-5-9,Newsletters,English,Newsletter,,922594,901.0 KB,2021-07-15,https://www.aa.org/box-459,Box 459,1,www.aa.org,ok
1478,Box 459 - G.S.O.'s Evolving Web Site Undergoes Another Overhaul,https://www.aa.org/sites/default/files/newsletters/en_box459_april-may06.pdf,en_box459_april-may06.pdf,,,,Newsletter: Box 4-5-9,Newsletters,English,Newsletter,,492379,480.8 KB,2021-07-14,https://www.aa.org/box-459,Box 459,1,www.aa.org,ok
1479,Box 459 - Gigantyesco Paso Hacia Adelante para A.A. en Iberoamérica,https://www.aa.org/sites/default/files/newsletters/sp_box459_feb-mar80.pdf,sp_box459_feb-mar80.pdf,,,,Newsletter: Box 4-5-9,Newsletters,Spanish,Newsletter,,430482,420.4 KB,2021-07-16,https://www.aa.org/es/box-459,Box 459,1,www.aa.org,ok
1480,Box 459 - Grandes Cosas se Cuecen Dentro y Fuera de A.A.,https://www.aa.org/sites/default/files/newsletters/sp_box459_feb-mar73.pdf,sp_box459_feb-mar73.pdf,,,,Newsletter: Box 4-5-9,Newsletters,Spanish,Newsletter,,546310,533.5 KB,2021-07-16,https://www.aa.org/es/box-459,Box 459,1,www.aa.org,ok
1481,Box 459 - Gratitud - desde las Repúblicas Rusas,https://www.aa.org/sites/default/files/newsletters/sp_box459_oct-nov95.pdf,sp_box459_oct-nov95.pdf,,,,Newsletter: Box 4-5-9,Newsletters,Spanish,Newsletter,,2403283,2.3 MB,2021-07-19,https://www.aa.org/es/box-459,Box 459,1,www.aa.org,ok
1482,Box 459 - Gratitude Makes Waves in the Caribbean,https://www.aa.org/sites/default/files/newsletters/en_box459_april-may96.pdf,en_box459_april-may96.pdf,,,,Newsletter: Box 4-5-9,Newsletters,English,Newsletter,,3367031,3.2 MB,2021-07-14,https://www.aa.org/box-459,Box 459,1,www.aa.org,ok
1483,Box 459 - Gratitude Month and the Birthday Plan,https://www.aa.org/sites/default/files/newsletters/en_box459_fall16.pdf,en_box459_fall16.pdf,,,,Newsletter: Box 4-5-9,Newsletters,English,Newsletter,,932367,910.5 KB,2021-07-15,https://www.aa.org/box-459,Box 459,1,www.aa.org,ok
1484,Box 459 - Gratitude Month Can Last All Year Long,https://www.aa.org/sites/default/files/newsletters/en_box459_oct-nov96.pdf,en_box459_oct-nov96.pdf,,,,Newsletter: Box 4-5-9,Newsletters,English,Newsletter,,3307407,3.2 MB,2021-07-14,https://www.aa.org/box-459,Box 459,1,www.aa.org,ok
1485,Box 459 - Gratitude Month- Our Chance to Say 'Thank You!',https://www.aa.org/sites/default/files/newsletters/en_box459_oct-nov00.pdf,en_box459_oct-nov00.pdf,,,,Newsletter: Box 4-5-9,Newsletters,English,Newsletter,,2140497,2.0 MB,2021-07-14,https://www.aa.org/box-459,Box 459,1,www.aa.org,ok
1486,Box 459 - Gratitude — from the Russian Republics,https://www.aa.org/sites/default/files/newsletters/en_box459_oct-nov95.pdf,en_box459_oct-nov95.pdf,,,,Newsletter: Box 4-5-9,Newsletters,English,Newsletter,,3089004,2.9 MB,2021-07-14,https://www.aa.org/box-459,Box 459,1,www.aa.org,ok
1487,"Box 459 - Gratitude, Responsibility Shape Conference Actions",https://www.aa.org/sites/default/files/newsletters/en_box459_june-july73.pdf,en_box459_june-july73.pdf,,,,Newsletter: Box 4-5-9,Newsletters,English,Conference; Newsletter,,926364,904.7 KB,2021-07-15,https://www.aa.org/box-459,Box 459,1,www.aa.org,ok
1488,Box 459 - Group Conscience at Work,https://www.aa.org/sites/default/files/newsletters/en_box459_june-july67.pdf,en_box459_june-july67.pdf,,,,Newsletter: Box 4-5-9,Newsletters,English,Newsletter,,865808,845.5 KB,2021-07-15,https://www.aa.org/box-459,Box 459,1,www.aa.org,ok
1489,Box 459 - Group Conscience Guides A.A.,https://www.aa.org/sites/default/files/newsletters/en_box459_conference69.pdf,en_box459_conference69.pdf,,,,Newsletter: Box 4-5-9,Newsletters,English,Conference; Newsletter; Workbook / Kit,,796022,777.4 KB,2021-07-14,https://www.aa.org/box-459,Box 459,1,www.aa.org,ok
1490,Box 459 - Group Displays of Books Surveyed,https://www.aa.org/sites/default/files/newsletters/en_box459_mar57.pdf,en_box459_mar57.pdf,,,,Newsletter: Box 4-5-9,Newsletters,English,Survey Data; Newsletter,,684387,668.3 KB,2021-07-14,https://www.aa.org/box-459,Box 459,1,www.aa.org,ok
1491,Box 459 - Groups Asked to Conduct Census,https://www.aa.org/sites/default/files/newsletters/en_box459_aug58.pdf,en_box459_aug58.pdf,,,,Newsletter: Box 4-5-9,Newsletters,English,Newsletter,,979763,956.8 KB,2021-07-14,https://www.aa.org/box-459,Box 459,1,www.aa.org,ok
1492,Box 459 - Groups Respond to Birthday Plan in Many Areas,https://www.aa.org/sites/default/files/newsletters/en_box459_july56.pdf,en_box459_july56.pdf,,,,Newsletter: Box 4-5-9,Newsletters,English,Newsletter,,685158,669.1 KB,2021-07-15,https://www.aa.org/box-459,Box 459,1,www.aa.org,ok
1493,Box 459 - Groups Scan Trustee Ratio Change,https://www.aa.org/sites/default/files/newsletters/en_box459_dec58.pdf,en_box459_dec58.pdf,,,,Newsletter: Box 4-5-9,Newsletters,English,Newsletter,,1524763,1.5 MB,2021-07-15,https://www.aa.org/box-459,Box 459,1,www.aa.org,ok
1494,Box 459 - Growing Need for A.A. Services,https://www.aa.org/sites/default/files/newsletters/en_box459_june-july70.pdf,en_box459_june-july70.pdf,,,,Newsletter: Box 4-5-9,Newsletters,English,Newsletter,,1400337,1.3 MB,2021-07-15,https://www.aa.org/box-459,Box 459,1,www.aa.org,ok
1495,"Box 459 - Growth, Progress Noted Overseas",https://www.aa.org/sites/default/files/newsletters/en_box459_feb57.pdf,en_box459_feb57.pdf,,,,Newsletter: Box 4-5-9,Newsletters,English,Newsletter,,772256,754.2 KB,2021-07-15,https://www.aa.org/box-459,Box 459,1,www.aa.org,ok
1496,Box 459 - Grupos Hispanos en Estados Unidos/Canada,https://www.aa.org/sites/default/files/newsletters/sp_box459_feb-mar78.pdf,sp_box459_feb-mar78.pdf,,,,Newsletter: Box 4-5-9,Newsletters,Spanish,Newsletter,,917640,896.1 KB,2021-07-16,https://www.aa.org/es/box-459,Box 459,1,www.aa.org,ok
1497,Box 459 - GSO Welcomes Two New Staff Members,https://www.aa.org/sites/default/files/newsletters/f-36_winter2023_0.pdf,f-36_winter2023_0.pdf,F-36,F-36,"Forms, Catalogs & Order Blanks",Newsletter: Box 4-5-9,Newsletters,English,Newsletter,2023,1514053,1.4 MB,2024-04-04,https://www.aa.org/box-459,Box 459,1,www.aa.org,ok
1498,Box 459 - HAAM Radio Carries Fellowship and Warmth 'Over the AAirwaves',https://www.aa.org/sites/default/files/newsletters/en_box459_oct-nov92.pdf,en_box459_oct-nov92.pdf,,,,Newsletter: Box 4-5-9,Newsletters,English,Newsletter,,3381429,3.2 MB,2021-07-14,https://www.aa.org/box-459,Box 459,1,www.aa.org,ok
1499,Box 459 - Hace Algun Bien el Trabajo de Información Pública?,https://www.aa.org/sites/default/files/newsletters/sp_box459_feb-mar71.pdf,sp_box459_feb-mar71.pdf,,,,Newsletter: Box 4-5-9,Newsletters,Spanish,Newsletter; Form / Application,,2700311,2.6 MB,2021-07-20,https://www.aa.org/es/box-459,Box 459,1,www.aa.org,ok
1500,Box 459 - Hacer A.A. accesible para el alcohólico con necesidades especiales,https://www.aa.org/sites/default/files/newsletters/sp_box459_oct-nov91.pdf,sp_box459_oct-nov91.pdf,,,,Newsletter: Box 4-5-9,Newsletters,Spanish,Newsletter,,1384969,1.3 MB,2021-07-19,https://www.aa.org/es/box-459,Box 459,1,www.aa.org,ok
1501,Box 459 - Haciendo camino para el futuro: La renovación...,https://www.aa.org/sites/default/files/newsletters/sp_box459_spring10_0.pdf,sp_box459_spring10_0.pdf,,,,Newsletter: Box 4-5-9,Newsletters,Spanish,Newsletter,,1249189,1.2 MB,2021-07-19,https://www.aa.org/es/box-459,Box 459,1,www.aa.org,ok
1502,Box 459 - Has Your Group Looked in the Mirror Lately?,https://www.aa.org/sites/default/files/newsletters/en_box459_april-may08.pdf,en_box459_april-may08.pdf,,,,Newsletter: Box 4-5-9,Newsletters,English,Newsletter,,245762,240.0 KB,2021-07-14,https://www.aa.org/box-459,Box 459,1,www.aa.org,ok
1503,Box 459 - Have You Thought About Anonymity Lately?,https://www.aa.org/sites/default/files/newsletters/en_box459_aug-sept88.pdf,en_box459_aug-sept88.pdf,,,,Newsletter: Box 4-5-9,Newsletters,English,Anonymity; Newsletter,,1974987,1.9 MB,2021-07-14,https://www.aa.org/box-459,Box 459,1,www.aa.org,ok
1504,Box 459 - Hazel R. Dies at Home After Surgery,https://www.aa.org/sites/default/files/newsletters/en_box459_oct-nov71.pdf,en_box459_oct-nov71.pdf,,,,Newsletter: Box 4-5-9,Newsletters,English,Newsletter,,815739,796.6 KB,2021-07-14,https://www.aa.org/box-459,Box 459,1,www.aa.org,ok
1505,Box 459 - Historic Meeting Place,https://www.aa.org/sites/default/files/newsletters/en_box459_may61.pdf,en_box459_may61.pdf,,,,Newsletter: Box 4-5-9,Newsletters,English,Newsletter,,462661,451.8 KB,2021-07-14,https://www.aa.org/box-459,Box 459,1,www.aa.org,ok
1506,Box 459 - Hiver 2009,https://www.aa.org/sites/default/files/newsletters/fr_box459_holiday09.pdf,fr_box459_holiday09.pdf,,,,Newsletter: Box 4-5-9,Newsletters,French,Newsletter,2009,314275,306.9 KB,2021-07-20,https://www.aa.org/fr/box-459,Box 459,1,www.aa.org,ok
1507,Box 459 - Hiver 2010,https://www.aa.org/sites/default/files/newsletters/fr_box459_winter10.pdf,fr_box459_winter10.pdf,,,,Newsletter: Box 4-5-9,Newsletters,French,Newsletter,2010,1175735,1.1 MB,2021-07-19,https://www.aa.org/fr/box-459,Box 459,1,www.aa.org,ok
1508,Box 459 - Hiver 2011,https://www.aa.org/sites/default/files/newsletters/fr_box459_winter11_1.pdf,fr_box459_winter11_1.pdf,,,,Newsletter: Box 4-5-9,Newsletters,French,Newsletter,2011,1393804,1.3 MB,2021-07-19,https://www.aa.org/fr/box-459,Box 459,1,www.aa.org,ok
1509,Box 459 - Hiver 2013,https://www.aa.org/sites/default/files/newsletters/fr_box459_holiday13.pdf,fr_box459_holiday13.pdf,,,,Newsletter: Box 4-5-9,Newsletters,French,Newsletter,2013,934136,912.2 KB,2021-07-20,https://www.aa.org/fr/box-459,Box 459,1,www.aa.org,ok
1510,Box 459 - Hiver 2014,https://www.aa.org/sites/default/files/newsletters/fr_box459_holiday14.pdf,fr_box459_holiday14.pdf,,,,Newsletter: Box 4-5-9,Newsletters,French,Newsletter,2014,1580572,1.5 MB,2021-07-20,https://www.aa.org/fr/box-459,Box 459,1,www.aa.org,ok
1511,Box 459 - Hiver 2015,https://www.aa.org/sites/default/files/newsletters/fr_box459_holiday15.pdf,fr_box459_holiday15.pdf,,,,Newsletter: Box 4-5-9,Newsletters,French,Newsletter,2015,1167555,1.1 MB,2021-09-01,https://www.aa.org/fr/box-459,Box 459,1,www.aa.org,ok
1512,Box 459 - Hiver 2016,https://www.aa.org/sites/default/files/newsletters/fr_box459_holiday16.pdf,fr_box459_holiday16.pdf,,,,Newsletter: Box 4-5-9,Newsletters,French,Newsletter,2016,1418137,1.4 MB,2021-07-20,https://www.aa.org/fr/box-459,Box 459,1,www.aa.org,ok
1513,Box 459 - Holiday Issue 1971,https://www.aa.org/sites/default/files/newsletters/en_box459_holiday71.pdf,en_box459_holiday71.pdf,,,,Newsletter: Box 4-5-9,Newsletters,English,Newsletter,1971,595415,581.5 KB,2021-07-15,https://www.aa.org/box-459,Box 459,1,www.aa.org,ok
1514,Box 459 - Holiday Issue 1972,https://www.aa.org/sites/default/files/newsletters/en_box459_holiday72.pdf,en_box459_holiday72.pdf,,,,Newsletter: Box 4-5-9,Newsletters,English,Newsletter,1972,655973,640.6 KB,2021-07-15,https://www.aa.org/box-459,Box 459,1,www.aa.org,ok
1515,Box 459 - Holiday Issue 1973,https://www.aa.org/sites/default/files/newsletters/en_box459_holiday73.pdf,en_box459_holiday73.pdf,,,,Newsletter: Box 4-5-9,Newsletters,English,Newsletter,1973,690217,674.0 KB,2021-07-15,https://www.aa.org/box-459,Box 459,1,www.aa.org,ok
1516,Box 459 - Holiday Issue 1974,https://www.aa.org/sites/default/files/newsletters/en_box459_holiday74.pdf,en_box459_holiday74.pdf,,,,Newsletter: Box 4-5-9,Newsletters,English,Newsletter,1974,1175252,1.1 MB,2021-07-15,https://www.aa.org/box-459,Box 459,1,www.aa.org,ok
1517,Box 459 - Holiday Issue 1975,https://www.aa.org/sites/default/files/newsletters/en_box459_holiday75.pdf,en_box459_holiday75.pdf,,,,Newsletter: Box 4-5-9,Newsletters,English,Newsletter,1975,1205984,1.2 MB,2021-07-15,https://www.aa.org/box-459,Box 459,1,www.aa.org,ok
1518,Box 459 - Holiday Issue 1976,https://www.aa.org/sites/default/files/newsletters/en_box459_holiday76.pdf,en_box459_holiday76.pdf,,,,Newsletter: Box 4-5-9,Newsletters,English,Newsletter,1976,1231010,1.2 MB,2021-07-15,https://www.aa.org/box-459,Box 459,1,www.aa.org,ok
1519,Box 459 - Holiday Issue 1977,https://www.aa.org/sites/default/files/newsletters/en_box459_holiday77.pdf,en_box459_holiday77.pdf,,,,Newsletter: Box 4-5-9,Newsletters,English,Newsletter,1977,1216295,1.2 MB,2021-07-15,https://www.aa.org/box-459,Box 459,1,www.aa.org,ok
1520,Box 459 - Holiday Issue 1978,https://www.aa.org/sites/default/files/newsletters/en_box459_holiday78.pdf,en_box459_holiday78.pdf,,,,Newsletter: Box 4-5-9,Newsletters,English,Newsletter,1978,1311585,1.3 MB,2021-07-15,https://www.aa.org/box-459,Box 459,1,www.aa.org,ok
1521,Box 459 - Holiday Issue 1979,https://www.aa.org/sites/default/files/newsletters/en_box459_holiday79.pdf,en_box459_holiday79.pdf,,,,Newsletter: Box 4-5-9,Newsletters,English,Newsletter,1979,1491558,1.4 MB,2021-07-15,https://www.aa.org/box-459,Box 459,1,www.aa.org,ok
1522,Box 459 - Holiday Issue 1980,https://www.aa.org/sites/default/files/newsletters/en_box459_holiday80.pdf,en_box459_holiday80.pdf,,,,Newsletter: Box 4-5-9,Newsletters,English,Newsletter,1980,1400505,1.3 MB,2021-07-15,https://www.aa.org/box-459,Box 459,1,www.aa.org,ok
1523,Box 459 - Holiday Issue 1981,https://www.aa.org/sites/default/files/newsletters/en_box459_holiday81.pdf,en_box459_holiday81.pdf,,,,Newsletter: Box 4-5-9,Newsletters,English,Newsletter,1981,869493,849.1 KB,2021-07-15,https://www.aa.org/box-459,Box 459,1,www.aa.org,ok
1524,Box 459 - Holiday Issue 1982,https://www.aa.org/sites/default/files/newsletters/en_box459_holiday82.pdf,en_box459_holiday82.pdf,,,,Newsletter: Box 4-5-9,Newsletters,English,Newsletter,1982,1440098,1.4 MB,2021-07-15,https://www.aa.org/box-459,Box 459,1,www.aa.org,ok
1525,Box 459 - Holiday Issue 1983,https://www.aa.org/sites/default/files/newsletters/en_box459_holiday83.pdf,en_box459_holiday83.pdf,,,,Newsletter: Box 4-5-9,Newsletters,English,Newsletter,1983,886121,865.4 KB,2021-07-15,https://www.aa.org/box-459,Box 459,1,www.aa.org,ok
1526,Box 459 - Holiday Issue 1984,https://www.aa.org/sites/default/files/newsletters/en_box459_holiday84.pdf,en_box459_holiday84.pdf,,,,Newsletter: Box 4-5-9,Newsletters,English,Newsletter,1984,1281081,1.2 MB,2021-07-15,https://www.aa.org/box-459,Box 459,1,www.aa.org,ok
1527,Box 459 - Holiday Issue 1985,https://www.aa.org/sites/default/files/newsletters/en_box459_holiday85.pdf,en_box459_holiday85.pdf,,,,Newsletter: Box 4-5-9,Newsletters,English,Newsletter,1985,1977470,1.9 MB,2021-07-15,https://www.aa.org/box-459,Box 459,1,www.aa.org,ok
1528,Box 459 - Holiday Issue 1986,https://www.aa.org/sites/default/files/newsletters/en_box459_holiday86.pdf,en_box459_holiday86.pdf,,,,Newsletter: Box 4-5-9,Newsletters,English,Newsletter,1986,1913950,1.8 MB,2021-07-15,https://www.aa.org/box-459,Box 459,1,www.aa.org,ok
1529,Box 459 - Holiday Issue 1987,https://www.aa.org/sites/default/files/newsletters/en_box459_holiday87.pdf,en_box459_holiday87.pdf,,,,Newsletter: Box 4-5-9,Newsletters,English,Newsletter,1987,2142990,2.0 MB,2021-07-15,https://www.aa.org/box-459,Box 459,1,www.aa.org,ok
1530,Box 459 - Holiday Issue 1988,https://www.aa.org/sites/default/files/newsletters/en_box459_holiday88.pdf,en_box459_holiday88.pdf,,,,Newsletter: Box 4-5-9,Newsletters,English,Newsletter,1988,1939785,1.8 MB,2021-07-15,https://www.aa.org/box-459,Box 459,1,www.aa.org,ok
1531,Box 459 - Holiday Issue 1989,https://www.aa.org/sites/default/files/newsletters/en_box459_holiday89.pdf,en_box459_holiday89.pdf,,,,Newsletter: Box 4-5-9,Newsletters,English,Newsletter,1989,1967727,1.9 MB,2021-07-15,https://www.aa.org/box-459,Box 459,1,www.aa.org,ok
1532,Box 459 - Holiday Issue 1990,https://www.aa.org/sites/default/files/newsletters/en_box459_holiday90.pdf,en_box459_holiday90.pdf,,,,Newsletter: Box 4-5-9,Newsletters,English,Newsletter,1990,2968953,2.8 MB,2021-07-15,https://www.aa.org/box-459,Box 459,2,www.aa.org,ok
1533,Box 459 - Holiday Issue 1991,https://www.aa.org/sites/default/files/newsletters/en_box459_holiday91.pdf,en_box459_holiday91.pdf,,,,Newsletter: Box 4-5-9,Newsletters,English,Newsletter,1991,2134696,2.0 MB,2021-07-15,https://www.aa.org/box-459,Box 459,1,www.aa.org,ok
1534,Box 459 - Holiday Issue 1992,https://www.aa.org/sites/default/files/newsletters/en_box459_holiday92.pdf,en_box459_holiday92.pdf,,,,Newsletter: Box 4-5-9,Newsletters,English,Newsletter,1992,3515935,3.4 MB,2021-07-15,https://www.aa.org/box-459,Box 459,1,www.aa.org,ok
1535,Box 459 - Holiday Issue 1993,https://www.aa.org/sites/default/files/newsletters/en_box459_holiday93.pdf,en_box459_holiday93.pdf,,,,Newsletter: Box 4-5-9,Newsletters,English,Newsletter,1993,3006692,2.9 MB,2021-07-15,https://www.aa.org/box-459,Box 459,1,www.aa.org,ok
1536,Box 459 - Holiday Issue 1994,https://www.aa.org/sites/default/files/newsletters/en_box459_holiday94.pdf,en_box459_holiday94.pdf,,,,Newsletter: Box 4-5-9,Newsletters,English,Newsletter,1994,2240350,2.1 MB,2021-07-15,https://www.aa.org/box-459,Box 459,1,www.aa.org,ok
1537,Box 459 - Holiday Issue 1995,https://www.aa.org/sites/default/files/newsletters/en_box459_holiday95.pdf,en_box459_holiday95.pdf,,,,Newsletter: Box 4-5-9,Newsletters,English,Newsletter,1995,3405945,3.2 MB,2021-07-15,https://www.aa.org/box-459,Box 459,1,www.aa.org,ok
1538,Box 459 - Holiday Issue 1996,https://www.aa.org/sites/default/files/newsletters/en_box459_holiday96.pdf,en_box459_holiday96.pdf,,,,Newsletter: Box 4-5-9,Newsletters,English,Newsletter,1996,2590350,2.5 MB,2021-07-15,https://www.aa.org/box-459,Box 459,1,www.aa.org,ok
1539,Box 459 - Holiday Issue 1997,https://www.aa.org/sites/default/files/newsletters/en_box459_holiday97.pdf,en_box459_holiday97.pdf,,,,Newsletter: Box 4-5-9,Newsletters,English,Newsletter,1997,3023222,2.9 MB,2021-07-15,https://www.aa.org/box-459,Box 459,1,www.aa.org,ok
1540,Box 459 - Holiday Issue 1998,https://www.aa.org/sites/default/files/newsletters/en_box459_holiday98.pdf,en_box459_holiday98.pdf,,,,Newsletter: Box 4-5-9,Newsletters,English,Newsletter,1998,1888588,1.8 MB,2021-07-15,https://www.aa.org/box-459,Box 459,1,www.aa.org,ok
1541,Box 459 - Holiday Issue 1999,https://www.aa.org/sites/default/files/newsletters/en_box459_holiday99.pdf,en_box459_holiday99.pdf,,,,Newsletter: Box 4-5-9,Newsletters,English,Newsletter,1999,2540628,2.4 MB,2021-07-15,https://www.aa.org/box-459,Box 459,1,www.aa.org,ok
1542,Box 459 - Holiday Issue 2000,https://www.aa.org/sites/default/files/newsletters/en_box459_holiday00.pdf,en_box459_holiday00.pdf,,,,Newsletter: Box 4-5-9,Newsletters,English,Newsletter,2000,2088374,2.0 MB,2021-07-15,https://www.aa.org/box-459,Box 459,1,www.aa.org,ok
1543,Box 459 - Holiday Issue 2001,https://www.aa.org/sites/default/files/newsletters/en_box459_holiday01.pdf,en_box459_holiday01.pdf,,,,Newsletter: Box 4-5-9,Newsletters,English,Newsletter,2001,1283236,1.2 MB,2021-07-15,https://www.aa.org/box-459,Box 459,1,www.aa.org,ok
1544,Box 459 - Holiday Issue 2002,https://www.aa.org/sites/default/files/newsletters/en_box459_holiday02.pdf,en_box459_holiday02.pdf,,,,Newsletter: Box 4-5-9,Newsletters,English,Newsletter,2002,316329,308.9 KB,2021-07-15,https://www.aa.org/box-459,Box 459,1,www.aa.org,ok
1545,Box 459 - Holiday Issue 2003,https://www.aa.org/sites/default/files/newsletters/en_box459_holiday03.pdf,en_box459_holiday03.pdf,,,,Newsletter: Box 4-5-9,Newsletters,English,Newsletter,2003,645876,630.7 KB,2021-07-15,https://www.aa.org/box-459,Box 459,1,www.aa.org,ok
1546,Box 459 - Holiday Issue 2004,https://www.aa.org/sites/default/files/newsletters/en_box459_holiday04.pdf,en_box459_holiday04.pdf,,,,Newsletter: Box 4-5-9,Newsletters,English,Newsletter,2004,5346469,5.1 MB,2021-07-15,https://www.aa.org/box-459,Box 459,1,www.aa.org,ok
1547,Box 459 - Holiday Issue 2005,https://www.aa.org/sites/default/files/newsletters/en_box459_holiday05-06_0.pdf,en_box459_holiday05-06_0.pdf,,,,Newsletter: Box 4-5-9,Newsletters,English,Newsletter,2005,456968,446.3 KB,2021-07-16,https://www.aa.org/box-459,Box 459,1,www.aa.org,ok
1548,Box 459 - Holiday Issue 2006,https://www.aa.org/sites/default/files/newsletters/en_box459_holiday06.pdf,en_box459_holiday06.pdf,,,,Newsletter: Box 4-5-9,Newsletters,English,Newsletter,2006,369605,360.9 KB,2021-07-15,https://www.aa.org/box-459,Box 459,1,www.aa.org,ok
1549,Box 459 - Holiday Issue 2007,https://www.aa.org/sites/default/files/newsletters/en_box459_holiday07.pdf,en_box459_holiday07.pdf,,,,Newsletter: Box 4-5-9,Newsletters,English,Newsletter,2007,721619,704.7 KB,2021-07-15,https://www.aa.org/box-459,Box 459,1,www.aa.org,ok
1550,Box 459 - Holiday Issue 2008,https://www.aa.org/sites/default/files/newsletters/en_box459_holiday08.pdf,en_box459_holiday08.pdf,,,,Newsletter: Box 4-5-9,Newsletters,English,Newsletter,2008,775305,757.1 KB,2021-07-15,https://www.aa.org/box-459,Box 459,1,www.aa.org,ok
1551,Box 459 - Holiday Issue 2012,https://www.aa.org/sites/default/files/newsletters/en_box459_holiday12.pdf,en_box459_holiday12.pdf,,,,Newsletter: Box 4-5-9,Newsletters,English,Newsletter,2012,2605311,2.5 MB,2021-07-15,https://www.aa.org/box-459,Box 459,1,www.aa.org,ok
1552,Box 459 - Holiday Issue 2013,https://www.aa.org/sites/default/files/newsletters/en_box459_holiday13.pdf,en_box459_holiday13.pdf,,,,Newsletter: Box 4-5-9,Newsletters,English,Newsletter,2013,1843990,1.8 MB,2021-07-15,https://www.aa.org/box-459,Box 459,1,www.aa.org,ok
1553,Box 459 - Holiday Issue 2014,https://www.aa.org/sites/default/files/newsletters/en_box459_holiday14.pdf,en_box459_holiday14.pdf,,,,Newsletter: Box 4-5-9,Newsletters,English,Newsletter,2014,1567941,1.5 MB,2021-07-15,https://www.aa.org/box-459,Box 459,1,www.aa.org,ok
1554,Box 459 - Holiday Issue 2015,https://www.aa.org/sites/default/files/newsletters/en_box459_holiday15.pdf,en_box459_holiday15.pdf,,,,Newsletter: Box 4-5-9,Newsletters,English,Newsletter,2015,970702,948.0 KB,2021-07-15,https://www.aa.org/box-459,Box 459,1,www.aa.org,ok
1555,Box 459 - Holiday Issue 2016,https://www.aa.org/sites/default/files/newsletters/en_box459_holiday16.pdf,en_box459_holiday16.pdf,,,,Newsletter: Box 4-5-9,Newsletters,English,Newsletter,2016,2138911,2.0 MB,2021-07-15,https://www.aa.org/box-459,Box 459,1,www.aa.org,ok
1556,Box 459 - Holiday Spirit Prevails in A.A.,https://www.aa.org/sites/default/files/newsletters/en_box459_holiday68.pdf,en_box459_holiday68.pdf,,,,Newsletter: Box 4-5-9,Newsletters,English,Newsletter,,641424,626.4 KB,2021-07-15,https://www.aa.org/box-459,Box 459,1,www.aa.org,ok
1557,Box 459 - Homebound — But Not Alone or…,https://www.aa.org/sites/default/files/newsletters/en_box459_april-may02.pdf,en_box459_april-may02.pdf,,,,Newsletter: Box 4-5-9,Newsletters,English,Newsletter,,229428,224.1 KB,2021-07-14,https://www.aa.org/box-459,Box 459,1,www.aa.org,ok
1558,"Box 459 - How About Our ""Responsibilities of Service""?",https://www.aa.org/sites/default/files/newsletters/en_box459_dec62.pdf,en_box459_dec62.pdf,,,,Newsletter: Box 4-5-9,Newsletters,English,Newsletter,,656560,641.2 KB,2021-07-15,https://www.aa.org/box-459,Box 459,1,www.aa.org,ok
1559,Box 459 - How do A.A. Films Happen? A Behind-the-Scene Look,https://www.aa.org/sites/default/files/newsletters/en_box459_feb-mar88.pdf,en_box459_feb-mar88.pdf,,,,Newsletter: Box 4-5-9,Newsletters,English,Newsletter,,1869695,1.8 MB,2021-07-15,https://www.aa.org/box-459,Box 459,1,www.aa.org,ok
1560,Box 459 - How Do Groups Cope With the Moving Blues?,https://www.aa.org/sites/default/files/newsletters/en_box459_oct-nov93.pdf,en_box459_oct-nov93.pdf,,,,Newsletter: Box 4-5-9,Newsletters,English,Newsletter,,3354182,3.2 MB,2021-07-14,https://www.aa.org/box-459,Box 459,1,www.aa.org,ok
1561,Box 459 - How Good Groups Get Better,https://www.aa.org/sites/default/files/newsletters/en_box459_feb-mar72.pdf,en_box459_feb-mar72.pdf,,,,Newsletter: Box 4-5-9,Newsletters,English,Newsletter,,588009,574.2 KB,2021-07-15,https://www.aa.org/box-459,Box 459,1,www.aa.org,ok
1562,Box 459 - How Healthy is your Group?,https://www.aa.org/sites/default/files/newsletters/en_box459_sept-oct64.pdf,en_box459_sept-oct64.pdf,,,,Newsletter: Box 4-5-9,Newsletters,English,Newsletter,,639890,624.9 KB,2021-07-14,https://www.aa.org/box-459,Box 459,2,www.aa.org,ok
1563,Box 459 - How L.A.'s First…,https://www.aa.org/sites/default/files/newsletters/en_box459_aug-sept02.pdf,en_box459_aug-sept02.pdf,,,,Newsletter: Box 4-5-9,Newsletters,English,Newsletter,,378209,369.3 KB,2021-07-14,https://www.aa.org/box-459,Box 459,1,www.aa.org,ok
1564,Box 459 - How the A.A. Booklet 'Came to Believe...' Can Change Lives,https://www.aa.org/sites/default/files/newsletters/en_box459_oct-nov77.pdf,en_box459_oct-nov77.pdf,,,,Newsletter: Box 4-5-9,Newsletters,English,Newsletter,,1193519,1.1 MB,2021-07-14,https://www.aa.org/box-459,Box 459,1,www.aa.org,ok
1565,Box 459 - How We Can All Help Carry the Message Overseas,https://www.aa.org/sites/default/files/newsletters/en_box459_dec63.pdf,en_box459_dec63.pdf,,,,Newsletter: Box 4-5-9,Newsletters,English,Newsletter,,573571,560.1 KB,2021-07-15,https://www.aa.org/box-459,Box 459,1,www.aa.org,ok
1566,"Box 459 - Huracán Katrina — un año después""",https://www.aa.org/sites/default/files/newsletters/sp_box459_oct-nov06.pdf,sp_box459_oct-nov06.pdf,,,,Newsletter: Box 4-5-9,Newsletters,Spanish,Newsletter,,161313,157.5 KB,2021-07-19,https://www.aa.org/es/box-459,Box 459,1,www.aa.org,ok
1567,Box 459 - Hurricane Katrina — One Year Later,https://www.aa.org/sites/default/files/newsletters/en_box459_oct-nov06.pdf,en_box459_oct-nov06.pdf,,,,Newsletter: Box 4-5-9,Newsletters,English,Newsletter,,10940362,10.4 MB,2021-07-14,https://www.aa.org/box-459,Box 459,1,www.aa.org,ok
1568,Box 459 - I Heard It Through the….,https://www.aa.org/sites/default/files/newsletters/F-36_Box_4-5-9_Summer_2022_0.pdf,F-36_Box_4-5-9_Summer_2022_0.pdf,F-36,F-36,"Forms, Catalogs & Order Blanks",Newsletter: Box 4-5-9,Newsletters,English,Newsletter,2022,5642428,5.4 MB,2022-08-15,https://www.aa.org/box-459,Box 459,1,www.aa.org,ok
1569,Box 459 - Identification Is 'The Essence of Our Common Bond',https://www.aa.org/sites/default/files/newsletters/en_box459_feb-mar97.pdf,en_box459_feb-mar97.pdf,,,,Newsletter: Box 4-5-9,Newsletters,English,Newsletter,,3129237,3.0 MB,2021-07-15,https://www.aa.org/box-459,Box 459,1,www.aa.org,ok
1570,Box 459 - Il n'est jamais trop tard pour commencer à vivre abstinent,https://www.aa.org/sites/default/files/newsletters/fr_box459_oct-nov98_0.pdf,fr_box459_oct-nov98_0.pdf,,,,Newsletter: Box 4-5-9,Newsletters,French,Newsletter,,2985789,2.8 MB,2021-07-19,https://www.aa.org/fr/box-459,Box 459,1,www.aa.org,ok
1571,"Box 459 - Ils retournent en prison – cette fois, de leur propre gré",https://www.aa.org/sites/default/files/newsletters/fr_box459_aug-sept08.pdf,fr_box459_aug-sept08.pdf,,,,Newsletter: Box 4-5-9,Newsletters,French,Corrections; Newsletter,,201061,196.3 KB,2021-07-20,https://www.aa.org/fr/box-459,Box 459,1,www.aa.org,ok
1572,Box 459 - In A.A. — November is Gratitude Month,https://www.aa.org/sites/default/files/newsletters/en_box459_oct-nov94.pdf,en_box459_oct-nov94.pdf,,,,Newsletter: Box 4-5-9,Newsletters,English,Newsletter,,3083191,2.9 MB,2021-07-14,https://www.aa.org/box-459,Box 459,1,www.aa.org,ok
1573,"Box 459 - In Tokyo, One Alcoholic Can Now Talk With Another In Español",https://www.aa.org/sites/default/files/newsletters/en_box459_feb-mar02.pdf,en_box459_feb-mar02.pdf,,,,Newsletter: Box 4-5-9,Newsletters,English,Newsletter,,299158,292.1 KB,2021-07-15,https://www.aa.org/box-459,Box 459,1,www.aa.org,ok
1574,Box 459 - Informa a tu grupo acerca del secreto mejor guardado de A.A. — Box 4-5-9,https://www.aa.org/sites/default/files/newsletters/sp_box459_oct-nov02.pdf,sp_box459_oct-nov02.pdf,,,,Newsletter: Box 4-5-9,Newsletters,Spanish,Newsletter; Form / Application,,92209,90.0 KB,2021-07-19,https://www.aa.org/es/box-459,Box 459,1,www.aa.org,ok
1575,Box 459 - Intergroup/Central Office: Then and Now,https://www.aa.org/sites/default/files/newsletters/en_box459_fall17.pdf,en_box459_fall17.pdf,,,,Newsletter: Box 4-5-9,Newsletters,English,Newsletter,,1876198,1.8 MB,2021-07-15,https://www.aa.org/box-459,Box 459,1,www.aa.org,ok
1576,Box 459 - Intergroup/Central Offices: A.A.'s Front Line,https://www.aa.org/sites/default/files/newsletters/en_box459_aug-sept07.pdf,en_box459_aug-sept07.pdf,,,,Newsletter: Box 4-5-9,Newsletters,English,Newsletter,,371673,363.0 KB,2021-07-14,https://www.aa.org/box-459,Box 459,1,www.aa.org,ok
1577,Box 459 - International Franciscan Award to A.A.,https://www.aa.org/sites/default/files/newsletters/en_box459_aug-sept67.pdf,en_box459_aug-sept67.pdf,,,,Newsletter: Box 4-5-9,Newsletters,English,Newsletter,,838495,818.8 KB,2021-07-14,https://www.aa.org/box-459,Box 459,1,www.aa.org,ok
1578,Box 459 - Introducing Kleina Jones,https://www.aa.org/sites/default/files/newsletters/en_box459_july61.pdf,en_box459_july61.pdf,,,,Newsletter: Box 4-5-9,Newsletters,English,Newsletter,,473174,462.1 KB,2021-07-15,https://www.aa.org/box-459,Box 459,1,www.aa.org,ok
1579,Box 459 - Introducing the New ‘Jacketless’ Big Book: A Solution to Better Serve the Fellowship and Carry the Message,https://www.aa.org/sites/default/files/newsletters/F-36_Box_4-5-9_Winter_2022_0.pdf,F-36_Box_4-5-9_Winter_2022_0.pdf,F-36,F-36,"Forms, Catalogs & Order Blanks",Newsletter: Box 4-5-9,Newsletters,English,Newsletter,2022,545834,533.0 KB,2023-01-12,https://www.aa.org/box-459,Box 459,1,www.aa.org,ok
1580,Box 459 - Invierno 2010,https://www.aa.org/sites/default/files/newsletters/sp_box459_winter10_1.pdf,sp_box459_winter10_1.pdf,,,,Newsletter: Box 4-5-9,Newsletters,Spanish,Newsletter,2010,1074199,1.0 MB,2021-07-19,https://www.aa.org/es/box-459,Box 459,1,www.aa.org,ok
1581,Box 459 - Invierno 2011,https://www.aa.org/sites/default/files/newsletters/sp_box459_winter11_0.pdf,sp_box459_winter11_0.pdf,,,,Newsletter: Box 4-5-9,Newsletters,Spanish,Newsletter,2011,1104101,1.1 MB,2021-07-19,https://www.aa.org/es/box-459,Box 459,1,www.aa.org,ok
1582,Box 459 - Invierno 2012,https://www.aa.org/sites/default/files/newsletters/sp_box459_holiday12.pdf,sp_box459_holiday12.pdf,,,,Newsletter: Box 4-5-9,Newsletters,Spanish,Newsletter,2012,2866272,2.7 MB,2021-07-16,https://www.aa.org/es/box-459,Box 459,1,www.aa.org,ok
1583,Box 459 - Invierno 2013,https://www.aa.org/sites/default/files/newsletters/sp_box459_holiday13.pdf,sp_box459_holiday13.pdf,,,,Newsletter: Box 4-5-9,Newsletters,Spanish,Newsletter,2013,1749107,1.7 MB,2021-07-16,https://www.aa.org/es/box-459,Box 459,1,www.aa.org,ok
1584,Box 459 - Invierno 2014,https://www.aa.org/sites/default/files/newsletters/sp_box459_holiday14.pdf,sp_box459_holiday14.pdf,,,,Newsletter: Box 4-5-9,Newsletters,Spanish,Newsletter,2014,961125,938.6 KB,2021-07-16,https://www.aa.org/es/box-459,Box 459,1,www.aa.org,ok
1585,Box 459 - Invierno 2015,https://www.aa.org/sites/default/files/newsletters/sp_box459_holiday15.pdf,sp_box459_holiday15.pdf,,,,Newsletter: Box 4-5-9,Newsletters,Spanish,Newsletter,2015,848520,828.6 KB,2021-07-16,https://www.aa.org/es/box-459,Box 459,1,www.aa.org,ok
1586,Box 459 - Invierno 2016,https://www.aa.org/sites/default/files/newsletters/sp_box459_holiday16.pdf,sp_box459_holiday16.pdf,,,,Newsletter: Box 4-5-9,Newsletters,Spanish,Newsletter,2016,1861172,1.8 MB,2021-07-16,https://www.aa.org/es/box-459,Box 459,1,www.aa.org,ok
1587,Box 459 - Invitación Especial del Ejército de los Estados Unidos al Dr. Norris,https://www.aa.org/sites/default/files/newsletters/sp_box459_april-may72.pdf,sp_box459_april-may72.pdf,,,,Newsletter: Box 4-5-9,Newsletters,Spanish,Newsletter,,554373,541.4 KB,2021-07-15,https://www.aa.org/es/box-459,Box 459,1,www.aa.org,ok
1588,Box 459 - Is Your Group in Close Touch With A.A. as a Whole?,https://www.aa.org/sites/default/files/newsletters/en_box459_aug-sept78.pdf,en_box459_aug-sept78.pdf,,,,Newsletter: Box 4-5-9,Newsletters,English,Newsletter,,1507150,1.4 MB,2021-07-14,https://www.aa.org/box-459,Box 459,1,www.aa.org,ok
1589,Box 459 - It Is Never Too Late to Start Living Sober,https://www.aa.org/sites/default/files/newsletters/en_box459_oct-nov98.pdf,en_box459_oct-nov98.pdf,,,,Newsletter: Box 4-5-9,Newsletters,English,Newsletter; Sobriety,,1728256,1.6 MB,2021-07-14,https://www.aa.org/box-459,Box 459,1,www.aa.org,ok
1590,Box 459 - Journée de partage au BSG — Une table bien garnie,https://www.aa.org/sites/default/files/newsletters/fr_box459_spring20.pdf,fr_box459_spring20.pdf,,,,Newsletter: Box 4-5-9,Newsletters,French,Newsletter,,1117857,1.1 MB,2021-07-19,https://www.aa.org/fr/box-459,Box 459,1,www.aa.org,ok
1591,Box 459 - Joven... y Sobrio,https://www.aa.org/sites/default/files/newsletters/sp_box459_fall18.pdf,sp_box459_fall18.pdf,,,,Newsletter: Box 4-5-9,Newsletters,Spanish,Newsletter,,1679249,1.6 MB,2021-07-16,https://www.aa.org/es/box-459,Box 459,1,www.aa.org,ok
1592,Box 459 - King-Size Sharing…,https://www.aa.org/sites/default/files/newsletters/en_box459_april-may64.pdf,en_box459_april-may64.pdf,,,,Newsletter: Box 4-5-9,Newsletters,English,Newsletter,,650499,635.3 KB,2021-07-14,https://www.aa.org/box-459,Box 459,2,www.aa.org,ok
1593,"Box 459 - L'accès aux AA des alcooliques aux ""besoins spéciaux››",https://www.aa.org/sites/default/files/newsletters/fr_box459_oct-nov91.pdf,fr_box459_oct-nov91.pdf,,,,Newsletter: Box 4-5-9,Newsletters,French,Newsletter,,3227585,3.1 MB,2021-07-19,https://www.aa.org/fr/box-459,Box 459,1,www.aa.org,ok
1594,Box 459 - L'Anonymat : L'humilité à l'æuvre,https://www.aa.org/sites/default/files/newsletters/fr_box459_aug-sept96.pdf,fr_box459_aug-sept96.pdf,,,,Newsletter: Box 4-5-9,Newsletters,French,Newsletter,,3559496,3.4 MB,2021-07-20,https://www.aa.org/fr/box-459,Box 459,1,www.aa.org,ok
1595,Box 459 - L'atmosphere de fete commence a A.A.,https://www.aa.org/sites/default/files/newsletters/fr_box459_holiday68.pdf,fr_box459_holiday68.pdf,,,,Newsletter: Box 4-5-9,Newsletters,French,Newsletter,,793388,774.8 KB,2021-07-20,https://www.aa.org/fr/box-459,Box 459,1,www.aa.org,ok
1596,Box 459 - L'enquete A.A. 1974 fait un tres fort de Douzeieme Etape,https://www.aa.org/sites/default/files/newsletters/fr_box459_feb-mar75.pdf,fr_box459_feb-mar75.pdf,,,,Newsletter: Box 4-5-9,Newsletters,French,Newsletter,1974,1172695,1.1 MB,2021-07-20,https://www.aa.org/fr/box-459,Box 459,1,www.aa.org,ok
1597,Box 459 - L'identiffication est l'essence du lien commun qui nous unit,https://www.aa.org/sites/default/files/newsletters/fr_box459_feb-mar97.pdf,fr_box459_feb-mar97.pdf,,,,Newsletter: Box 4-5-9,Newsletters,French,Newsletter,,3157857,3.0 MB,2021-07-20,https://www.aa.org/fr/box-459,Box 459,1,www.aa.org,ok
1598,Box 459 - L'information publique acomplit-elle son oeuvre,https://www.aa.org/sites/default/files/newsletters/fr_box459_feb-mar71.pdf,fr_box459_feb-mar71.pdf,,,,Newsletter: Box 4-5-9,Newsletters,French,Newsletter; Form / Application,,629723,615.0 KB,2021-07-20,https://www.aa.org/fr/box-459,Box 459,1,www.aa.org,ok
1599,Box 459 - La 15e Réunion des Services mondiaux,https://www.aa.org/sites/default/files/newsletters/fr_box459_feb-mar99.pdf,fr_box459_feb-mar99.pdf,,,,Newsletter: Box 4-5-9,Newsletters,French,Newsletter,,3076323,2.9 MB,2021-07-20,https://www.aa.org/fr/box-459,Box 459,1,www.aa.org,ok
1600,Box 459 - La 18ª Reunión de Servicio Mundial,https://www.aa.org/sites/default/files/newsletters/sp_box459_febmar05.pdf,sp_box459_febmar05.pdf,,,,Newsletter: Box 4-5-9,Newsletters,Spanish,Newsletter,,175573,171.5 KB,2021-07-16,https://www.aa.org/es/box-459,Box 459,1,www.aa.org,ok
1601,Box 459 - La 26.ª Reunión de Servicio Mundial Virtual,https://www.aa.org/sites/default/files/newsletters/fr_box459_spring21.pdf,fr_box459_spring21.pdf,,,,Newsletter: Box 4-5-9,Newsletters,French,Newsletter,,531758,519.3 KB,2021-07-19,https://www.aa.org/fr/box-459,Box 459,1,www.aa.org,ok
1602,Box 459 - La 26.ª Reunión de Servicio Mundial Virtual,https://www.aa.org/sites/default/files/newsletters/sp_box459_spring21_0.pdf,sp_box459_spring21_0.pdf,,,,Newsletter: Box 4-5-9,Newsletters,Spanish,Newsletter,,524853,512.6 KB,2021-07-19,https://www.aa.org/es/box-459,Box 459,1,www.aa.org,ok
1603,Box 459 - La 27e Conference prend le groupe A.A. comme theme,https://www.aa.org/sites/default/files/newsletters/fr_box459_feb-mar77.pdf,fr_box459_feb-mar77.pdf,,,,Newsletter: Box 4-5-9,Newsletters,French,Conference; Newsletter,,1584247,1.5 MB,2021-07-20,https://www.aa.org/fr/box-459,Box 459,1,www.aa.org,ok
1604,Box 459 - La 28e Conférence approuve le project d'un film sur A.A.,https://www.aa.org/sites/default/files/newsletters/fr_box459_june-july78.pdf,fr_box459_june-july78.pdf,,,,Newsletter: Box 4-5-9,Newsletters,French,Newsletter,,2098913,2.0 MB,2021-07-20,https://www.aa.org/fr/box-459,Box 459,1,www.aa.org,ok
1605,"Box 459 - La 29e Conférence donne son approbation au film reportage ""A.A. - An Inside View""",https://www.aa.org/sites/default/files/newsletters/fr_box459_june-july79.pdf,fr_box459_june-july79.pdf,,,,Newsletter: Box 4-5-9,Newsletters,French,Newsletter; Report,,2696317,2.6 MB,2021-07-20,https://www.aa.org/fr/box-459,Box 459,1,www.aa.org,ok
1606,Box 459 - La 31e Conférence appelée à choisir le site du congrès 1985,https://www.aa.org/sites/default/files/newsletters/fr_box459_april-may81.pdf,fr_box459_april-may81.pdf,,,,Newsletter: Box 4-5-9,Newsletters,French,Newsletter,1985,1278013,1.2 MB,2021-07-19,https://www.aa.org/fr/box-459,Box 459,1,www.aa.org,ok
1607,Box 459 - La 33e conférence approfondit la douzième tradition,https://www.aa.org/sites/default/files/newsletters/fr_box459_april-may83.pdf,fr_box459_april-may83.pdf,,,,Newsletter: Box 4-5-9,Newsletters,French,Twelve Traditions; Newsletter,,1817966,1.7 MB,2021-07-19,https://www.aa.org/fr/box-459,Box 459,1,www.aa.org,ok
1608,Box 459 - La 34e Conférence - Une occasion de manifester sa reconnaissance,https://www.aa.org/sites/default/files/newsletters/fr_box459_april-may84.pdf,fr_box459_april-may84.pdf,,,,Newsletter: Box 4-5-9,Newsletters,French,Newsletter,,1615143,1.5 MB,2021-07-19,https://www.aa.org/fr/box-459,Box 459,1,www.aa.org,ok
1609,Box 459 - La 36a Conferencia Destaca la Responsabilidad de A.A.,https://www.aa.org/sites/default/files/newsletters/sp_box459_april-may86.pdf,sp_box459_april-may86.pdf,,,,Newsletter: Box 4-5-9,Newsletters,Spanish,Newsletter,,2303762,2.2 MB,2021-07-15,https://www.aa.org/es/box-459,Box 459,1,www.aa.org,ok
1610,Box 459 - La 36e Conférence se penche sur son avenir,https://www.aa.org/sites/default/files/newsletters/fr_box459_june-july86.pdf,fr_box459_june-july86.pdf,,,,Newsletter: Box 4-5-9,Newsletters,French,Newsletter,,3839043,3.7 MB,2021-07-20,https://www.aa.org/fr/box-459,Box 459,1,www.aa.org,ok
1611,"Box 459 - La 37a Conferencia de Servicios Generales - ""La Séptima Tradición - Un Punto Crucial""",https://www.aa.org/sites/default/files/newsletters/sp_box459_june-july87.pdf,sp_box459_june-july87.pdf,,,,Newsletter: Box 4-5-9,Newsletters,Spanish,Newsletter,,2357317,2.2 MB,2021-07-19,https://www.aa.org/es/box-459,Box 459,1,www.aa.org,ok
1612,Box 459 - La 38. Conférence des Services généraux - <<Notre but unique - La clé de I'unité>>,https://www.aa.org/sites/default/files/newsletters/fr_box459_june-july88.pdf,fr_box459_june-july88.pdf,,,,Newsletter: Box 4-5-9,Newsletters,French,Newsletter,,4025991,3.8 MB,2021-07-20,https://www.aa.org/fr/box-459,Box 459,1,www.aa.org,ok
1613,"Box 459 - La 38a Conferencia - ""Unicidad de propósito""",https://www.aa.org/sites/default/files/newsletters/sp_box459_april-may88.pdf,sp_box459_april-may88.pdf,,,,Newsletter: Box 4-5-9,Newsletters,Spanish,Newsletter,,2112607,2.0 MB,2021-07-15,https://www.aa.org/es/box-459,Box 459,1,www.aa.org,ok
1614,Box 459 - La 38a Conferencia de Servicios Generales,https://www.aa.org/sites/default/files/newsletters/sp_box459_june-july88.pdf,sp_box459_june-july88.pdf,,,,Newsletter: Box 4-5-9,Newsletters,Spanish,Newsletter,,2703388,2.6 MB,2021-07-19,https://www.aa.org/es/box-459,Box 459,1,www.aa.org,ok
1615,Box 459 - La 38e Conférence - << un seul but...>>,https://www.aa.org/sites/default/files/newsletters/fr_box459_april-may88.pdf,fr_box459_april-may88.pdf,,,,Newsletter: Box 4-5-9,Newsletters,French,Newsletter,,3123613,3.0 MB,2021-07-19,https://www.aa.org/fr/box-459,Box 459,1,www.aa.org,ok
1616,Box 459 - La 39a Conferencia de Servicios Generales: El Anonimato - Viviendo Nuestras Tradiciones,https://www.aa.org/sites/default/files/newsletters/sp_box459_june-july89.pdf,sp_box459_june-july89.pdf,,,,Newsletter: Box 4-5-9,Newsletters,Spanish,Newsletter,,2294198,2.2 MB,2021-07-19,https://www.aa.org/es/box-459,Box 459,1,www.aa.org,ok
1617,Box 459 - La 39e Conférence des Services généraux - <<L'anonymat - Vivre nos traditions>>,https://www.aa.org/sites/default/files/newsletters/fr_box459_june-july89.pdf,fr_box459_june-july89.pdf,,,,Newsletter: Box 4-5-9,Newsletters,French,Twelve Traditions; Newsletter,,3510227,3.3 MB,2021-07-20,https://www.aa.org/fr/box-459,Box 459,1,www.aa.org,ok
1618,Box 459 - La 40e Conférence des Services généraux - << Le groupe d'attache - Notre responsabilité et notre lien pour I'avenir d'AA >>,https://www.aa.org/sites/default/files/newsletters/fr_box459_june-july90.pdf,fr_box459_june-july90.pdf,,,,Newsletter: Box 4-5-9,Newsletters,French,Newsletter,,3246068,3.1 MB,2021-07-20,https://www.aa.org/fr/box-459,Box 459,1,www.aa.org,ok
1619,Box 459 - La 42e Conférence des Services généraux - ‹‹ Le messaged es AA dans un monde en évolution››,https://www.aa.org/sites/default/files/newsletters/fr_box459_june-july92.pdf,fr_box459_june-july92.pdf,,,,Newsletter: Box 4-5-9,Newsletters,French,Newsletter,,3571763,3.4 MB,2021-07-20,https://www.aa.org/fr/box-459,Box 459,1,www.aa.org,ok
1620,"Box 459 - La 42’ Conferencia de Servicios Generates ""El Mensaje de A.A. en un Mundo Cambiante""",https://www.aa.org/sites/default/files/newsletters/sp_box459_june-july92.pdf,sp_box459_june-july92.pdf,,,,Newsletter: Box 4-5-9,Newsletters,Spanish,Newsletter,,2553775,2.4 MB,2021-07-19,https://www.aa.org/es/box-459,Box 459,1,www.aa.org,ok
1621,Box 459 - La 44e Conférence des Services généraux x << L'esprit de sacrifice >>,https://www.aa.org/sites/default/files/newsletters/fr_box459_june-july94.pdf,fr_box459_june-july94.pdf,,,,Newsletter: Box 4-5-9,Newsletters,French,Newsletter,,3643462,3.5 MB,2021-07-20,https://www.aa.org/fr/box-459,Box 459,1,www.aa.org,ok
1622,Box 459 - La 45e Conférence des Services généraux ‹‹ Transmettons-le - notre triple héritage ››,https://www.aa.org/sites/default/files/newsletters/fr_box459_oct-nov95_0.pdf,fr_box459_oct-nov95_0.pdf,,,,Newsletter: Box 4-5-9,Newsletters,French,Newsletter,,2707572,2.6 MB,2021-07-20,https://www.aa.org/fr/box-459,Box 459,1,www.aa.org,ok
1623,"Box 459 - La 46 Conferencia de Servicios Generales ""Nuestro Desafío: Preservar Nuesfra Comunidad""",https://www.aa.org/sites/default/files/newsletters/sp_box459_june-july96.pdf,sp_box459_june-july96.pdf,,,,Newsletter: Box 4-5-9,Newsletters,Spanish,Newsletter,,2410015,2.3 MB,2021-07-19,https://www.aa.org/es/box-459,Box 459,1,www.aa.org,ok
1624,Box 459 - La 46e Conférence des S ervices généraux ‹‹ Notre défi : préserver notre Mouvemet ››,https://www.aa.org/sites/default/files/newsletters/fr_box459_june-july96.pdf,fr_box459_june-july96.pdf,,,,Newsletter: Box 4-5-9,Newsletters,French,Newsletter,,3600936,3.4 MB,2021-07-20,https://www.aa.org/fr/box-459,Box 459,1,www.aa.org,ok
1625,"Box 459 - La 46e Conférence des Services généraux-La spiritualité, notre fondement""",https://www.aa.org/sites/default/files/newsletters/fr_box459_june-july97.pdf,fr_box459_june-july97.pdf,,,,Newsletter: Box 4-5-9,Newsletters,French,Newsletter; Spirituality,,3207743,3.1 MB,2021-07-20,https://www.aa.org/fr/box-459,Box 459,1,www.aa.org,ok
1626,"Box 459 - La 47 Conferencia de Servicios Generales - ""La Espiritualidad - Nuestra Base""",https://www.aa.org/sites/default/files/newsletters/sp_box459_june-july97.pdf,sp_box459_june-july97.pdf,,,,Newsletter: Box 4-5-9,Newsletters,Spanish,Newsletter; Spirituality,,2685560,2.6 MB,2021-07-19,https://www.aa.org/es/box-459,Box 459,1,www.aa.org,ok
1627,"Box 459 - La 48 Conferencia de Servicios Generales...""Nuestro trabajo de Paso Doce""",https://www.aa.org/sites/default/files/newsletters/sp_box459_june-july98.pdf,sp_box459_june-july98.pdf,,,,Newsletter: Box 4-5-9,Newsletters,Spanish,Newsletter,,2455709,2.3 MB,2021-07-19,https://www.aa.org/es/box-459,Box 459,1,www.aa.org,ok
1628,Box 459 - La 48e Conférence des Services généraux ‹‹ Notre travail de Douzième Étape ››,https://www.aa.org/sites/default/files/newsletters/fr_box459_june-july98.pdf,fr_box459_june-july98.pdf,,,,Newsletter: Box 4-5-9,Newsletters,French,Newsletter,,3365565,3.2 MB,2021-07-20,https://www.aa.org/fr/box-459,Box 459,1,www.aa.org,ok
1629,"Box 459 - La 49 Conferencia de Servicios Generales ""Hacia adelante-la unidad por medio de Ia humildad""",https://www.aa.org/sites/default/files/newsletters/sp_box459_june-july99.pdf,sp_box459_june-july99.pdf,,,,Newsletter: Box 4-5-9,Newsletters,Spanish,Newsletter,,4216163,4.0 MB,2021-07-19,https://www.aa.org/es/box-459,Box 459,1,www.aa.org,ok
1630,"Box 459 - La 49"" Conférence des Services généraux << Aller de I'avant : loUnité par lohumilité >>",https://www.aa.org/sites/default/files/newsletters/fr_box459_june-july99.pdf,fr_box459_june-july99.pdf,,,,Newsletter: Box 4-5-9,Newsletters,French,Newsletter,,3309413,3.2 MB,2021-07-20,https://www.aa.org/fr/box-459,Box 459,1,www.aa.org,ok
1631,"Box 459 - La 50"" Conférence des Services généraux ‹‹ Confier notre avenir aux principes des AA ››",https://www.aa.org/sites/default/files/newsletters/fr_box459_june-july00.pdf,fr_box459_june-july00.pdf,,,,Newsletter: Box 4-5-9,Newsletters,French,Newsletter,,3638463,3.5 MB,2021-07-20,https://www.aa.org/fr/box-459,Box 459,1,www.aa.org,ok
1632,Box 459 - La 53ª Conferencia de Servicios Generales “Viviendo los principios de A.A. por medio del apadrinamiento”,https://www.aa.org/sites/default/files/newsletters/sp_box459_june-july03.pdf,sp_box459_june-july03.pdf,,,,Newsletter: Box 4-5-9,Newsletters,Spanish,Newsletter,,274029,267.6 KB,2021-07-19,https://www.aa.org/es/box-459,Box 459,1,www.aa.org,ok
1633,Box 459 - La 54ª Conferencia de Servicios Generales “Nuestra unicidad de propósito — la piedra angular de A.A.”,https://www.aa.org/sites/default/files/newsletters/sp_box459_june-july04.pdf,sp_box459_june-july04.pdf,,,,Newsletter: Box 4-5-9,Newsletters,Spanish,Newsletter,,241175,235.5 KB,2021-07-19,https://www.aa.org/es/box-459,Box 459,1,www.aa.org,ok
1634,Box 459 - La 59e Conférence des Services généraux Évolution et endurance,https://www.aa.org/sites/default/files/newsletters/fr_box459_febmar09.pdf,fr_box459_febmar09.pdf,,,,Newsletter: Box 4-5-9,Newsletters,French,Newsletter,,238193,232.6 KB,2021-07-20,https://www.aa.org/fr/box-459,Box 459,1,www.aa.org,ok
1635,Box 459 - La 59ª Conferencia de Servicios Generales:...,https://www.aa.org/sites/default/files/newsletters/sp_box459_febmar09.pdf,sp_box459_febmar09.pdf,,,,Newsletter: Box 4-5-9,Newsletters,Spanish,Newsletter,,490955,479.4 KB,2021-07-16,https://www.aa.org/es/box-459,Box 459,1,www.aa.org,ok
1636,Box 459 - La 60e Conférence des Services généraux,https://www.aa.org/sites/default/files/newsletters/fr_box459_summer10.pdf,fr_box459_summer10.pdf,,,,Newsletter: Box 4-5-9,Newsletters,French,Newsletter,,337309,329.4 KB,2021-07-19,https://www.aa.org/fr/box-459,Box 459,1,www.aa.org,ok
1637,Box 459 - La 60ª Conferencia de Servicios Generales,https://www.aa.org/sites/default/files/newsletters/sp_box459_summer10_0.pdf,sp_box459_summer10_0.pdf,,,,Newsletter: Box 4-5-9,Newsletters,Spanish,Newsletter,,328670,321.0 KB,2021-07-19,https://www.aa.org/es/box-459,Box 459,1,www.aa.org,ok
1638,Box 459 - La 61e Conférence des Services généraux,https://www.aa.org/sites/default/files/newsletters/fr_box459_summer11.pdf,fr_box459_summer11.pdf,,,,Newsletter: Box 4-5-9,Newsletters,French,Newsletter,,326046,318.4 KB,2021-07-19,https://www.aa.org/fr/box-459,Box 459,1,www.aa.org,ok
1639,Box 459 - La 61ª Conferencia de Servicios Generales,https://www.aa.org/sites/default/files/newsletters/sp_box459_summer11_0.pdf,sp_box459_summer11_0.pdf,,,,Newsletter: Box 4-5-9,Newsletters,Spanish,Newsletter,,360736,352.3 KB,2021-07-19,https://www.aa.org/es/box-459,Box 459,1,www.aa.org,ok
1640,Box 459 - La 62a Conferencia de Servicios Generales,https://www.aa.org/sites/default/files/newsletters/sp_box459_summer12_0.pdf,sp_box459_summer12_0.pdf,,,,Newsletter: Box 4-5-9,Newsletters,Spanish,Newsletter,,1629462,1.6 MB,2021-07-19,https://www.aa.org/es/box-459,Box 459,1,www.aa.org,ok
1641,Box 459 - La 62e Conférence des Services généraux,https://www.aa.org/sites/default/files/newsletters/fr_box459_summer12.pdf,fr_box459_summer12.pdf,,,,Newsletter: Box 4-5-9,Newsletters,French,Newsletter,,1259162,1.2 MB,2021-07-19,https://www.aa.org/fr/box-459,Box 459,1,www.aa.org,ok
1642,Box 459 - La 63a Conferencia de Servicios Generales,https://www.aa.org/sites/default/files/newsletters/sp_box459_summer13_0.pdf,sp_box459_summer13_0.pdf,,,,Newsletter: Box 4-5-9,Newsletters,Spanish,Newsletter,,243308,237.6 KB,2021-07-19,https://www.aa.org/es/box-459,Box 459,1,www.aa.org,ok
1643,Box 459 - La 63e Conférence des Services généraux,https://www.aa.org/sites/default/files/newsletters/fr_box459_summer13.pdf,fr_box459_summer13.pdf,,,,Newsletter: Box 4-5-9,Newsletters,French,Newsletter,,710899,694.2 KB,2021-07-19,https://www.aa.org/fr/box-459,Box 459,1,www.aa.org,ok
1644,Box 459 - La 64a Conferencia de Servicios Generales,https://www.aa.org/sites/default/files/newsletters/sp_box459_summer14_0.pdf,sp_box459_summer14_0.pdf,,,,Newsletter: Box 4-5-9,Newsletters,Spanish,Newsletter,,1721811,1.6 MB,2021-07-19,https://www.aa.org/es/box-459,Box 459,1,www.aa.org,ok
1645,Box 459 - La 65e Conférencedes Services généraux,https://www.aa.org/sites/default/files/newsletters/fr_box459_summer15.pdf,fr_box459_summer15.pdf,,,,Newsletter: Box 4-5-9,Newsletters,French,Newsletter,,404803,395.3 KB,2021-07-19,https://www.aa.org/fr/box-459,Box 459,1,www.aa.org,ok
1646,Box 459 - La 65ª Conferencia de Servicios Generales,https://www.aa.org/sites/default/files/newsletters/sp_box459_summer15_1.pdf,sp_box459_summer15_1.pdf,,,,Newsletter: Box 4-5-9,Newsletters,Spanish,Newsletter,,410247,400.6 KB,2021-07-19,https://www.aa.org/es/box-459,Box 459,1,www.aa.org,ok
1647,Box 459 - La 66e Conférence des Services Généraux se réunit,https://www.aa.org/sites/default/files/newsletters/fr_box459_summer16.pdf,fr_box459_summer16.pdf,,,,Newsletter: Box 4-5-9,Newsletters,French,Newsletter,,351549,343.3 KB,2021-07-19,https://www.aa.org/fr/box-459,Box 459,1,www.aa.org,ok
1648,Box 459 - La 67e Conférence des Services généraux des AA se réunit,https://www.aa.org/sites/default/files/newsletters/fr_box459_summer17_0.pdf,fr_box459_summer17_0.pdf,,,,Newsletter: Box 4-5-9,Newsletters,French,Newsletter,,766011,748.1 KB,2021-07-19,https://www.aa.org/fr/box-459,Box 459,1,www.aa.org,ok
1649,Box 459 - La 73e Conférence des Services généraux : « Les Trois Legs des AA : Notre solution commune »,https://www.aa.org/sites/default/files/newsletters/ff-36_summer2023_0.pdf,ff-36_summer2023_0.pdf,FF-36,F-36,"Forms, Catalogs & Order Blanks",Newsletter: Box 4-5-9,Newsletters,French,Newsletter,2023,1745256,1.7 MB,2023-09-13,https://www.aa.org/fr/box-459,Box 459,1,www.aa.org,ok
1650,Box 459 - La 75.a Conferencia de Servicios Generales: «Trabajar conjuntamente para aumentar la confianza»,https://www.aa.org/sites/default/files/newsletters/SF-36_summer25.pdf,SF-36_summer25.pdf,SF-36,F-36,"Forms, Catalogs & Order Blanks",Newsletter: Box 4-5-9,Newsletters,Spanish,Newsletter,,6216422,5.9 MB,2025-10-03,https://www.aa.org/es/box-459,Box 459,1,www.aa.org,ok
1651,"Box 459 - La 75e Conférence des Services généraux se réunit : « Travailler ensemble, accroître la confiance »",https://www.aa.org/sites/default/files/newsletters/FF-36_summer25.pdf,FF-36_summer25.pdf,FF-36,F-36,"Forms, Catalogs & Order Blanks",Newsletter: Box 4-5-9,Newsletters,French,Newsletter,,6103508,5.8 MB,2025-10-03,https://www.aa.org/fr/box-459,Box 459,1,www.aa.org,ok
1652,Box 459 - La 76.ª Conferencia de Servicios Generales: «La humildad en acción»,https://www.aa.org/sites/default/files/newsletters/SF-36_summer2026.pdf,SF-36_summer2026.pdf,SF-36,F-36,"Forms, Catalogs & Order Blanks",Newsletter: Box 4-5-9,Newsletters,Spanish,Newsletter,2026,2935751,2.8 MB,2026-08-18,https://www.aa.org/es/box-459,Box 459,2,www.aa.org,ok
1653,Box 459 - La Aplicación localizadora de reuniones Meeting Guide,https://www.aa.org/sites/default/files/newsletters/sp_box459_fall19.pdf,sp_box459_fall19.pdf,,,,Newsletter: Box 4-5-9,Newsletters,Spanish,Newsletter; Workbook / Kit,,1017537,993.7 KB,2021-07-16,https://www.aa.org/es/box-459,Box 459,1,www.aa.org,ok
1654,Box 459 - La bibliotheque des archives devient realite,https://www.aa.org/sites/default/files/newsletters/fr_box459_aug-sept73.pdf,fr_box459_aug-sept73.pdf,,,,Newsletter: Box 4-5-9,Newsletters,French,Archives; Newsletter,,1190489,1.1 MB,2021-07-20,https://www.aa.org/fr/box-459,Box 459,1,www.aa.org,ok
1655,Box 459 - La celebración del 75º aniversario de A.A.,https://www.aa.org/sites/default/files/newsletters/sp_box459_fall10.pdf,sp_box459_fall10.pdf,,,,Newsletter: Box 4-5-9,Newsletters,Spanish,Newsletter,,550938,538.0 KB,2021-07-16,https://www.aa.org/es/box-459,Box 459,1,www.aa.org,ok
1656,Box 459 - La celebración del aniversario de 75 años de AA en Sudáfrica,https://www.aa.org/sites/default/files/newsletters/sp_box459_holiday21.pdf,sp_box459_holiday21.pdf,,,,Newsletter: Box 4-5-9,Newsletters,Spanish,Newsletter,,771100,753.0 KB,2021-12-11,https://www.aa.org/es/box-459,Box 459,1,www.aa.org,ok
1657,Box 459 - La Conference se penchera sur le parrainage,https://www.aa.org/sites/default/files/newsletters/fr_box459_april-may76.pdf,fr_box459_april-may76.pdf,,,,Newsletter: Box 4-5-9,Newsletters,French,Conference; Newsletter,,1478331,1.4 MB,2021-07-19,https://www.aa.org/fr/box-459,Box 459,1,www.aa.org,ok
1658,Box 459 - La Conferencia de 1977 Estudia la Calidad de los Grupos A.A. Locales,https://www.aa.org/sites/default/files/newsletters/sp_box459_june-july77.pdf,sp_box459_june-july77.pdf,,,,Newsletter: Box 4-5-9,Newsletters,Spanish,Newsletter,1977,962957,940.4 KB,2021-07-19,https://www.aa.org/es/box-459,Box 459,1,www.aa.org,ok
1659,Box 459 - La Conferencia de 1983 Explora La Tradición Doce,https://www.aa.org/sites/default/files/newsletters/sp_box459_april-may83.pdf,sp_box459_april-may83.pdf,,,,Newsletter: Box 4-5-9,Newsletters,Spanish,Newsletter,1983,989997,966.8 KB,2021-07-15,https://www.aa.org/es/box-459,Box 459,1,www.aa.org,ok
1660,Box 459 - La Conferencia de Servicios Generales de Norteamérica...,https://www.aa.org/sites/default/files/newsletters/sp_box459_april-may71.pdf,sp_box459_april-may71.pdf,,,,Newsletter: Box 4-5-9,Newsletters,Spanish,Newsletter,,560203,547.1 KB,2021-07-15,https://www.aa.org/es/box-459,Box 459,1,www.aa.org,ok
1661,Box 459 - La Conferencia Esta en Favor de Renovar la Cooperación de A.A....,https://www.aa.org/sites/default/files/newsletters/sp_box459_june-july74.pdf,sp_box459_june-july74.pdf,,,,Newsletter: Box 4-5-9,Newsletters,Spanish,Newsletter,,884082,863.4 KB,2021-09-02,https://www.aa.org/es/box-459,Box 459,1,www.aa.org,ok
1662,Box 459 - La Conferencia Esta en Favor de Renovar la Cooperación de A.A....,https://www.aa.org/sites/default/files/newsletters/sp_box459_june-july74_0.pdf,sp_box459_june-july74_0.pdf,,,,Newsletter: Box 4-5-9,Newsletters,Spanish,Newsletter,,884082,863.4 KB,2021-09-03,https://www.aa.org/es/box-459,Box 459,1,www.aa.org,ok
1663,Box 459 - La Conferencia General de Servicios de Norteamérica,https://www.aa.org/sites/default/files/newsletters/sp_box459_may-june66.pdf,sp_box459_may-june66.pdf,,,,Newsletter: Box 4-5-9,Newsletters,Spanish,Newsletter,,619885,605.4 KB,2021-09-02,https://www.aa.org/es/box-459,Box 459,1,www.aa.org,ok
1664,Box 459 - La Conferencia Refleja los Intereses y la Conciencia del Grupo,https://www.aa.org/sites/default/files/newsletters/sp_box459_june-july83.pdf,sp_box459_june-july83.pdf,,,,Newsletter: Box 4-5-9,Newsletters,Spanish,Newsletter,,1692119,1.6 MB,2021-07-19,https://www.aa.org/es/box-459,Box 459,1,www.aa.org,ok
1665,Box 459 - La Conférence de 1979 passera en revue les Trois Héritages,https://www.aa.org/sites/default/files/newsletters/fr_box459_april-may79.pdf,fr_box459_april-may79.pdf,,,,Newsletter: Box 4-5-9,Newsletters,French,Newsletter,1979,1374185,1.3 MB,2021-07-19,https://www.aa.org/fr/box-459,Box 459,1,www.aa.org,ok
1666,Box 459 - La Conférence de 1986 met en lumière la responsabilité des A.A.,https://www.aa.org/sites/default/files/newsletters/fr_box459_april-may86.pdf,fr_box459_april-may86.pdf,,,,Newsletter: Box 4-5-9,Newsletters,French,Newsletter,1986,3020104,2.9 MB,2021-07-19,https://www.aa.org/fr/box-459,Box 459,1,www.aa.org,ok
1667,Box 459 - La Conférence des Services généraux-Des préparatifs qui durent toute I'année,https://www.aa.org/sites/default/files/newsletters/fr_box459_april-may97.pdf,fr_box459_april-may97.pdf,,,,Newsletter: Box 4-5-9,Newsletters,French,Newsletter,,3241427,3.1 MB,2021-07-19,https://www.aa.org/fr/box-459,Box 459,1,www.aa.org,ok
1668,"Box 459 - La Conférence favorise Montréal pour 1985, reçoit les premiers résultats d'une enquête, vérifie son propre système de comités",https://www.aa.org/sites/default/files/newsletters/fr_box459_june-july81.pdf,fr_box459_june-july81.pdf,,,,Newsletter: Box 4-5-9,Newsletters,French,Newsletter,1985,2338583,2.2 MB,2021-07-20,https://www.aa.org/fr/box-459,Box 459,1,www.aa.org,ok
1669,"Box 459 - La Conférence, un travail à longueur d'année",https://www.aa.org/sites/default/files/newsletters/fr_box459_april-may92.pdf,fr_box459_april-may92.pdf,,,,Newsletter: Box 4-5-9,Newsletters,French,Newsletter,,2989268,2.9 MB,2021-07-19,https://www.aa.org/fr/box-459,Box 459,1,www.aa.org,ok
1670,Box 459 - La Convención de A.A. en Zhengzhou: Tren lento a la sobriedad,https://www.aa.org/sites/default/files/newsletters/sp_box459_spring18_0.pdf,sp_box459_spring18_0.pdf,,,,Newsletter: Box 4-5-9,Newsletters,Spanish,Newsletter,,1140695,1.1 MB,2021-07-19,https://www.aa.org/es/box-459,Box 459,1,www.aa.org,ok
1671,"Box 459 - La Convención Internacional de A.A. 80 años — felices, alegres y libres",https://www.aa.org/sites/default/files/newsletters/sp_box459_fall15.pdf,sp_box459_fall15.pdf,,,,Newsletter: Box 4-5-9,Newsletters,Spanish,Newsletter,,1476111,1.4 MB,2021-07-16,https://www.aa.org/es/box-459,Box 459,1,www.aa.org,ok
1672,Box 459 - La Cooperation de A.A. Avec les Cours de Justice,https://www.aa.org/sites/default/files/newsletters/fr_box459_holiday73.pdf,fr_box459_holiday73.pdf,,,,Newsletter: Box 4-5-9,Newsletters,French,Newsletter,,606034,591.8 KB,2021-07-20,https://www.aa.org/fr/box-459,Box 459,1,www.aa.org,ok
1673,"Box 459 - La Copia ""Millon"" del Gran Libro en la Casa Blanca",https://www.aa.org/sites/default/files/newsletters/sp_box459_june-july73.pdf,sp_box459_june-july73.pdf,,,,Newsletter: Box 4-5-9,Newsletters,Spanish,Newsletter,,534169,521.6 KB,2021-07-19,https://www.aa.org/es/box-459,Box 459,1,www.aa.org,ok
1674,Box 459 - La danse de la rotation au BSG,https://www.aa.org/sites/default/files/newsletters/fr_box459_aug-sept99.pdf,fr_box459_aug-sept99.pdf,,,,Newsletter: Box 4-5-9,Newsletters,French,Newsletter,,3139188,3.0 MB,2021-07-20,https://www.aa.org/fr/box-459,Box 459,1,www.aa.org,ok
1675,Box 459 - La Esencia de la XIV Reunión de la Conferencia,https://www.aa.org/sites/default/files/newsletters/sp_box459_jun64.pdf,sp_box459_jun64.pdf,,,,Newsletter: Box 4-5-9,Newsletters,Spanish,Newsletter,,727802,710.7 KB,2021-09-03,https://www.aa.org/es/box-459,Box 459,1,www.aa.org,ok
1676,Box 459 - La fiesta del 55° aniversario de A.A. ofrece diversión y camaradería en el espíritu de automantenimiento,https://www.aa.org/sites/default/files/newsletters/sp_box459_april-may90.pdf,sp_box459_april-may90.pdf,,,,Newsletter: Box 4-5-9,Newsletters,Spanish,Newsletter,,1569021,1.5 MB,2021-07-15,https://www.aa.org/es/box-459,Box 459,1,www.aa.org,ok
1677,Box 459 - La G.S.O. de Londres es Suficientemente Grande para la Reunión Mundial,https://www.aa.org/sites/default/files/newsletters/sp_box459_aug-sept74.pdf,sp_box459_aug-sept74.pdf,,,,Newsletter: Box 4-5-9,Newsletters,Spanish,Newsletter,,1076730,1.0 MB,2021-07-16,https://www.aa.org/es/box-459,Box 459,1,www.aa.org,ok
1678,Box 459 - La gratitude des républiquesd e Russie,https://www.aa.org/sites/default/files/newsletters/fr_box459_oct-nov95.pdf,fr_box459_oct-nov95.pdf,,,,Newsletter: Box 4-5-9,Newsletters,French,Newsletter,,2707572,2.6 MB,2021-07-19,https://www.aa.org/fr/box-459,Box 459,1,www.aa.org,ok
1679,Box 459 - La gratitude et la responsabilité sont à I'honneur à la 35e Conférence,https://www.aa.org/sites/default/files/newsletters/fr_box459_june-july85.pdf,fr_box459_june-july85.pdf,,,,Newsletter: Box 4-5-9,Newsletters,French,Newsletter,,4312825,4.1 MB,2021-07-20,https://www.aa.org/fr/box-459,Box 459,1,www.aa.org,ok
1680,Box 459 - La gratitude vogue dans les Caraïbes,https://www.aa.org/sites/default/files/newsletters/fr_box459_april-may96.pdf,fr_box459_april-may96.pdf,,,,Newsletter: Box 4-5-9,Newsletters,French,Newsletter,,3119479,3.0 MB,2021-07-19,https://www.aa.org/fr/box-459,Box 459,1,www.aa.org,ok
1681,Box 459 - La identificación es la 'esencia de nuestro vínculo común',https://www.aa.org/sites/default/files/newsletters/sp_box459_feb-mar97.pdf,sp_box459_feb-mar97.pdf,,,,Newsletter: Box 4-5-9,Newsletters,Spanish,Newsletter,,2134756,2.0 MB,2021-07-16,https://www.aa.org/es/box-459,Box 459,1,www.aa.org,ok
1682,Box 459 - La Importancia de las Visitas de Paso Doce,https://www.aa.org/sites/default/files/newsletters/sp_box459_april-may07.pdf,sp_box459_april-may07.pdf,,,,Newsletter: Box 4-5-9,Newsletters,Spanish,Newsletter,,183127,178.8 KB,2021-07-15,https://www.aa.org/es/box-459,Box 459,1,www.aa.org,ok
1683,Box 459 - La inclusión del lenguaje por señas americano lleva a los foros regionales a un nuevo nivel,https://www.aa.org/sites/default/files/newsletters/sp_box459_holiday17.pdf,sp_box459_holiday17.pdf,,,,Newsletter: Box 4-5-9,Newsletters,Spanish,Newsletter,,1740860,1.7 MB,2021-07-16,https://www.aa.org/es/box-459,Box 459,1,www.aa.org,ok
1684,Box 459 - La IX Reunión de Servicio Mundial,https://www.aa.org/sites/default/files/newsletters/sp_box459_feb-mar87.pdf,sp_box459_feb-mar87.pdf,,,,Newsletter: Box 4-5-9,Newsletters,Spanish,Newsletter,,2113371,2.0 MB,2021-07-16,https://www.aa.org/es/box-459,Box 459,1,www.aa.org,ok
1685,Box 459 - La joie du prochain anniversaire donne le ton à la 35e Conférence des Services généraux,https://www.aa.org/sites/default/files/newsletters/fr_box459_april-may85.pdf,fr_box459_april-may85.pdf,,,,Newsletter: Box 4-5-9,Newsletters,French,Newsletter,,2968662,2.8 MB,2021-07-19,https://www.aa.org/fr/box-459,Box 459,1,www.aa.org,ok
1686,Box 459 - La longue route jusqu’au Plain Language Big Book (Gros Livre en langage clair et simple),https://www.aa.org/sites/default/files/newsletters/FF-36_winter2025.pdf,FF-36_winter2025.pdf,FF-36,F-36,"Forms, Catalogs & Order Blanks",Newsletter: Box 4-5-9,Newsletters,French,Newsletter,2025,9297619,8.9 MB,2025-03-03,https://www.aa.org/fr/box-459,Box 459,1,www.aa.org,ok
1687,Box 459 - La Oficina Central o de Intergrupo: ahora y entonces,https://www.aa.org/sites/default/files/newsletters/sp_box459_fall17.pdf,sp_box459_fall17.pdf,,,,Newsletter: Box 4-5-9,Newsletters,Spanish,Newsletter,,1938716,1.8 MB,2021-07-16,https://www.aa.org/es/box-459,Box 459,1,www.aa.org,ok
1688,Box 459 - La OSG les da la bienvenida a dos nuevos miembros del personal,https://www.aa.org/sites/default/files/newsletters/sf-36_winter2023_0.pdf,sf-36_winter2023_0.pdf,SF-36,F-36,"Forms, Catalogs & Order Blanks",Newsletter: Box 4-5-9,Newsletters,Spanish,Newsletter,2023,1672096,1.6 MB,2024-04-04,https://www.aa.org/es/box-459,Box 459,1,www.aa.org,ok
1689,Box 459 - La Práctica de la Séptima Tradición: ¿Unimos la acciOn a la palabra?,https://www.aa.org/sites/default/files/newsletters/sp_box459_oct-nov89.pdf,sp_box459_oct-nov89.pdf,,,,Newsletter: Box 4-5-9,Newsletters,Spanish,Newsletter,,2116832,2.0 MB,2021-07-19,https://www.aa.org/es/box-459,Box 459,1,www.aa.org,ok
1690,"Box 459 - La Quarante-troisième Conférence des Services généraux "" Les AA font leur inventaire : la structure de la Conférence des Services généraux>>",https://www.aa.org/sites/default/files/newsletters/fr_box459_june-july93.pdf,fr_box459_june-july93.pdf,,,,Newsletter: Box 4-5-9,Newsletters,French,Newsletter,,3562126,3.4 MB,2021-07-20,https://www.aa.org/fr/box-459,Box 459,1,www.aa.org,ok
1691,Box 459 - La quatrième édition du Big Book reflète la diversité du rnernbership actuel,https://www.aa.org/sites/default/files/newsletters/fr_box459_oct-nov01.pdf,fr_box459_oct-nov01.pdf,,,,Newsletter: Box 4-5-9,Newsletters,French,Newsletter,,123692,120.8 KB,2021-07-20,https://www.aa.org/fr/box-459,Box 459,1,www.aa.org,ok
1692,Box 459 - La Reunion Mondiale de Service,https://www.aa.org/sites/default/files/newsletters/fr_box459_oct-nov76.pdf,fr_box459_oct-nov76.pdf,,,,Newsletter: Box 4-5-9,Newsletters,French,Newsletter,,1417967,1.4 MB,2021-07-19,https://www.aa.org/fr/box-459,Box 459,1,www.aa.org,ok
1693,Box 459 - La Reunión de Servicios Mundiales Será en Octubre,https://www.aa.org/sites/default/files/newsletters/sp_box459_oct-nov76.pdf,sp_box459_oct-nov76.pdf,,,,Newsletter: Box 4-5-9,Newsletters,Spanish,Newsletter,,816581,797.4 KB,2021-07-19,https://www.aa.org/es/box-459,Box 459,1,www.aa.org,ok
1694,Box 459 - La santé des AA à l’échelle mondiale dépend de la Douzième Étape chez soi,https://www.aa.org/sites/default/files/newsletters/fr_box459_april-may07.pdf,fr_box459_april-may07.pdf,,,,Newsletter: Box 4-5-9,Newsletters,French,Newsletter,,526000,513.7 KB,2021-07-19,https://www.aa.org/fr/box-459,Box 459,1,www.aa.org,ok
1695,Box 459 - La Septième Tradition - Pratiquons-nous ce que nous prêchons?,https://www.aa.org/sites/default/files/newsletters/fr_box459_oct-nov89.pdf,fr_box459_oct-nov89.pdf,,,,Newsletter: Box 4-5-9,Newsletters,French,Twelve Traditions; Newsletter,,2889324,2.8 MB,2021-07-19,https://www.aa.org/fr/box-459,Box 459,1,www.aa.org,ok
1696,Box 459 - La seule condition…,https://www.aa.org/sites/default/files/newsletters/fr_box459_holiday18.pdf,fr_box459_holiday18.pdf,,,,Newsletter: Box 4-5-9,Newsletters,French,Newsletter,,1268599,1.2 MB,2021-07-20,https://www.aa.org/fr/box-459,Box 459,1,www.aa.org,ok
1697,Box 459 - La traduction des publications des AA en langues autochtones,https://www.aa.org/sites/default/files/newsletters/FF-36_Box_4-5-9_Fall_2022.pdf,FF-36_Box_4-5-9_Fall_2022.pdf,FF-36,F-36,"Forms, Catalogs & Order Blanks",Newsletter: Box 4-5-9,Newsletters,French,Newsletter,2022,3769462,3.6 MB,2022-10-28,https://www.aa.org/fr/box-459,Box 459,1,www.aa.org,ok
1698,Box 459 - La transmission du message des AA par les publications - du twi au konkani,https://www.aa.org/sites/default/files/newsletters/fr_box459_spring17.pdf,fr_box459_spring17.pdf,,,,Newsletter: Box 4-5-9,Newsletters,French,Newsletter,,4754825,4.5 MB,2021-07-19,https://www.aa.org/fr/box-459,Box 459,1,www.aa.org,ok
1699,Box 459 - La trentièmec onférencere voit les procédures d'approbation de la littérature A.A. et const ate qu'aucun changement n'est requis,https://www.aa.org/sites/default/files/newsletters/fr_box459_june-july80.pdf,fr_box459_june-july80.pdf,,,,Newsletter: Box 4-5-9,Newsletters,French,Newsletter,,3319209,3.2 MB,2021-07-20,https://www.aa.org/fr/box-459,Box 459,1,www.aa.org,ok
1700,Box 459 - La Trigésima Conferencia Indaga los Procedimientos de Aprobación de la Literatura de A.A.,https://www.aa.org/sites/default/files/newsletters/sp_box459_june-july80.pdf,sp_box459_june-july80.pdf,,,,Newsletter: Box 4-5-9,Newsletters,Spanish,Newsletter,,1249837,1.2 MB,2021-07-19,https://www.aa.org/es/box-459,Box 459,1,www.aa.org,ok
1701,Box 459 - La ténacité face à l’incertitude : le BSG en temps de pandémie,https://www.aa.org/sites/default/files/newsletters/fr_box459_summer_2020.pdf,fr_box459_summer_2020.pdf,,,,Newsletter: Box 4-5-9,Newsletters,French,Newsletter,2020,818755,799.6 KB,2021-07-19,https://www.aa.org/fr/box-459,Box 459,1,www.aa.org,ok
1702,Box 459 - La Unidad: ¿Vivimos de acuerdo con nuestro Legado?,https://www.aa.org/sites/default/files/newsletters/sp_box459_feb-mar91.pdf,sp_box459_feb-mar91.pdf,,,,Newsletter: Box 4-5-9,Newsletters,Spanish,Newsletter,,2281503,2.2 MB,2021-07-16,https://www.aa.org/es/box-459,Box 459,1,www.aa.org,ok
1703,Box 459 - La Vigésima Quinta Conferencia de Servicios Generales,https://www.aa.org/sites/default/files/newsletters/sp_box459_june-july75.pdf,sp_box459_june-july75.pdf,,,,Newsletter: Box 4-5-9,Newsletters,Spanish,Newsletter,,566597,553.3 KB,2021-07-19,https://www.aa.org/es/box-459,Box 459,1,www.aa.org,ok
1704,Box 459 - La Viña celebra veinticinco años sirviendo a la comunidad hispanohablante,https://www.aa.org/sites/default/files/newsletters/sp_box459_summer_2021_0.pdf,sp_box459_summer_2021_0.pdf,,,,Newsletter: Box 4-5-9,Newsletters,Spanish,Grapevine; Newsletter,2021,2746917,2.6 MB,2021-07-19,https://www.aa.org/es/box-459,Box 459,1,www.aa.org,ok
1705,Box 459 - La Viña Celebrates 25 Years of Service,https://www.aa.org/sites/default/files/newsletters/en_box459_summer_2021.pdf,en_box459_summer_2021.pdf,,,,Newsletter: Box 4-5-9,Newsletters,English,Grapevine; Newsletter,2021,345999,337.9 KB,2021-06-24,https://www.aa.org/box-459,Box 459,1,www.aa.org,ok
1706,Box 459 - La Viña Celebrates 25 Years of Service to A.A.’s Spanish-speaking Community,https://www.aa.org/sites/default/files/newsletters/en_box459_summer_2021_0.pdf,en_box459_summer_2021_0.pdf,,,,Newsletter: Box 4-5-9,Newsletters,English,Grapevine; Newsletter,2021,345999,337.9 KB,2021-07-19,https://www.aa.org/box-459,Box 459,1,www.aa.org,ok
1707,Box 459 - La Viña célèbre 25 ans de service à la communauté hispanophone des AA,https://www.aa.org/sites/default/files/newsletters/fr_box459_summer_2021.pdf,fr_box459_summer_2021.pdf,,,,Newsletter: Box 4-5-9,Newsletters,French,Grapevine; Newsletter,2021,2849289,2.7 MB,2021-07-19,https://www.aa.org/fr/box-459,Box 459,1,www.aa.org,ok
1708,Box 459 - La Viña célèbre 25 ans de service à la communauté hispanophone des AA,https://www.aa.org/sites/default/files/newsletters/fr_box459_summer_2021_0.pdf,fr_box459_summer_2021_0.pdf,,,,Newsletter: Box 4-5-9,Newsletters,French,Grapevine; Newsletter,2021,2849289,2.7 MB,2021-08-04,https://www.aa.org/fr/box-459,Box 459,1,www.aa.org,ok
1709,Box 459 - Language of the Heart Heard 'Round the World,https://www.aa.org/sites/default/files/newsletters/en_box459_holiday69.pdf,en_box459_holiday69.pdf,,,,Newsletter: Box 4-5-9,Newsletters,English,Newsletter,,1281733,1.2 MB,2021-07-15,https://www.aa.org/box-459,Box 459,1,www.aa.org,ok
1710,Box 459 - Las Acciones de la Conferencia Apoyan las Tradiciones y los Servicios,https://www.aa.org/sites/default/files/newsletters/sp_box459_june-july72.pdf,sp_box459_june-july72.pdf,,,,Newsletter: Box 4-5-9,Newsletters,Spanish,Newsletter,,850896,831.0 KB,2021-07-19,https://www.aa.org/es/box-459,Box 459,1,www.aa.org,ok
1711,Box 459 - Las oficinas centrales/intergrupales: la vanguardia de A.A.,https://www.aa.org/sites/default/files/newsletters/sp_box459_aug-sept07.pdf,sp_box459_aug-sept07.pdf,,,,Newsletter: Box 4-5-9,Newsletters,Spanish,Newsletter,,370496,361.8 KB,2021-07-16,https://www.aa.org/es/box-459,Box 459,1,www.aa.org,ok
1712,Box 459 - Las Tradiciones - Tema de la Conferencia,https://www.aa.org/sites/default/files/newsletters/sp_box459_april-may82.pdf,sp_box459_april-may82.pdf,,,,Newsletter: Box 4-5-9,Newsletters,Spanish,Newsletter,,952821,930.5 KB,2021-07-15,https://www.aa.org/es/box-459,Box 459,1,www.aa.org,ok
1713,Box 459 - Las traducciones indígenas de la literatura de AA,https://www.aa.org/sites/default/files/newsletters/SF-36_Box_4-5-9_Fall_2022.pdf,SF-36_Box_4-5-9_Fall_2022.pdf,SF-36,F-36,"Forms, Catalogs & Order Blanks",Newsletter: Box 4-5-9,Newsletters,Spanish,Newsletter,2022,4925808,4.7 MB,2022-10-28,https://www.aa.org/es/box-459,Box 459,1,www.aa.org,ok
1714,Box 459 - Latest Estimate of Membership Worldwide…,https://www.aa.org/sites/default/files/newsletters/en_box459_june-july76.pdf,en_box459_june-july76.pdf,,,,Newsletter: Box 4-5-9,Newsletters,English,Newsletter,,1258048,1.2 MB,2021-07-14,https://www.aa.org/box-459,Box 459,1,www.aa.org,ok
1715,Box 459 - Latest Survey of Membership Shows Fast-Rising Proportion of Women and Young People in A.A.,https://www.aa.org/sites/default/files/newsletters/en_box459_oct-nov78.pdf,en_box459_oct-nov78.pdf,,,,Newsletter: Box 4-5-9,Newsletters,English,Young People; Women; Survey Data; Newsletter,,1275976,1.2 MB,2021-07-14,https://www.aa.org/box-459,Box 459,1,www.aa.org,ok
1716,Box 459 - Le bris de votre anonymat qui n'en est pas,https://www.aa.org/sites/default/files/newsletters/fr_box459_fall12.pdf,fr_box459_fall12.pdf,,,,Newsletter: Box 4-5-9,Newsletters,French,Newsletter,,388189,379.1 KB,2021-07-20,https://www.aa.org/fr/box-459,Box 459,1,www.aa.org,ok
1717,Box 459 - Le BSG accueille deux nouveaux membres du personnel,https://www.aa.org/sites/default/files/newsletters/ff-36_winter2023_0.pdf,ff-36_winter2023_0.pdf,FF-36,F-36,"Forms, Catalogs & Order Blanks",Newsletter: Box 4-5-9,Newsletters,French,Newsletter,2023,1447803,1.4 MB,2024-04-04,https://www.aa.org/fr/box-459,Box 459,1,www.aa.org,ok
1718,Box 459 - Le bureau des services generaux s'affaire,https://www.aa.org/sites/default/files/newsletters/fr_box459_april-may69.pdf,fr_box459_april-may69.pdf,,,,Newsletter: Box 4-5-9,Newsletters,French,Newsletter,,500254,488.5 KB,2021-09-03,https://www.aa.org/fr/box-459,Box 459,1,www.aa.org,ok
1719,Box 459 - Le comite international partage les experiences d'A.A.,https://www.aa.org/sites/default/files/newsletters/fr_box459_aug-sept68.pdf,fr_box459_aug-sept68.pdf,,,,Newsletter: Box 4-5-9,Newsletters,French,Newsletter,,745417,727.9 KB,2021-07-20,https://www.aa.org/fr/box-459,Box 459,1,www.aa.org,ok
1720,Box 459 - Le Congrès de 1980 alimente nos souvenirs A.A.,https://www.aa.org/sites/default/files/newsletters/fr_box459_oct-nov80.pdf,fr_box459_oct-nov80.pdf,,,,Newsletter: Box 4-5-9,Newsletters,French,Newsletter,1980,1795699,1.7 MB,2021-07-19,https://www.aa.org/fr/box-459,Box 459,1,www.aa.org,ok
1721,Box 459 - Le Congrès international de 1995 Des réponses à vos questions,https://www.aa.org/sites/default/files/newsletters/fr_box459_feb-mar94.pdf,fr_box459_feb-mar94.pdf,,,,Newsletter: Box 4-5-9,Newsletters,French,Newsletter,1995,3361829,3.2 MB,2021-07-20,https://www.aa.org/fr/box-459,Box 459,1,www.aa.org,ok
1722,Box 459 - Le Conseil des Services généraux accueille cinq nouveaux administrateurs de Classe B,https://www.aa.org/sites/default/files/newsletters/ff-36_winter2026.pdf,ff-36_winter2026.pdf,FF-36,F-36,"Forms, Catalogs & Order Blanks",Newsletter: Box 4-5-9,Newsletters,French,Newsletter,2026,1101411,1.1 MB,2026-03-07,https://www.aa.org/fr/box-459,Box 459,1,www.aa.org,ok
1723,Box 459 - Le dernier recensement des membres démontre la proportion rapidement ascendante de femmes et de jeunes dans AA,https://www.aa.org/sites/default/files/newsletters/fr_box459_oct-nov78.pdf,fr_box459_oct-nov78.pdf,,,,Newsletter: Box 4-5-9,Newsletters,French,Newsletter,,1548603,1.5 MB,2021-07-19,https://www.aa.org/fr/box-459,Box 459,1,www.aa.org,ok
1724,"Box 459 - Le Gros Livre, une mine door pour les parrains et marraines",https://www.aa.org/sites/default/files/newsletters/fr_box459_feb-mar96.pdf,fr_box459_feb-mar96.pdf,,,,Newsletter: Box 4-5-9,Newsletters,French,Newsletter,,3248948,3.1 MB,2021-07-20,https://www.aa.org/fr/box-459,Box 459,1,www.aa.org,ok
1725,Box 459 - Le groupe d'attache - Le Cæur de AA,https://www.aa.org/sites/default/files/newsletters/fr_box459_feb-mar90.pdf,fr_box459_feb-mar90.pdf,,,,Newsletter: Box 4-5-9,Newsletters,French,Newsletter,,2724380,2.6 MB,2021-07-20,https://www.aa.org/fr/box-459,Box 459,1,www.aa.org,ok
1726,Box 459 - Le lac Alkali: Une communauté autochtone devient abstinente,https://www.aa.org/sites/default/files/newsletters/fr_box459_spring16.pdf,fr_box459_spring16.pdf,,,,Newsletter: Box 4-5-9,Newsletters,French,Newsletter,,707464,690.9 KB,2021-07-19,https://www.aa.org/fr/box-459,Box 459,1,www.aa.org,ok
1727,Box 459 - Le langage du cæur... Acticles de Bill W. publiés dans le Grapevine,https://www.aa.org/sites/default/files/newsletters/fr_box459_oct-nov88.pdf,fr_box459_oct-nov88.pdf,,,,Newsletter: Box 4-5-9,Newsletters,French,Grapevine; Newsletter,,3025171,2.9 MB,2021-07-19,https://www.aa.org/fr/box-459,Box 459,1,www.aa.org,ok
1728,Box 459 - Le langue du coeur entendu dans le monde entier,https://www.aa.org/sites/default/files/newsletters/fr_box459_holiday69.pdf,fr_box459_holiday69.pdf,,,,Newsletter: Box 4-5-9,Newsletters,French,Newsletter,,540214,527.6 KB,2021-07-20,https://www.aa.org/fr/box-459,Box 459,1,www.aa.org,ok
1729,Box 459 - Le message de rétablissement des AA continue de se répandre dans le monde,https://www.aa.org/sites/default/files/newsletters/fr_box459_oct-nov03.pdf,fr_box459_oct-nov03.pdf,,,,Newsletter: Box 4-5-9,Newsletters,French,Newsletter,,335255,327.4 KB,2021-07-20,https://www.aa.org/fr/box-459,Box 459,1,www.aa.org,ok
1730,Box 459 - Le message des AA sans frontières à la Réunion mondiale des Services,https://www.aa.org/sites/default/files/newsletters/fr_box459_feb-mar03.pdf,fr_box459_feb-mar03.pdf,,,,Newsletter: Box 4-5-9,Newsletters,French,Newsletter,,112922,110.3 KB,2021-07-20,https://www.aa.org/fr/box-459,Box 459,1,www.aa.org,ok
1731,Box 459 - Le messagee des A.A. est transmis à 114 pays autour du monde,https://www.aa.org/sites/default/files/newsletters/fr_box459_aug-sept84.pdf,fr_box459_aug-sept84.pdf,,,,Newsletter: Box 4-5-9,Newsletters,French,Newsletter,,1910881,1.8 MB,2021-07-20,https://www.aa.org/fr/box-459,Box 459,1,www.aa.org,ok
1732,Box 459 - Le mois de la gratitude - Une chance de dire 'Merci',https://www.aa.org/sites/default/files/newsletters/fr_box459_oct-nov00.pdf,fr_box459_oct-nov00.pdf,,,,Newsletter: Box 4-5-9,Newsletters,French,Newsletter,,2808690,2.7 MB,2021-07-20,https://www.aa.org/fr/box-459,Box 459,1,www.aa.org,ok
1733,Box 459 - Le mois de la gratitude et le plan anniversaire,https://www.aa.org/sites/default/files/newsletters/fr_box459_fall16.pdf,fr_box459_fall16.pdf,,,,Newsletter: Box 4-5-9,Newsletters,French,Newsletter,,1491610,1.4 MB,2021-07-20,https://www.aa.org/fr/box-459,Box 459,1,www.aa.org,ok
1734,Box 459 - Le mois de la gratitude peut se prolonger I'année durant,https://www.aa.org/sites/default/files/newsletters/fr_box459_oct-nov96.pdf,fr_box459_oct-nov96.pdf,,,,Newsletter: Box 4-5-9,Newsletters,French,Newsletter,,3548493,3.4 MB,2021-07-19,https://www.aa.org/fr/box-459,Box 459,1,www.aa.org,ok
1735,Box 459 - Le nouveau Gros Livre « sans jaquette » : une solution pour mieux servir le Mouvement et transmettre le message,https://www.aa.org/sites/default/files/newsletters/FF-36_Box_4-5-9_Winter_2022.pdf,FF-36_Box_4-5-9_Winter_2022.pdf,FF-36,F-36,"Forms, Catalogs & Order Blanks",Newsletter: Box 4-5-9,Newsletters,French,Newsletter,2022,555551,542.5 KB,2023-01-09,https://www.aa.org/fr/box-459,Box 459,1,www.aa.org,ok
1736,Box 459 - Le parrainage est une voie à deux sens,https://www.aa.org/sites/default/files/newsletters/fr_box459_april-may98.pdf,fr_box459_april-may98.pdf,,,,Newsletter: Box 4-5-9,Newsletters,French,Newsletter,,3095558,3.0 MB,2021-07-19,https://www.aa.org/fr/box-459,Box 459,1,www.aa.org,ok
1737,Box 459 - Le parrainage est-il en voie de disparition?,https://www.aa.org/sites/default/files/newsletters/fr_box459_april-may91.pdf,fr_box459_april-may91.pdf,,,,Newsletter: Box 4-5-9,Newsletters,French,Newsletter,,3136889,3.0 MB,2021-07-19,https://www.aa.org/fr/box-459,Box 459,1,www.aa.org,ok
1738,Box 459 - Le profil A.A. se précise grâce aux résultats du sondage,https://www.aa.org/sites/default/files/newsletters/fr_box459_oct-nov81.pdf,fr_box459_oct-nov81.pdf,,,,Newsletter: Box 4-5-9,Newsletters,French,Newsletter,,5309645,5.1 MB,2021-07-19,https://www.aa.org/fr/box-459,Box 459,1,www.aa.org,ok
1739,Box 459 - Le père Ed Dowling – Confident et ami de Bill,https://www.aa.org/sites/default/files/newsletters/fr_box459_aug-sept06.pdf,fr_box459_aug-sept06.pdf,,,,Newsletter: Box 4-5-9,Newsletters,French,Newsletter,,188373,184.0 KB,2021-07-20,https://www.aa.org/fr/box-459,Box 459,1,www.aa.org,ok
1740,Box 459 - Le Service: De la préparation du café jusqu' à la conférence,https://www.aa.org/sites/default/files/newsletters/fr_box459_aug-sept82.pdf,fr_box459_aug-sept82.pdf,,,,Newsletter: Box 4-5-9,Newsletters,French,Newsletter,,1427315,1.4 MB,2021-07-20,https://www.aa.org/fr/box-459,Box 459,1,www.aa.org,ok
1741,Box 459 - Le site Web du BSG subit une autre révision,https://www.aa.org/sites/default/files/newsletters/fr_box459_april-may06.pdf,fr_box459_april-may06.pdf,,,,Newsletter: Box 4-5-9,Newsletters,French,Newsletter,,284733,278.1 KB,2021-07-19,https://www.aa.org/fr/box-459,Box 459,1,www.aa.org,ok
1742,Box 459 - Le sondage sur le Mouvement des A.A. confirme les tendances prévues,https://www.aa.org/sites/default/files/newsletters/fr_box459_oct-nov87.pdf,fr_box459_oct-nov87.pdf,,,,Newsletter: Box 4-5-9,Newsletters,French,Newsletter,,2795697,2.7 MB,2021-09-01,https://www.aa.org/fr/box-459,Box 459,1,www.aa.org,ok
1743,Box 459 - Le séminaire de l'ICOAA : Communiquer un but commun,https://www.aa.org/sites/default/files/newsletters/fr_box459_holiday20.pdf,fr_box459_holiday20.pdf,,,,Newsletter: Box 4-5-9,Newsletters,French,Newsletter,,1484021,1.4 MB,2021-07-20,https://www.aa.org/fr/box-459,Box 459,1,www.aa.org,ok
1744,Box 459 - Le Theme et l'ordre du jour de la conference 1974,https://www.aa.org/sites/default/files/newsletters/fr_box459_feb-mar74.pdf,fr_box459_feb-mar74.pdf,,,,Newsletter: Box 4-5-9,Newsletters,French,Conference; Newsletter,1974,837988,818.3 KB,2021-07-20,https://www.aa.org/fr/box-459,Box 459,1,www.aa.org,ok
1745,Box 459 - Le tout premier Forum spécial en ligne dédié aux alcooliques sourds répond à un besoin exprimé au sein du Mouvement,https://www.aa.org/sites/default/files/newsletters/FF-36_spring2026.pdf,FF-36_spring2026.pdf,FF-36,F-36,"Forms, Catalogs & Order Blanks",Newsletter: Box 4-5-9,Newsletters,French,Regional Forum; Newsletter,2026,3153518,3.0 MB,2026-06-24,https://www.aa.org/fr/box-459,Box 459,1,www.aa.org,ok
1746,Box 459 - Les A.A. de Pologne se portent bien,https://www.aa.org/sites/default/files/newsletters/fr_box459_april-may87.pdf,fr_box459_april-may87.pdf,,,,Newsletter: Box 4-5-9,Newsletters,French,Newsletter,,2781530,2.7 MB,2021-07-19,https://www.aa.org/fr/box-459,Box 459,1,www.aa.org,ok
1747,Box 459 - Les A.A. reçoivent le prix du travail bénévole,https://www.aa.org/sites/default/files/newsletters/fr_box459_aug-sept83.pdf,fr_box459_aug-sept83.pdf,,,,Newsletter: Box 4-5-9,Newsletters,French,Newsletter,,1556852,1.5 MB,2021-07-20,https://www.aa.org/fr/box-459,Box 459,1,www.aa.org,ok
1748,Box 459 - Les AA dans le cyberespace – Le site Web des AA du BSG fait un autre pas en avant,https://www.aa.org/sites/default/files/newsletters/fr_box459_oct-nov08.pdf,fr_box459_oct-nov08.pdf,,,,Newsletter: Box 4-5-9,Newsletters,French,Newsletter,,244665,238.9 KB,2021-07-20,https://www.aa.org/fr/box-459,Box 459,1,www.aa.org,ok
1749,Box 459 - Les AA de I'Indiana réinventent le ‹‹ six pack››,https://www.aa.org/sites/default/files/newsletters/fr_box459_april-may93.pdf,fr_box459_april-may93.pdf,,,,Newsletter: Box 4-5-9,Newsletters,French,Newsletter,,3456097,3.3 MB,2021-07-19,https://www.aa.org/fr/box-459,Box 459,1,www.aa.org,ok
1750,Box 459 - Les AA de Louisiane dévoilent les 'secrets' du Gros Livre,https://www.aa.org/sites/default/files/newsletters/fr_box459_april-may99.pdf,fr_box459_april-may99.pdf,,,,Newsletter: Box 4-5-9,Newsletters,French,Newsletter,,3181930,3.0 MB,2021-07-19,https://www.aa.org/fr/box-459,Box 459,1,www.aa.org,ok
1751,Box 459 - Les AA du Canada transmettent le message d’espoir aux Inuit et à leurs communautés,https://www.aa.org/sites/default/files/newsletters/fr_box459_oct-nov04.pdf,fr_box459_oct-nov04.pdf,,,,Newsletter: Box 4-5-9,Newsletters,French,Newsletter,,215802,210.7 KB,2021-07-20,https://www.aa.org/fr/box-459,Box 459,1,www.aa.org,ok
1752,Box 459 - Les AA sous la feuille d’érable – les débuts des AA au Canada,https://www.aa.org/sites/default/files/newsletters/fr_box459_febmar07.pdf,fr_box459_febmar07.pdf,,,,Newsletter: Box 4-5-9,Newsletters,French,Newsletter,,661361,645.9 KB,2021-07-20,https://www.aa.org/fr/box-459,Box 459,1,www.aa.org,ok
1753,Box 459 - Les actualités du Congrès international de 2025,https://www.aa.org/sites/default/files/newsletters/FF-36_Box_459_2024_Fall.pdf,FF-36_Box_459_2024_Fall.pdf,FF-36,F-36,"Forms, Catalogs & Order Blanks",Newsletter: Box 4-5-9,Newsletters,French,Newsletter,2025,1187283,1.1 MB,2024-11-19,https://www.aa.org/fr/box-459,Box 459,1,www.aa.org,ok
1754,Box 459 - Les actualités du Congrès international de 2025 : Le compte à rebours pour Vancouver est lancé!,https://www.aa.org/sites/default/files/newsletters/ff-36_spring2025.pdf,ff-36_spring2025.pdf,FF-36,F-36,"Forms, Catalogs & Order Blanks",Newsletter: Box 4-5-9,Newsletters,French,Newsletter,2025,2757154,2.6 MB,2025-05-29,https://www.aa.org/fr/box-459,Box 459,1,www.aa.org,ok
1755,Box 459 - Les brochures AA adoptent un nouveau <<look>>,https://www.aa.org/sites/default/files/newsletters/fr_box459_feb-mar89.pdf,fr_box459_feb-mar89.pdf,,,,Newsletter: Box 4-5-9,Newsletters,French,Newsletter,,2782139,2.7 MB,2021-07-20,https://www.aa.org/fr/box-459,Box 459,1,www.aa.org,ok
1756,Box 459 - Les comités des administrateurs préparant la Conférence des Services généraux,https://www.aa.org/sites/default/files/newsletters/fr_box459_april-may89.pdf,fr_box459_april-may89.pdf,,,,Newsletter: Box 4-5-9,Newsletters,French,Newsletter,,3065647,2.9 MB,2021-07-19,https://www.aa.org/fr/box-459,Box 459,1,www.aa.org,ok
1757,Box 459 - Les Croates portent le message (et les ivrognes) comme ils peuvent,https://www.aa.org/sites/default/files/newsletters/fr_box459_feb-mar00.pdf,fr_box459_feb-mar00.pdf,,,,Newsletter: Box 4-5-9,Newsletters,French,Newsletter,,2927934,2.8 MB,2021-07-20,https://www.aa.org/fr/box-459,Box 459,1,www.aa.org,ok
1758,Box 459 - Les célébrations du 55e anniversaire des AA - Un temps pour fraterniser et stamuser dans un esprit de support autonome,https://www.aa.org/sites/default/files/newsletters/fr_box459_april-may90.pdf,fr_box459_april-may90.pdf,,,,Newsletter: Box 4-5-9,Newsletters,French,Newsletter,,3094150,3.0 MB,2021-07-19,https://www.aa.org/fr/box-459,Box 459,1,www.aa.org,ok
1759,Box 459 - Les Decisions de la Conference Confirment nos Traditions et Services,https://www.aa.org/sites/default/files/newsletters/fr_box459_june-july72.pdf,fr_box459_june-july72.pdf,,,,Newsletter: Box 4-5-9,Newsletters,French,Twelve Traditions; Conference; Newsletter,,1935669,1.8 MB,2021-07-20,https://www.aa.org/fr/box-459,Box 459,1,www.aa.org,ok
1760,Box 459 - Les Districts absents – un sujet d’attention dans plusieurs régions,https://www.aa.org/sites/default/files/newsletters/fr_box459_febmar06.pdf,fr_box459_febmar06.pdf,,,,Newsletter: Box 4-5-9,Newsletters,French,Group Service; Newsletter,,767563,749.6 KB,2021-07-20,https://www.aa.org/fr/box-459,Box 459,1,www.aa.org,ok
1761,Box 459 - Les Douze Concepts du service mondial des AA,https://www.aa.org/sites/default/files/newsletters/fr_box459_fall11.pdf,fr_box459_fall11.pdf,,,,Newsletter: Box 4-5-9,Newsletters,French,Twelve Concepts; Newsletter,,644274,629.2 KB,2021-07-20,https://www.aa.org/fr/box-459,Box 459,1,www.aa.org,ok
1762,Box 459 - Les Douze Concepts illustrés,https://www.aa.org/sites/default/files/newsletters/fr_box459_feb-mar87.pdf,fr_box459_feb-mar87.pdf,,,,Newsletter: Box 4-5-9,Newsletters,French,Twelve Concepts; Newsletter,,2600556,2.5 MB,2021-07-20,https://www.aa.org/fr/box-459,Box 459,1,www.aa.org,ok
1763,Box 459 - Les délégués portent le message de Ia 35e Conférence aux membres de leurs districts,https://www.aa.org/sites/default/files/newsletters/fr_box459_oct-nov85.pdf,fr_box459_oct-nov85.pdf,,,,Newsletter: Box 4-5-9,Newsletters,French,Group Service; Newsletter,,3281931,3.1 MB,2021-07-19,https://www.aa.org/fr/box-459,Box 459,1,www.aa.org,ok
1764,Box 459 - Les films sur les A.A. et leur processus d'évolution,https://www.aa.org/sites/default/files/newsletters/fr_box459_feb-mar88.pdf,fr_box459_feb-mar88.pdf,,,,Newsletter: Box 4-5-9,Newsletters,French,Newsletter,,2855607,2.7 MB,2021-07-20,https://www.aa.org/fr/box-459,Box 459,1,www.aa.org,ok
1765,Box 459 - Les Forums régionaux contribuent à I'épanouissement de I'unité et du service,https://www.aa.org/sites/default/files/newsletters/fr_box459_feb-mar84.pdf,fr_box459_feb-mar84.pdf,,,,Newsletter: Box 4-5-9,Newsletters,French,Regional Forum; Newsletter,,1883554,1.8 MB,2021-07-20,https://www.aa.org/fr/box-459,Box 459,1,www.aa.org,ok
1766,Box 459 - Les Intergroupes/Bureaux centraux : hier et aujourd’hui,https://www.aa.org/sites/default/files/newsletters/fr_box459_fall17.pdf,fr_box459_fall17.pdf,,,,Newsletter: Box 4-5-9,Newsletters,French,Newsletter,,1676176,1.6 MB,2021-07-20,https://www.aa.org/fr/box-459,Box 459,1,www.aa.org,ok
1767,Box 459 - Les intergroupes/Bureaux centraux : la première ligne des AA,https://www.aa.org/sites/default/files/newsletters/fr_box459_aug-sept07.pdf,fr_box459_aug-sept07.pdf,,,,Newsletter: Box 4-5-9,Newsletters,French,Newsletter,,366733,358.1 KB,2021-07-20,https://www.aa.org/fr/box-459,Box 459,1,www.aa.org,ok
1768,Box 459 - Les membres sont requis d'examiner les questions de la Conference de 1978 et d'en informer les delegues regionaux,https://www.aa.org/sites/default/files/newsletters/fr_box459_feb-mar78.pdf,fr_box459_feb-mar78.pdf,,,,Newsletter: Box 4-5-9,Newsletters,French,Conference; Newsletter; Form / Application,1978,1024957,1000.9 KB,2021-07-20,https://www.aa.org/fr/box-459,Box 459,1,www.aa.org,ok
1769,Box 459 - Les origines obscures de la Prière de la Sérénité,https://www.aa.org/sites/default/files/newsletters/fr_box459_aug-sept92.pdf,fr_box459_aug-sept92.pdf,,,,Newsletter: Box 4-5-9,Newsletters,French,Newsletter,,3022011,2.9 MB,2021-07-20,https://www.aa.org/fr/box-459,Box 459,1,www.aa.org,ok
1770,Box 459 - Les plans de la conference presque complets,https://www.aa.org/sites/default/files/newsletters/fr_box459_april-may78.pdf,fr_box459_april-may78.pdf,,,,Newsletter: Box 4-5-9,Newsletters,French,Conference; Newsletter,,1525437,1.5 MB,2021-07-19,https://www.aa.org/fr/box-459,Box 459,1,www.aa.org,ok
1771,Box 459 - Les presentamos a cuatro nuevos custodios clase B de la Junta de Servicios Generales,https://www.aa.org/sites/default/files/newsletters/sf-36_fall2023_0.pdf,sf-36_fall2023_0.pdf,SF-36,F-36,"Forms, Catalogs & Order Blanks",Newsletter: Box 4-5-9,Newsletters,Spanish,Newsletter,2023,5231202,5.0 MB,2023-11-30,https://www.aa.org/es/box-459,Box 459,1,www.aa.org,ok
1772,Box 459 - Les prix de la littérature A.A. sont encore réduits grâce à I'augmentation des contributions,https://www.aa.org/sites/default/files/newsletters/fr_box459_feb-mar80.pdf,fr_box459_feb-mar80.pdf,,,,Newsletter: Box 4-5-9,Newsletters,French,Self-Support; Newsletter,,1553960,1.5 MB,2021-07-20,https://www.aa.org/fr/box-459,Box 459,1,www.aa.org,ok
1773,Box 459 - Les responsable des publications peuvent faire une grande différence,https://www.aa.org/sites/default/files/newsletters/fr_box459_aug-sept91.pdf,fr_box459_aug-sept91.pdf,,,,Newsletter: Box 4-5-9,Newsletters,French,Newsletter,,3088773,2.9 MB,2021-07-20,https://www.aa.org/fr/box-459,Box 459,1,www.aa.org,ok
1774,Box 459 - Les réunions de zone subsahariennes sont confrontées à d'énormes défis dans les structures de service émergeantes,https://www.aa.org/sites/default/files/newsletters/fr_box459_aug-sept03.pdf,fr_box459_aug-sept03.pdf,,,,Newsletter: Box 4-5-9,Newsletters,French,Newsletter,,419192,409.4 KB,2021-07-20,https://www.aa.org/fr/box-459,Box 459,1,www.aa.org,ok
1775,Box 459 - Les réunions pour débutants offrent un double avantage aux groupes,https://www.aa.org/sites/default/files/newsletters/fr_box459_april-may80.pdf,fr_box459_april-may80.pdf,,,,Newsletter: Box 4-5-9,Newsletters,French,Newsletter,,1784250,1.7 MB,2021-07-19,https://www.aa.org/fr/box-459,Box 459,1,www.aa.org,ok
1776,Box 459 - Les réunions-discussion influencent la vie de groupe A.A.,https://www.aa.org/sites/default/files/newsletters/fr_box459_oct-nov79.pdf,fr_box459_oct-nov79.pdf,,,,Newsletter: Box 4-5-9,Newsletters,French,Newsletter,,1774860,1.7 MB,2021-07-19,https://www.aa.org/fr/box-459,Box 459,1,www.aa.org,ok
1777,Box 459 - LesA A en Inde élargissent sans cesse 'le chemin vers un heureux destin',https://www.aa.org/sites/default/files/newsletters/fr_box459_aug-sept01.pdf,fr_box459_aug-sept01.pdf,,,,Newsletter: Box 4-5-9,Newsletters,French,Newsletter,,1437534,1.4 MB,2021-07-20,https://www.aa.org/fr/box-459,Box 459,1,www.aa.org,ok
1778,Box 459 - Lesquels conviennent plus specialement a ces alcooliques ? reunions ou groupes?,https://www.aa.org/sites/default/files/newsletters/fr_box459_aug-sept72.pdf,fr_box459_aug-sept72.pdf,,,,Newsletter: Box 4-5-9,Newsletters,French,Newsletter,,720425,703.5 KB,2021-07-20,https://www.aa.org/fr/box-459,Box 459,1,www.aa.org,ok
1779,Box 459 - Let Your Group Know About A.A.'s…,https://www.aa.org/sites/default/files/newsletters/en_box459_oct-nov02.pdf,en_box459_oct-nov02.pdf,,,,Newsletter: Box 4-5-9,Newsletters,English,Newsletter,,179146,174.9 KB,2021-07-14,https://www.aa.org/box-459,Box 459,1,www.aa.org,ok
1780,Box 459 - Let's Make Them Want to 'Keep Coming Back',https://www.aa.org/sites/default/files/newsletters/en_box459_feb-mar82.pdf,en_box459_feb-mar82.pdf,,,,Newsletter: Box 4-5-9,Newsletters,English,Newsletter,,790227,771.7 KB,2021-07-15,https://www.aa.org/box-459,Box 459,1,www.aa.org,ok
1781,Box 459 - Let's Take a Closer Look at Our Tradition of Self-Support,https://www.aa.org/sites/default/files/newsletters/en_box459_oct-nov82.pdf,en_box459_oct-nov82.pdf,,,,Newsletter: Box 4-5-9,Newsletters,English,Twelve Traditions; Self-Support; Newsletter,,874057,853.6 KB,2021-07-14,https://www.aa.org/box-459,Box 459,1,www.aa.org,ok
1782,Box 459 - Literatura — Una Ayuda para todo Miembro de A.A.,https://www.aa.org/sites/default/files/newsletters/sp_box459_aug-sept71.pdf,sp_box459_aug-sept71.pdf,,,,Newsletter: Box 4-5-9,Newsletters,Spanish,Newsletter,,563028,549.8 KB,2021-07-16,https://www.aa.org/es/box-459,Box 459,1,www.aa.org,ok
1783,Box 459 - Literature Chairpersons Can Make a Big Difference,https://www.aa.org/sites/default/files/newsletters/en_box459_aug-sept91.pdf,en_box459_aug-sept91.pdf,,,,Newsletter: Box 4-5-9,Newsletters,English,Newsletter,,1918003,1.8 MB,2021-07-14,https://www.aa.org/box-459,Box 459,1,www.aa.org,ok
1784,Box 459 - Literature Projects Crowd the Schedule of The 1984 Conference,https://www.aa.org/sites/default/files/newsletters/en_box459_june-july84.pdf,en_box459_june-july84.pdf,,,,Newsletter: Box 4-5-9,Newsletters,English,Conference; Newsletter,1984,2414985,2.3 MB,2021-07-14,https://www.aa.org/box-459,Box 459,1,www.aa.org,ok
1785,Box 459 - Literature-Help for Every A.A. Member,https://www.aa.org/sites/default/files/newsletters/en_box459_aug-sept71.pdf,en_box459_aug-sept71.pdf,,,,Newsletter: Box 4-5-9,Newsletters,English,Newsletter,,629979,615.2 KB,2021-07-14,https://www.aa.org/box-459,Box 459,1,www.aa.org,ok
1786,Box 459 - Llega un nuevo Libro Grande en ASL,https://www.aa.org/sites/default/files/newsletters/sp_box459_holiday19.pdf,sp_box459_holiday19.pdf,,,,Newsletter: Box 4-5-9,Newsletters,Spanish,Newsletter,,1026071,1002.0 KB,2021-07-16,https://www.aa.org/es/box-459,Box 459,1,www.aa.org,ok
1787,Box 459 - Llegar joven a A.A. y mantenerse sobrio,https://www.aa.org/sites/default/files/newsletters/sp_box459_oct-nov07.pdf,sp_box459_oct-nov07.pdf,,,,Newsletter: Box 4-5-9,Newsletters,Spanish,Newsletter,,251212,245.3 KB,2021-09-01,https://www.aa.org/es/box-459,Box 459,1,www.aa.org,ok
1788,Box 459 - Llevando el mensaje por medio de la literatura - dese twi hasta konkani,https://www.aa.org/sites/default/files/newsletters/sp_box459_spring17_0.pdf,sp_box459_spring17_0.pdf,,,,Newsletter: Box 4-5-9,Newsletters,Spanish,Newsletter,,779478,761.2 KB,2021-09-01,https://www.aa.org/es/box-459,Box 459,1,www.aa.org,ok
1789,Box 459 - Local Arteries of A.A. Life,https://www.aa.org/sites/default/files/newsletters/en_box459_april-may68_0.pdf,en_box459_april-may68_0.pdf,,,,Newsletter: Box 4-5-9,Newsletters,English,Newsletter,,981843,958.8 KB,2021-07-14,https://www.aa.org/box-459,Box 459,1,www.aa.org,ok
1790,Box 459 - Londres sera le site de la réunion des Services Mondiaux en 1974,https://www.aa.org/sites/default/files/newsletters/fr_box459_holiday72.pdf,fr_box459_holiday72.pdf,,,,Newsletter: Box 4-5-9,Newsletters,French,Newsletter,1974,542039,529.3 KB,2021-07-20,https://www.aa.org/fr/box-459,Box 459,1,www.aa.org,ok
1791,Box 459 - Los A.A. de India construyen un 'camino del destino feliz' cada vez más amplio,https://www.aa.org/sites/default/files/newsletters/sp_box459_aug-sept01.pdf,sp_box459_aug-sept01.pdf,,,,Newsletter: Box 4-5-9,Newsletters,Spanish,Newsletter,,3635495,3.5 MB,2021-07-16,https://www.aa.org/es/box-459,Box 459,1,www.aa.org,ok
1792,Box 459 - Los A.A. de Indiana vuelven a inventar el paquete de seis,https://www.aa.org/sites/default/files/newsletters/sp_box459_april-may93.pdf,sp_box459_april-may93.pdf,,,,Newsletter: Box 4-5-9,Newsletters,Spanish,Newsletter,,2362414,2.3 MB,2021-07-15,https://www.aa.org/es/box-459,Box 459,1,www.aa.org,ok
1793,"Box 459 - Los A.A. de Louisiana comparten ""secretos"" del Libro Grande",https://www.aa.org/sites/default/files/newsletters/sp_box459_april-may99.pdf,sp_box459_april-may99.pdf,,,,Newsletter: Box 4-5-9,Newsletters,Spanish,Newsletter,,2192214,2.1 MB,2021-07-15,https://www.aa.org/es/box-459,Box 459,1,www.aa.org,ok
1794,Box 459 - Los A.A. de todas partes del mundo se dirigen a San Diego,https://www.aa.org/sites/default/files/newsletters/sp_box459_april-may95.pdf,sp_box459_april-may95.pdf,,,,Newsletter: Box 4-5-9,Newsletters,Spanish,Newsletter,,1426149,1.4 MB,2021-07-15,https://www.aa.org/es/box-459,Box 459,1,www.aa.org,ok
1795,Box 459 - Los A.A. del Canadá llevan el mensaje de esperanza a los inuit y sus comunidades,https://www.aa.org/sites/default/files/newsletters/sp_box459_oct-nov04.pdf,sp_box459_oct-nov04.pdf,,,,Newsletter: Box 4-5-9,Newsletters,Spanish,Newsletter,,117593,114.8 KB,2021-07-19,https://www.aa.org/es/box-459,Box 459,1,www.aa.org,ok
1796,Box 459 - Los A.A.s de Habla Hispana Aumentan Actividades,https://www.aa.org/sites/default/files/newsletters/sp_box459_aug-sept78.pdf,sp_box459_aug-sept78.pdf,,,,Newsletter: Box 4-5-9,Newsletters,Spanish,Newsletter,,977697,954.8 KB,2021-07-16,https://www.aa.org/es/box-459,Box 459,1,www.aa.org,ok
1797,Box 459 - Los coordinadores de literatura pueden desempeñar un papel decisivo,https://www.aa.org/sites/default/files/newsletters/sp_box459_aug-sept91.pdf,sp_box459_aug-sept91.pdf,,,,Newsletter: Box 4-5-9,Newsletters,Spanish,Newsletter,,2176052,2.1 MB,2021-07-16,https://www.aa.org/es/box-459,Box 459,1,www.aa.org,ok
1798,Box 459 - Los coratas llevan el mensaje (y a los borrachos) comoquiera que puedan,https://www.aa.org/sites/default/files/newsletters/sp_box459_feb-mar00.pdf,sp_box459_feb-mar00.pdf,,,,Newsletter: Box 4-5-9,Newsletters,Spanish,Newsletter,,3233264,3.1 MB,2021-07-16,https://www.aa.org/es/box-459,Box 459,1,www.aa.org,ok
1799,Box 459 - Los Delegados Llevan el Mensaje de la XXXV Conferencia a Sus Areas,https://www.aa.org/sites/default/files/newsletters/sp_box459_oct-nov85.pdf,sp_box459_oct-nov85.pdf,,,,Newsletter: Box 4-5-9,Newsletters,Spanish,Newsletter,,2033612,1.9 MB,2021-07-19,https://www.aa.org/es/box-459,Box 459,1,www.aa.org,ok
1800,Box 459 - Los distritos 'oscuros' — un enfoque para muchos delegados de área,https://www.aa.org/sites/default/files/newsletters/sp_box459_febmar06.pdf,sp_box459_febmar06.pdf,,,,Newsletter: Box 4-5-9,Newsletters,Spanish,Newsletter,,128391,125.4 KB,2021-07-16,https://www.aa.org/es/box-459,Box 459,1,www.aa.org,ok
1801,Box 459 - Los Doce Conceptos para el servicio mundial de A.A.,https://www.aa.org/sites/default/files/newsletters/sp_box459_fall11.pdf,sp_box459_fall11.pdf,,,,Newsletter: Box 4-5-9,Newsletters,Spanish,Twelve Concepts; Newsletter,,527757,515.4 KB,2021-07-16,https://www.aa.org/es/box-459,Box 459,1,www.aa.org,ok
1802,Box 459 - Los Frutos de los Foros Regionales: Servicio y Unidad,https://www.aa.org/sites/default/files/newsletters/sp_box459_feb-mar84.pdf,sp_box459_feb-mar84.pdf,,,,Newsletter: Box 4-5-9,Newsletters,Spanish,Newsletter,,1043725,1019.3 KB,2021-07-16,https://www.aa.org/es/box-459,Box 459,1,www.aa.org,ok
1803,Box 459 - Los inciertos orígenes de la Oración de la Serenidad,https://www.aa.org/sites/default/files/newsletters/sp_box459_aug-sept92.pdf,sp_box459_aug-sept92.pdf,,,,Newsletter: Box 4-5-9,Newsletters,Spanish,Newsletter,,3035403,2.9 MB,2021-07-16,https://www.aa.org/es/box-459,Box 459,1,www.aa.org,ok
1804,"Box 459 - Los Miembros A.A. en Centro América y México son mas de 50,000",https://www.aa.org/sites/default/files/newsletters/sp_box459_aug-sept76.pdf,sp_box459_aug-sept76.pdf,,,,Newsletter: Box 4-5-9,Newsletters,Spanish,Newsletter,,927781,906.0 KB,2021-07-16,https://www.aa.org/es/box-459,Box 459,1,www.aa.org,ok
1805,Box 459 - Los miembros ayudan a los A.A. en las inundaciones de North Dakota,https://www.aa.org/sites/default/files/newsletters/sp_box459_aug-sept97.pdf,sp_box459_aug-sept97.pdf,,,,Newsletter: Box 4-5-9,Newsletters,Spanish,Newsletter,,1778686,1.7 MB,2021-07-16,https://www.aa.org/es/box-459,Box 459,1,www.aa.org,ok
1806,Box 459 - Louisiana A.A. Shares 'Secrets' From the Big Book,https://www.aa.org/sites/default/files/newsletters/en_box459_april-may99.pdf,en_box459_april-may99.pdf,,,,Newsletter: Box 4-5-9,Newsletters,English,Newsletter,,3388320,3.2 MB,2021-07-14,https://www.aa.org/box-459,Box 459,1,www.aa.org,ok
1807,Box 459 - L’anonymat et le Congrès international 2015,https://www.aa.org/sites/default/files/newsletters/fr_box459_spring15.pdf,fr_box459_spring15.pdf,,,,Newsletter: Box 4-5-9,Newsletters,French,Newsletter,2015,1395557,1.3 MB,2021-07-19,https://www.aa.org/fr/box-459,Box 459,1,www.aa.org,ok
1808,Box 459 - L’application Meeting Guide,https://www.aa.org/sites/default/files/newsletters/fr_box459_fall19.pdf,fr_box459_fall19.pdf,,,,Newsletter: Box 4-5-9,Newsletters,French,Newsletter; Workbook / Kit; Form / Application,,1068792,1.0 MB,2021-07-20,https://www.aa.org/fr/box-459,Box 459,1,www.aa.org,ok
1809,Box 459 - L’homme sur le lit : Le membre des AA numéro trois,https://www.aa.org/sites/default/files/newsletters/fr_box459_spring12.pdf,fr_box459_spring12.pdf,,,,Newsletter: Box 4-5-9,Newsletters,French,Newsletter,,2675612,2.6 MB,2021-07-19,https://www.aa.org/fr/box-459,Box 459,1,www.aa.org,ok
1810,Box 459 - L’ouragan Katrina – Un an plus tard,https://www.aa.org/sites/default/files/newsletters/fr_box459_oct-nov06.pdf,fr_box459_oct-nov06.pdf,,,,Newsletter: Box 4-5-9,Newsletters,French,Newsletter,,233703,228.2 KB,2021-07-20,https://www.aa.org/fr/box-459,Box 459,1,www.aa.org,ok
1811,Box 459 - L’unicité de but,https://www.aa.org/sites/default/files/newsletters/fr_box459_april-may04.pdf,fr_box459_april-may04.pdf,,,,Newsletter: Box 4-5-9,Newsletters,French,Newsletter,,285681,279.0 KB,2021-07-19,https://www.aa.org/fr/box-459,Box 459,1,www.aa.org,ok
1812,Box 459 - Making A.A. Accessible To the Alcoholic With Special Needs,https://www.aa.org/sites/default/files/newsletters/en_box459_oct-nov91.pdf,en_box459_oct-nov91.pdf,,,,Newsletter: Box 4-5-9,Newsletters,English,Accessibility; Newsletter,,3316521,3.2 MB,2021-07-14,https://www.aa.org/box-459,Box 459,1,www.aa.org,ok
1813,Box 459 - Making Way for the Future: G.S.O.’s A.A. Archives Gets a...,https://www.aa.org/sites/default/files/newsletters/en_box459_spring10.pdf,en_box459_spring10.pdf,,,,Newsletter: Box 4-5-9,Newsletters,English,Archives; Newsletter,,962435,939.9 KB,2021-07-14,https://www.aa.org/box-459,Box 459,1,www.aa.org,ok
1814,Box 459 - Man On the Bed: A.A. Number Three,https://www.aa.org/sites/default/files/newsletters/en_box459_spring12.pdf,en_box459_spring12.pdf,,,,Newsletter: Box 4-5-9,Newsletters,English,Newsletter,,609893,595.6 KB,2021-07-14,https://www.aa.org/box-459,Box 459,1,www.aa.org,ok
1815,Box 459 - Me enteré por…,https://www.aa.org/sites/default/files/newsletters/FS-36_Box_4-5-9_Summer_2022_0.pdf,FS-36_Box_4-5-9_Summer_2022_0.pdf,,,,Newsletter: Box 4-5-9,Newsletters,Spanish,Newsletter,2022,5497847,5.2 MB,2022-08-15,https://www.aa.org/es/box-459,Box 459,1,www.aa.org,ok
1816,Box 459 - Meet Four New Class B General Service Board Trustees,https://www.aa.org/sites/default/files/newsletters/f-36_fall2023_0.pdf,f-36_fall2023_0.pdf,F-36,F-36,"Forms, Catalogs & Order Blanks",Newsletter: Box 4-5-9,Newsletters,English,Newsletter,2023,2857841,2.7 MB,2023-11-30,https://www.aa.org/box-459,Box 459,1,www.aa.org,ok
1817,Box 459 - Meet New GSO Staff Member Nick S.,https://www.aa.org/sites/default/files/newsletters/f-36_spring2024_1.pdf,f-36_spring2024_1.pdf,F-36,F-36,"Forms, Catalogs & Order Blanks",Newsletter: Box 4-5-9,Newsletters,English,Newsletter,2024,2638504,2.5 MB,2024-11-01,https://www.aa.org/box-459,Box 459,1,www.aa.org,ok
1818,Box 459 - Meeting Uncertainty with Resiliency: G.S.O. in the Pandemic,https://www.aa.org/sites/default/files/newsletters/en_box459_summer_2020.pdf,en_box459_summer_2020.pdf,,,,Newsletter: Box 4-5-9,Newsletters,English,Newsletter,2020,786619,768.2 KB,2021-07-14,https://www.aa.org/box-459,Box 459,1,www.aa.org,ok
1819,Box 459 - Members Asked to Review 1978 Conference,https://www.aa.org/sites/default/files/newsletters/en_box459_feb-mar78.pdf,en_box459_feb-mar78.pdf,,,,Newsletter: Box 4-5-9,Newsletters,English,Conference; Newsletter,1978,1203894,1.1 MB,2021-07-15,https://www.aa.org/box-459,Box 459,1,www.aa.org,ok
1820,Box 459 - Members of A.A. Share Gratitude for Unity,https://www.aa.org/sites/default/files/newsletters/en_box459_nov63.pdf,en_box459_nov63.pdf,,,,Newsletter: Box 4-5-9,Newsletters,English,Newsletter,,575549,562.1 KB,2021-07-14,https://www.aa.org/box-459,Box 459,1,www.aa.org,ok
1821,Box 459 - Members Reach Out To A.A.s in Flooded North Dakota,https://www.aa.org/sites/default/files/newsletters/en_box459_aug-sept97.pdf,en_box459_aug-sept97.pdf,,,,Newsletter: Box 4-5-9,Newsletters,English,Newsletter,,3281696,3.1 MB,2021-07-14,https://www.aa.org/box-459,Box 459,1,www.aa.org,ok
1822,Box 459 - Memorial Issue - A notre Bill en douce memoire,https://www.aa.org/sites/default/files/newsletters/fr_box459_january_billmemorial71.pdf,fr_box459_january_billmemorial71.pdf,,,,Newsletter: Box 4-5-9,Newsletters,French,Newsletter,,633763,618.9 KB,2021-07-20,https://www.aa.org/fr/box-459,Box 459,1,www.aa.org,ok
1823,Box 459 - Mes de gratitud: Nuestra oportunidad de decir gracias a A.A.,https://www.aa.org/sites/default/files/newsletters/sp_box459_oct-nov00.pdf,sp_box459_oct-nov00.pdf,,,,Newsletter: Box 4-5-9,Newsletters,Spanish,Newsletter,,3299188,3.1 MB,2021-07-19,https://www.aa.org/es/box-459,Box 459,1,www.aa.org,ok
1824,Box 459 - Mesas de Trabajo Planeadas para la Conferencia,https://www.aa.org/sites/default/files/newsletters/sp_box459_april-may77.pdf,sp_box459_april-may77.pdf,,,,Newsletter: Box 4-5-9,Newsletters,Spanish,Newsletter,,996823,973.5 KB,2021-07-15,https://www.aa.org/es/box-459,Box 459,1,www.aa.org,ok
1825,Box 459 - Midsummer Night Miseries Can Turn to Joy in A.A.,https://www.aa.org/sites/default/files/newsletters/en_box459_summer69.pdf,en_box459_summer69.pdf,,,,Newsletter: Box 4-5-9,Newsletters,English,Newsletter,,740753,723.4 KB,2021-07-14,https://www.aa.org/box-459,Box 459,1,www.aa.org,ok
1826,Box 459 - Milestone in Grapevine History Celebrated,https://www.aa.org/sites/default/files/newsletters/en_box459_april-may78.pdf,en_box459_april-may78.pdf,,,,Newsletter: Box 4-5-9,Newsletters,English,Archives; Grapevine; Newsletter,,1339825,1.3 MB,2021-07-14,https://www.aa.org/box-459,Box 459,1,www.aa.org,ok
1827,"Box 459 - Millionieme exemplaire du ""Gross Livre"" a la maison blanche",https://www.aa.org/sites/default/files/newsletters/fr_box459_june-july73.pdf,fr_box459_june-july73.pdf,,,,Newsletter: Box 4-5-9,Newsletters,French,Newsletter,,874487,854.0 KB,2021-07-20,https://www.aa.org/fr/box-459,Box 459,1,www.aa.org,ok
1828,Box 459 - Minnesota to Nominate GSB Trustee,https://www.aa.org/sites/default/files/newsletters/en_box459_oct58.pdf,en_box459_oct58.pdf,,,,Newsletter: Box 4-5-9,Newsletters,English,Newsletter,,1046908,1022.4 KB,2021-07-14,https://www.aa.org/box-459,Box 459,1,www.aa.org,ok
1829,Box 459 - More Deaf Seek A.A. Help,https://www.aa.org/sites/default/files/newsletters/en_box459_feb-mar76.pdf,en_box459_feb-mar76.pdf,,,,Newsletter: Box 4-5-9,Newsletters,English,Accessibility; Newsletter,,1205638,1.1 MB,2021-07-15,https://www.aa.org/box-459,Box 459,1,www.aa.org,ok
1830,"Box 459 - More of the Young and Cross-Addicted Now in A.A., Survey Reveals",https://www.aa.org/sites/default/files/newsletters/en_box459_oct-nov84.pdf,en_box459_oct-nov84.pdf,,,,Newsletter: Box 4-5-9,Newsletters,English,Young People; Survey Data; Newsletter,,1307110,1.2 MB,2021-07-14,https://www.aa.org/box-459,Box 459,2,www.aa.org,ok
1831,Box 459 - More Questions About Anonymity,https://www.aa.org/sites/default/files/newsletters/en_box459_spring13.pdf,en_box459_spring13.pdf,,,,Newsletter: Box 4-5-9,Newsletters,English,Anonymity; Newsletter,,351888,343.6 KB,2021-07-14,https://www.aa.org/box-459,Box 459,1,www.aa.org,ok
1832,Box 459 - Much to be Thankful For! Unity - Harmony - Open Door,https://www.aa.org/sites/default/files/newsletters/en_box459_holiday66.pdf,en_box459_holiday66.pdf,,,,Newsletter: Box 4-5-9,Newsletters,English,Newsletter,,641648,626.6 KB,2021-07-15,https://www.aa.org/box-459,Box 459,1,www.aa.org,ok
1833,"Box 459 - Más de 5,500 Personas Hay Registradas para la Convención de Miami Beach",https://www.aa.org/sites/default/files/newsletters/sp_box459_april-may70.pdf,sp_box459_april-may70.pdf,,,,Newsletter: Box 4-5-9,Newsletters,Spanish,Newsletter,,723270,706.3 KB,2021-07-15,https://www.aa.org/es/box-459,Box 459,1,www.aa.org,ok
1834,Box 459 - Más preguntas sobre el anonimato,https://www.aa.org/sites/default/files/newsletters/sp_box459_spring13_1.pdf,sp_box459_spring13_1.pdf,,,,Newsletter: Box 4-5-9,Newsletters,Spanish,Newsletter,,666366,650.7 KB,2021-07-19,https://www.aa.org/es/box-459,Box 459,1,www.aa.org,ok
1835,Box 459 - Necesitamos Ayuda!,https://www.aa.org/sites/default/files/newsletters/sp_box459_feb-mar68.pdf,sp_box459_feb-mar68.pdf,,,,Newsletter: Box 4-5-9,Newsletters,Spanish,Newsletter,,601742,587.6 KB,2021-07-16,https://www.aa.org/es/box-459,Box 459,1,www.aa.org,ok
1836,Box 459 - New Archival Library at G.S.O. Shows the Roots of the Fellowship,https://www.aa.org/sites/default/files/newsletters/en_box459_aug-sept75.pdf,en_box459_aug-sept75.pdf,,,,Newsletter: Box 4-5-9,Newsletters,English,Newsletter,,1063012,1.0 MB,2021-07-14,https://www.aa.org/box-459,Box 459,1,www.aa.org,ok
1837,Box 459 - New Home for Your G.S.O.,https://www.aa.org/sites/default/files/newsletters/en_box459_april-may70.pdf,en_box459_april-may70.pdf,,,,Newsletter: Box 4-5-9,Newsletters,English,Newsletter,,915662,894.2 KB,2021-07-14,https://www.aa.org/box-459,Box 459,1,www.aa.org,ok
1838,Box 459 - New Leaflet on G.S.O. Services,https://www.aa.org/sites/default/files/newsletters/en_box459_aug61.pdf,en_box459_aug61.pdf,,,,Newsletter: Box 4-5-9,Newsletters,English,Newsletter,,426088,416.1 KB,2021-07-14,https://www.aa.org/box-459,Box 459,1,www.aa.org,ok
1839,Box 459 - New Third Edition of Big Book Adds Present-Day A.A. Stories,https://www.aa.org/sites/default/files/newsletters/en_box459_aug-sept76.pdf,en_box459_aug-sept76.pdf,,,,Newsletter: Box 4-5-9,Newsletters,English,Newsletter,,1220716,1.2 MB,2021-07-14,https://www.aa.org/box-459,Box 459,1,www.aa.org,ok
1840,Box 459 - New World Directory in Two Volumes,https://www.aa.org/sites/default/files/newsletters/en_box459_spring69.pdf,en_box459_spring69.pdf,,,,Newsletter: Box 4-5-9,Newsletters,English,Newsletter,,972254,949.5 KB,2021-07-14,https://www.aa.org/box-459,Box 459,1,www.aa.org,ok
1841,Box 459 - New Year - New Faces at G.S.O.,https://www.aa.org/sites/default/files/newsletters/en_box459_feb-mar68.pdf,en_box459_feb-mar68.pdf,,,,Newsletter: Box 4-5-9,Newsletters,English,Newsletter,,665304,649.7 KB,2021-07-15,https://www.aa.org/box-459,Box 459,1,www.aa.org,ok
1842,Box 459 - Nombrado Nuevo Presidente de la Junta,https://www.aa.org/sites/default/files/newsletters/sp_box459_june-july78.pdf,sp_box459_june-july78.pdf,,,,Newsletter: Box 4-5-9,Newsletters,Spanish,Newsletter,,947038,924.8 KB,2021-07-19,https://www.aa.org/es/box-459,Box 459,1,www.aa.org,ok
1843,Box 459 - Nos livres traversent les mers pour apporter des nouvelles d'espoir A.A.,https://www.aa.org/sites/default/files/newsletters/fr_box459_holiday79.pdf,fr_box459_holiday79.pdf,,,,Newsletter: Box 4-5-9,Newsletters,French,Newsletter,,1926637,1.8 MB,2021-07-20,https://www.aa.org/fr/box-459,Box 459,1,www.aa.org,ok
1844,Box 459 - Nota de Esta Oficina,https://www.aa.org/sites/default/files/newsletters/sp_box459_jul-aug66.pdf,sp_box459_jul-aug66.pdf,,,,Newsletter: Box 4-5-9,Newsletters,Spanish,Newsletter,,742082,724.7 KB,2021-09-02,https://www.aa.org/es/box-459,Box 459,1,www.aa.org,ok
1845,Box 459 - Nothing Quite Like an A.A. Christmas,https://www.aa.org/sites/default/files/newsletters/en_box459_holiday67.pdf,en_box459_holiday67.pdf,,,,Newsletter: Box 4-5-9,Newsletters,English,Newsletter,,660724,645.2 KB,2021-07-15,https://www.aa.org/box-459,Box 459,1,www.aa.org,ok
1846,Box 459 - Notre grande responsabilité : La sagesse du cofondateur des AA redécouverte,https://www.aa.org/sites/default/files/newsletters/fr_box459_spring19.pdf,fr_box459_spring19.pdf,,,,Newsletter: Box 4-5-9,Newsletters,French,Newsletter,,902753,881.6 KB,2021-07-19,https://www.aa.org/fr/box-459,Box 459,1,www.aa.org,ok
1847,Box 459 - Notre lien commun - 'Nous sommes tous différents',https://www.aa.org/sites/default/files/newsletters/fr_box459_april-may01.pdf,fr_box459_april-may01.pdf,,,,Newsletter: Box 4-5-9,Newsletters,French,Newsletter,,1562627,1.5 MB,2021-07-19,https://www.aa.org/fr/box-459,Box 459,1,www.aa.org,ok
1848,Box 459 - Nous avons besoin d'aide!,https://www.aa.org/sites/default/files/newsletters/fr_box459_feb-mar68.pdf,fr_box459_feb-mar68.pdf,,,,Newsletter: Box 4-5-9,Newsletters,French,Newsletter,,712358,695.7 KB,2021-07-20,https://www.aa.org/fr/box-459,Box 459,1,www.aa.org,ok
1849,Box 459 - Nouvelle consultante dans notre Bureau des Services Generaux,https://www.aa.org/sites/default/files/newsletters/fr_box459_oct-nov68.pdf,fr_box459_oct-nov68.pdf,,,,Newsletter: Box 4-5-9,Newsletters,French,Newsletter,,585609,571.9 KB,2021-07-20,https://www.aa.org/fr/box-459,Box 459,1,www.aa.org,ok
1850,Box 459 - Novedades de la Convención Internacional de 2025,https://www.aa.org/sites/default/files/newsletters/SF-36_Box_459_2024_Fall.pdf,SF-36_Box_459_2024_Fall.pdf,SF-36,F-36,"Forms, Catalogs & Order Blanks",Newsletter: Box 4-5-9,Newsletters,Spanish,Newsletter,2025,1594042,1.5 MB,2024-11-19,https://www.aa.org/es/box-459,Box 459,1,www.aa.org,ok
1851,Box 459 - Novedades de la Convención Internacional de 2025: ¡Cuenta regresiva para Vancouver!,https://www.aa.org/sites/default/files/newsletters/sf-36_spring2025.pdf,sf-36_spring2025.pdf,SF-36,F-36,"Forms, Catalogs & Order Blanks",Newsletter: Box 4-5-9,Newsletters,Spanish,Newsletter,2025,7604079,7.3 MB,2025-05-29,https://www.aa.org/es/box-459,Box 459,1,www.aa.org,ok
1852,Box 459 - Novembre est Ie mois de Ia gratitude chez les AA,https://www.aa.org/sites/default/files/newsletters/fr_box459_oct-nov94.pdf,fr_box459_oct-nov94.pdf,,,,Newsletter: Box 4-5-9,Newsletters,French,Newsletter,,2792509,2.7 MB,2021-07-19,https://www.aa.org/fr/box-459,Box 459,1,www.aa.org,ok
1853,Box 459 - Nuestra gran responsabilidad: Sabiduría redescubierta del cofundador de A.A.,https://www.aa.org/sites/default/files/newsletters/sp_box459_spring19.pdf,sp_box459_spring19.pdf,,,,Newsletter: Box 4-5-9,Newsletters,Spanish,Newsletter,,1032703,1008.5 KB,2021-07-19,https://www.aa.org/es/box-459,Box 459,1,www.aa.org,ok
1854,Box 459 - Nuestras más Sinceras Gracias a Todos Ustedes!,https://www.aa.org/sites/default/files/newsletters/sp_box459_feb64.pdf,sp_box459_feb64.pdf,,,,Newsletter: Box 4-5-9,Newsletters,Spanish,Newsletter,,4139335,3.9 MB,2021-07-16,https://www.aa.org/es/box-459,Box 459,1,www.aa.org,ok
1855,Box 459 - Nuestro vínculocomún: 'Todos somos diferentes',https://www.aa.org/sites/default/files/newsletters/sp_box459_april-may01.pdf,sp_box459_april-may01.pdf,,,,Newsletter: Box 4-5-9,Newsletters,Spanish,Newsletter,,3477165,3.3 MB,2021-07-15,https://www.aa.org/es/box-459,Box 459,1,www.aa.org,ok
1856,Box 459 - Nuestros Críticos Pueden Ser Nuestros Bienhechores,https://www.aa.org/sites/default/files/newsletters/sp_box459_april63.pdf,sp_box459_april63.pdf,,,,Newsletter: Box 4-5-9,Newsletters,Spanish,Newsletter,,789460,771.0 KB,2021-07-15,https://www.aa.org/es/box-459,Box 459,1,www.aa.org,ok
1857,Box 459 - Nueva Consultante en Español a Nuestra G.S.O.,https://www.aa.org/sites/default/files/newsletters/sp_box459_oct-nov68.pdf,sp_box459_oct-nov68.pdf,,,,Newsletter: Box 4-5-9,Newsletters,Spanish,Newsletter,,489744,478.3 KB,2021-07-19,https://www.aa.org/es/box-459,Box 459,1,www.aa.org,ok
1858,Box 459 - Nueva Consultante en Español a Nuestra G.S.O.,https://www.aa.org/sites/default/files/newsletters/sp_box459_oct-nov68_0.pdf,sp_box459_oct-nov68_0.pdf,,,,Newsletter: Box 4-5-9,Newsletters,Spanish,Newsletter,,489744,478.3 KB,2021-07-20,https://www.aa.org/es/box-459,Box 459,1,www.aa.org,ok
1859,Box 459 - Nueva revisión del Web site de la OSG,https://www.aa.org/sites/default/files/newsletters/sp_box459_april-may06.pdf,sp_box459_april-may06.pdf,,,,Newsletter: Box 4-5-9,Newsletters,Spanish,Newsletter,,201408,196.7 KB,2021-07-15,https://www.aa.org/es/box-459,Box 459,1,www.aa.org,ok
1860,Box 459 - Nuevo Estudio Demuestra que Crecen las Filas de Mujeres y Jóvenes en A.A.,https://www.aa.org/sites/default/files/newsletters/sp_box459_oct-nov78.pdf,sp_box459_oct-nov78.pdf,,,,Newsletter: Box 4-5-9,Newsletters,Spanish,Newsletter,,945315,923.2 KB,2021-07-19,https://www.aa.org/es/box-459,Box 459,1,www.aa.org,ok
1861,Box 459 - Nuevo Miembro del Personal de la G.S.O.,https://www.aa.org/sites/default/files/newsletters/sp_box459_oct62.pdf,sp_box459_oct62.pdf,,,,Newsletter: Box 4-5-9,Newsletters,Spanish,Newsletter,,605172,591.0 KB,2021-09-03,https://www.aa.org/es/box-459,Box 459,1,www.aa.org,ok
1862,Box 459 - Numéro de Conférence 1971,https://www.aa.org/sites/default/files/newsletters/fr_box459_june-july71.pdf,fr_box459_june-july71.pdf,,,,Newsletter: Box 4-5-9,Newsletters,French,Newsletter,1971,691176,675.0 KB,2021-07-20,https://www.aa.org/fr/box-459,Box 459,1,www.aa.org,ok
1863,Box 459 - Nunca es demasiado tarde para empezar a vivir sobrio,https://www.aa.org/sites/default/files/newsletters/sp_box459_oct-nov98.pdf,sp_box459_oct-nov98.pdf,,,,Newsletter: Box 4-5-9,Newsletters,Spanish,Newsletter,,2152034,2.1 MB,2021-07-19,https://www.aa.org/es/box-459,Box 459,1,www.aa.org,ok
1864,Box 459 - Ocasión Alegre: La Casa Abierta de la G.S.O.,https://www.aa.org/sites/default/files/newsletters/sp_box459_feb-mar86.pdf,sp_box459_feb-mar86.pdf,,,,Newsletter: Box 4-5-9,Newsletters,Spanish,Newsletter,,2122053,2.0 MB,2021-07-16,https://www.aa.org/es/box-459,Box 459,1,www.aa.org,ok
1865,Box 459 - October Is a Big A.A. Month,https://www.aa.org/sites/default/files/newsletters/en_box459_fall69.pdf,en_box459_fall69.pdf,,,,Newsletter: Box 4-5-9,Newsletters,English,Newsletter,,743978,726.5 KB,2021-07-15,https://www.aa.org/box-459,Box 459,1,www.aa.org,ok
1866,Box 459 - Olas de Gratitud en el Caribe,https://www.aa.org/sites/default/files/newsletters/sp_box459_april-may96.pdf,sp_box459_april-may96.pdf,,,,Newsletter: Box 4-5-9,Newsletters,Spanish,Newsletter,,2253759,2.1 MB,2021-07-15,https://www.aa.org/es/box-459,Box 459,1,www.aa.org,ok
1867,Box 459 - Our Common Bond - 'We're All Different',https://www.aa.org/sites/default/files/newsletters/en_box459_april-may01.pdf,en_box459_april-may01.pdf,,,,Newsletter: Box 4-5-9,Newsletters,English,Newsletter,,2964745,2.8 MB,2021-07-14,https://www.aa.org/box-459,Box 459,1,www.aa.org,ok
1868,Box 459 - Our Grapevine - Growing With A.A.,https://www.aa.org/sites/default/files/newsletters/en_box459_oct-nov73.pdf,en_box459_oct-nov73.pdf,,,,Newsletter: Box 4-5-9,Newsletters,English,Grapevine; Newsletter,,1023516,999.5 KB,2021-07-14,https://www.aa.org/box-459,Box 459,1,www.aa.org,ok
1869,Box 459 - Our Great Responsibility: Rediscovered Wisdom from A.A.’s Co-Founder,https://www.aa.org/sites/default/files/newsletters/en_box459_spring19.pdf,en_box459_spring19.pdf,,,,Newsletter: Box 4-5-9,Newsletters,English,Newsletter,,1473927,1.4 MB,2021-07-14,https://www.aa.org/box-459,Box 459,1,www.aa.org,ok
1870,"Box 459 - Par Tout le Monde, les AA Honorent Bill",https://www.aa.org/sites/default/files/newsletters/fr_box459_april-may71.pdf,fr_box459_april-may71.pdf,,,,Newsletter: Box 4-5-9,Newsletters,French,Newsletter,,748600,731.1 KB,2021-07-19,https://www.aa.org/fr/box-459,Box 459,1,www.aa.org,ok
1871,Box 459 - Para apoyar a la Comunidad: Nuevo departamento de servicios a los miembros y clientes de la OSG,https://www.aa.org/sites/default/files/newsletters/sp_box459_fall21.pdf,sp_box459_fall21.pdf,,,,Newsletter: Box 4-5-9,Newsletters,Spanish,Newsletter,,1289823,1.2 MB,2021-11-08,https://www.aa.org/es/box-459,Box 459,1,www.aa.org,ok
1872,Box 459 - Parlez à votre groupe du secret le mieux gardé chez les AA - le Box 4-5-9,https://www.aa.org/sites/default/files/newsletters/fr_box459_oct-nov02.pdf,fr_box459_oct-nov02.pdf,,,,Newsletter: Box 4-5-9,Newsletters,French,Newsletter,,93300,91.1 KB,2021-07-20,https://www.aa.org/fr/box-459,Box 459,1,www.aa.org,ok
1873,Box 459 - Participation Langue des signes américaine Les forums régionaux s’organisent,https://www.aa.org/sites/default/files/newsletters/fr_box459_holiday17.pdf,fr_box459_holiday17.pdf,,,,Newsletter: Box 4-5-9,Newsletters,French,Regional Forum; Newsletter,,1342774,1.3 MB,2021-07-20,https://www.aa.org/fr/box-459,Box 459,1,www.aa.org,ok
1874,Box 459 - Plan Sessions on Institutions,https://www.aa.org/sites/default/files/newsletters/en_box459_oct56.pdf,en_box459_oct56.pdf,,,,Newsletter: Box 4-5-9,Newsletters,English,Newsletter,,714051,697.3 KB,2021-07-14,https://www.aa.org/box-459,Box 459,1,www.aa.org,ok
1875,Box 459 - Please Bring Answers! Conference Time is Question Time for US at G.S.O.,https://www.aa.org/sites/default/files/newsletters/en_box459_april-may66.pdf,en_box459_april-may66.pdf,,,,Newsletter: Box 4-5-9,Newsletters,English,Conference; Newsletter,,642872,627.8 KB,2021-07-14,https://www.aa.org/box-459,Box 459,1,www.aa.org,ok
1876,Box 459 - Plus de 5.100 Inscrits a la reunion de Miami Beach,https://www.aa.org/sites/default/files/newsletters/fr_box459_april-may70.pdf,fr_box459_april-may70.pdf,,,,Newsletter: Box 4-5-9,Newsletters,French,Newsletter,,1133014,1.1 MB,2021-07-19,https://www.aa.org/fr/box-459,Box 459,1,www.aa.org,ok
1877,Box 459 - Point Culminant dans l'histoire des A.A....,https://www.aa.org/sites/default/files/newsletters/fr_box459_oct-nov75.pdf,fr_box459_oct-nov75.pdf,,,,Newsletter: Box 4-5-9,Newsletters,French,Newsletter,,1079668,1.0 MB,2021-07-19,https://www.aa.org/fr/box-459,Box 459,1,www.aa.org,ok
1878,Box 459 - Pour celebrer les fetes a la facon d'AA.,https://www.aa.org/sites/default/files/newsletters/fr_box459_holiday71.pdf,fr_box459_holiday71.pdf,,,,Newsletter: Box 4-5-9,Newsletters,French,Newsletter,,735119,717.9 KB,2021-07-20,https://www.aa.org/fr/box-459,Box 459,1,www.aa.org,ok
1879,Box 459 - Pourquoi tant de membres A.A. aiment le travail de l'information publique,https://www.aa.org/sites/default/files/newsletters/fr_box459_feb-mar79.pdf,fr_box459_feb-mar79.pdf,,,,Newsletter: Box 4-5-9,Newsletters,French,Newsletter; Form / Application,,1369187,1.3 MB,2021-07-20,https://www.aa.org/fr/box-459,Box 459,1,www.aa.org,ok
1880,Box 459 - Practicing the Seventh Tradition…,https://www.aa.org/sites/default/files/newsletters/en_box459_oct-nov89.pdf,en_box459_oct-nov89.pdf,,,,Newsletter: Box 4-5-9,Newsletters,English,Twelve Traditions; Newsletter,,2327199,2.2 MB,2021-07-14,https://www.aa.org/box-459,Box 459,1,www.aa.org,ok
1881,Box 459 - Preguntas y Respuestas de Como se Mejoran los Grupos,https://www.aa.org/sites/default/files/newsletters/sp_box459_feb-mar72.pdf,sp_box459_feb-mar72.pdf,,,,Newsletter: Box 4-5-9,Newsletters,Spanish,Newsletter,,539684,527.0 KB,2021-07-16,https://www.aa.org/es/box-459,Box 459,1,www.aa.org,ok
1882,Box 459 - Premio para Obras Voluntarias Otorgado a Nuestra Comunidad,https://www.aa.org/sites/default/files/newsletters/sp_box459_aug-sept83.pdf,sp_box459_aug-sept83.pdf,,,,Newsletter: Box 4-5-9,Newsletters,Spanish,Newsletter,,969083,946.4 KB,2021-07-16,https://www.aa.org/es/box-459,Box 459,1,www.aa.org,ok
1883,Box 459 - Presentación del nuevo Libro Grande sin sobrecubiertas: Una solución para servir óptimamente a la Comunidad y transmitir el mensaje.,https://www.aa.org/sites/default/files/newsletters/SF-36_Box_4-5-9_Winter_2022.pdf,SF-36_Box_4-5-9_Winter_2022.pdf,SF-36,F-36,"Forms, Catalogs & Order Blanks",Newsletter: Box 4-5-9,Newsletters,Spanish,Newsletter,2022,512039,500.0 KB,2023-01-09,https://www.aa.org/es/box-459,Box 459,1,www.aa.org,ok
1884,"Box 459 - Price of Big Book Reduced, Discount on Pamphlets Improved",https://www.aa.org/sites/default/files/newsletters/en_box459_oct-nov76.pdf,en_box459_oct-nov76.pdf,,,,Newsletter: Box 4-5-9,Newsletters,English,Newsletter; Catalog / Order,,951234,928.9 KB,2021-07-14,https://www.aa.org/box-459,Box 459,1,www.aa.org,ok
1885,Box 459 - Primera edición,https://www.aa.org/sites/default/files/newsletters/sp_box459_firstissue62.pdf,sp_box459_firstissue62.pdf,,,,Newsletter: Box 4-5-9,Newsletters,Spanish,Newsletter,,247341,241.5 KB,2021-09-02,https://www.aa.org/es/box-459,Box 459,1,www.aa.org,ok
1886,Box 459 - Primera Reunión de Servicios Mundiales,https://www.aa.org/sites/default/files/newsletters/sp_box459_oct-nov69.pdf,sp_box459_oct-nov69.pdf,,,,Newsletter: Box 4-5-9,Newsletters,Spanish,Newsletter,,534791,522.3 KB,2021-09-03,https://www.aa.org/es/box-459,Box 459,1,www.aa.org,ok
1887,Box 459 - Principle of Anonymity Explored,https://www.aa.org/sites/default/files/newsletters/en_box459_feb63.pdf,en_box459_feb63.pdf,,,,Newsletter: Box 4-5-9,Newsletters,English,Anonymity; Newsletter,,571641,558.2 KB,2021-07-15,https://www.aa.org/box-459,Box 459,1,www.aa.org,ok
1888,Box 459 - Producción de películas A.A. una mirada entre bastidores,https://www.aa.org/sites/default/files/newsletters/sp_box459_feb-mar88.pdf,sp_box459_feb-mar88.pdf,,,,Newsletter: Box 4-5-9,Newsletters,Spanish,Newsletter,,2068304,2.0 MB,2021-07-16,https://www.aa.org/es/box-459,Box 459,1,www.aa.org,ok
1889,Box 459 - Programa de Conferencia de 1984 Rebosa de Proyectos de Literatura,https://www.aa.org/sites/default/files/newsletters/sp_box459_june-july84.pdf,sp_box459_june-july84.pdf,,,,Newsletter: Box 4-5-9,Newsletters,Spanish,Newsletter,1984,1634142,1.6 MB,2021-07-19,https://www.aa.org/es/box-459,Box 459,1,www.aa.org,ok
1890,Box 459 - Projects des delegues pour l'avenir,https://www.aa.org/sites/default/files/newsletters/fr_box459_june-july70.pdf,fr_box459_june-july70.pdf,,,,Newsletter: Box 4-5-9,Newsletters,French,Newsletter,,680127,664.2 KB,2021-07-20,https://www.aa.org/fr/box-459,Box 459,1,www.aa.org,ok
1891,Box 459 - Préparer l'avenir : rénovations aux archives des AA du BSG,https://www.aa.org/sites/default/files/newsletters/fr_box459_spring10.pdf,fr_box459_spring10.pdf,,,,Newsletter: Box 4-5-9,Newsletters,French,Archives; Newsletter,,1706225,1.6 MB,2021-07-19,https://www.aa.org/fr/box-459,Box 459,1,www.aa.org,ok
1892,Box 459 - Public Information - Attraction or Promotion?,https://www.aa.org/sites/default/files/newsletters/en_box459_sept-oct63.pdf,en_box459_sept-oct63.pdf,,,,Newsletter: Box 4-5-9,Newsletters,English,Public Information; Newsletter; Form / Application,,1008766,985.1 KB,2021-07-14,https://www.aa.org/box-459,Box 459,1,www.aa.org,ok
1893,Box 459 - Quality of Local A.A. Group Studied by 1977 Conference,https://www.aa.org/sites/default/files/newsletters/en_box459_june-july77.pdf,en_box459_june-july77.pdf,,,,Newsletter: Box 4-5-9,Newsletters,English,Conference; Newsletter,1977,1535112,1.5 MB,2021-07-14,https://www.aa.org/box-459,Box 459,1,www.aa.org,ok
1894,Box 459 - Que Hacer con su Orden de Literatura?,https://www.aa.org/sites/default/files/newsletters/sp_box459_aug-sept73.pdf,sp_box459_aug-sept73.pdf,,,,Newsletter: Box 4-5-9,Newsletters,Spanish,Newsletter,,494247,482.7 KB,2021-07-16,https://www.aa.org/es/box-459,Box 459,1,www.aa.org,ok
1895,"Box 459 - Que hay de Nuestras ""Responsabilidades de Servicio""?",https://www.aa.org/sites/default/files/newsletters/sp_box459_feb63.pdf,sp_box459_feb63.pdf,,,,Newsletter: Box 4-5-9,Newsletters,Spanish,Newsletter,,773284,755.2 KB,2021-07-16,https://www.aa.org/es/box-459,Box 459,1,www.aa.org,ok
1896,Box 459 - Que Piensan los Lectores de Este Boletín,https://www.aa.org/sites/default/files/newsletters/sp_box459_aug-sept75.pdf,sp_box459_aug-sept75.pdf,,,,Newsletter: Box 4-5-9,Newsletters,Spanish,Newsletter,,1055594,1.0 MB,2021-07-16,https://www.aa.org/es/box-459,Box 459,1,www.aa.org,ok
1897,Box 459 - Que Sirve Mejor al Alcohólico — Reuniones Especiales o Grupos?,https://www.aa.org/sites/default/files/newsletters/sp_box459_aug-sept72.pdf,sp_box459_aug-sept72.pdf,,,,Newsletter: Box 4-5-9,Newsletters,Spanish,Newsletter,,724726,707.7 KB,2021-07-16,https://www.aa.org/es/box-459,Box 459,1,www.aa.org,ok
1898,"Box 459 - Que Son Grupos ""Especiales"" de A.A.? por que se Necesitan?",https://www.aa.org/sites/default/files/newsletters/sp_box459_aug-sept81.pdf,sp_box459_aug-sept81.pdf,,,,Newsletter: Box 4-5-9,Newsletters,Spanish,Newsletter,,942006,919.9 KB,2021-07-16,https://www.aa.org/es/box-459,Box 459,1,www.aa.org,ok
1899,Box 459 - Que Sucede Realmente Entre Bastidores Durante la Conferencia?,https://www.aa.org/sites/default/files/newsletters/sp_box459_april-may75.pdf,sp_box459_april-may75.pdf,,,,Newsletter: Box 4-5-9,Newsletters,Spanish,Newsletter,,895819,874.8 KB,2021-07-15,https://www.aa.org/es/box-459,Box 459,1,www.aa.org,ok
1900,Box 459 - Queridos Amigos de A.A.,https://www.aa.org/sites/default/files/newsletters/sp_box459_dec64.pdf,sp_box459_dec64.pdf,,,,Newsletter: Box 4-5-9,Newsletters,Spanish,Newsletter,,562918,549.7 KB,2021-09-02,https://www.aa.org/es/box-459,Box 459,1,www.aa.org,ok
1901,Box 459 - Quoi de neuf au BSG ? – Célébrer plus d’un demi-millénaire de service,https://www.aa.org/sites/default/files/newsletters/fr_box459_supplementissue20.pdf,fr_box459_supplementissue20.pdf,,,,Newsletter: Box 4-5-9,Newsletters,French,Newsletter,,359179,350.8 KB,2021-07-19,https://www.aa.org/fr/box-459,Box 459,1,www.aa.org,ok
1902,Box 459 - Qu’est-ce que la Conférence des Services généraux ?,https://www.aa.org/sites/default/files/newsletters/fr_box459_april-may05.pdf,fr_box459_april-may05.pdf,,,,Newsletter: Box 4-5-9,Newsletters,French,Newsletter,,299600,292.6 KB,2021-09-01,https://www.aa.org/fr/box-459,Box 459,1,www.aa.org,ok
1903,"Box 459 - Radioaficionados llevan la hermandad y el entusiasmo ""a través de las ondas",https://www.aa.org/sites/default/files/newsletters/sp_box459_oct-nov82.pdf,sp_box459_oct-nov82.pdf,,,,Newsletter: Box 4-5-9,Newsletters,Spanish,Newsletter,,306,306 B,2021-07-19,https://www.aa.org/es/box-459,Box 459,1,www.aa.org,ok
1904,"Box 459 - Radioaficionados llevan la hermandad y el entusiasmo ""a través de las ondas""",https://www.aa.org/sites/default/files/newsletters/sp_box459_oct-nov92.pdf,sp_box459_oct-nov92.pdf,,,,Newsletter: Box 4-5-9,Newsletters,Spanish,Newsletter,,2140137,2.0 MB,2021-07-19,https://www.aa.org/es/box-459,Box 459,1,www.aa.org,ok
1905,"Box 459 - Record Crowd, Happy Time, at G.S.O. Open House",https://www.aa.org/sites/default/files/newsletters/en_box459_feb-mar86.pdf,en_box459_feb-mar86.pdf,,,,Newsletter: Box 4-5-9,Newsletters,English,Newsletter,,1874338,1.8 MB,2021-07-15,https://www.aa.org/box-459,Box 459,1,www.aa.org,ok
1906,Box 459 - Reflexions sur la litterature non A.A.,https://www.aa.org/sites/default/files/newsletters/fr_box459_april-may74.pdf,fr_box459_april-may74.pdf,,,,Newsletter: Box 4-5-9,Newsletters,French,Newsletter,,986829,963.7 KB,2021-07-19,https://www.aa.org/fr/box-459,Box 459,1,www.aa.org,ok
1907,Box 459 - Reorganización de departamentos en la OSG para mejorar los servicios vitales,https://www.aa.org/sites/default/files/newsletters/sf-36_spring2023_0.pdf,sf-36_spring2023_0.pdf,SF-36,F-36,"Forms, Catalogs & Order Blanks",Newsletter: Box 4-5-9,Newsletters,Spanish,Newsletter,2023,3561281,3.4 MB,2023-05-11,https://www.aa.org/es/box-459,Box 459,1,www.aa.org,ok
1908,"Box 459 - Reporte de la Conferencia de 1967 para los Grupos del Extranjero ""Apadrinamiento - La Mano de A.A.""",https://www.aa.org/sites/default/files/newsletters/sp_box459_june-july67.pdf,sp_box459_june-july67.pdf,,,,Newsletter: Box 4-5-9,Newsletters,Spanish,Newsletter; Report,1967,1563145,1.5 MB,2021-07-19,https://www.aa.org/es/box-459,Box 459,1,www.aa.org,ok
1909,Box 459 - Reunión de A.A. en un continente congelado,https://www.aa.org/sites/default/files/newsletters/sp_box459_oct-nov05.pdf,sp_box459_oct-nov05.pdf,,,,Newsletter: Box 4-5-9,Newsletters,Spanish,Newsletter,,194501,189.9 KB,2021-07-19,https://www.aa.org/es/box-459,Box 459,1,www.aa.org,ok
1910,Box 459 - Reunión de Servicios Mundiales Revela Progreso Global,https://www.aa.org/sites/default/files/newsletters/sp_box459_oct-nov80.pdf,sp_box459_oct-nov80.pdf,,,,Newsletter: Box 4-5-9,Newsletters,Spanish,Newsletter,,1005418,981.9 KB,2021-07-19,https://www.aa.org/es/box-459,Box 459,1,www.aa.org,ok
1911,Box 459 - Reunión zonal subsahariana se ve enfrentada con grandes desafíos en las estructuras de servicio emergentes,https://www.aa.org/sites/default/files/newsletters/sp_box459_aug-sept03.pdf,sp_box459_aug-sept03.pdf,,,,Newsletter: Box 4-5-9,Newsletters,Spanish,Newsletter,,129272,126.2 KB,2021-07-16,https://www.aa.org/es/box-459,Box 459,1,www.aa.org,ok
1912,Box 459 - Rotation des responsables du Conseil des Services Généraux,https://www.aa.org/sites/default/files/newsletters/fr_box459_april-may82.pdf,fr_box459_april-may82.pdf,,,,Newsletter: Box 4-5-9,Newsletters,French,Newsletter,,1683039,1.6 MB,2021-07-19,https://www.aa.org/fr/box-459,Box 459,1,www.aa.org,ok
1913,Box 459 - Réorganisation des départements du BSG en vue d’améliorer des services essentiels,https://www.aa.org/sites/default/files/newsletters/ff-36_spring2023.pdf,ff-36_spring2023.pdf,FF-36,F-36,"Forms, Catalogs & Order Blanks",Newsletter: Box 4-5-9,Newsletters,French,Newsletter,2023,22129627,21.1 MB,2023-05-09,https://www.aa.org/fr/box-459,Box 459,1,www.aa.org,ok
1914,Box 459 - Saludos de Beth,https://www.aa.org/sites/default/files/newsletters/sp_box459_oct-nov66.pdf,sp_box459_oct-nov66.pdf,,,,Newsletter: Box 4-5-9,Newsletters,Spanish,Newsletter,,680822,664.9 KB,2021-07-19,https://www.aa.org/es/box-459,Box 459,1,www.aa.org,ok
1915,Box 459 - Saludos de la Compañera Ann:,https://www.aa.org/sites/default/files/newsletters/sp_box459_oct-nov65.pdf,sp_box459_oct-nov65.pdf,,,,Newsletter: Box 4-5-9,Newsletters,Spanish,Newsletter,,902475,881.3 KB,2021-07-19,https://www.aa.org/es/box-459,Box 459,1,www.aa.org,ok
1916,Box 459 - Saludos y Felicidades!,https://www.aa.org/sites/default/files/newsletters/sp_box459_jul63.pdf,sp_box459_jul63.pdf,,,,Newsletter: Box 4-5-9,Newsletters,Spanish,Newsletter,,822541,803.3 KB,2021-09-03,https://www.aa.org/es/box-459,Box 459,1,www.aa.org,ok
1917,Box 459 - Saying “You Belong Here”: Indigenous Translations of A.A. Literature,https://www.aa.org/sites/default/files/newsletters/F-36_Box_4-5-9_Fall_2022.pdf,F-36_Box_4-5-9_Fall_2022.pdf,F-36,F-36,"Forms, Catalogs & Order Blanks",Newsletter: Box 4-5-9,Newsletters,English,Remote Communities; Newsletter,2022,4635656,4.4 MB,2022-10-28,https://www.aa.org/box-459,Box 459,1,www.aa.org,ok
1918,Box 459 - Sceau qui indique l'approbation de la conference,https://www.aa.org/sites/default/files/newsletters/fr_box459_april-may68.pdf,fr_box459_april-may68.pdf,,,,Newsletter: Box 4-5-9,Newsletters,French,Conference; Newsletter,,573701,560.3 KB,2021-07-19,https://www.aa.org/fr/box-459,Box 459,1,www.aa.org,ok
1919,Box 459 - Se Aproxima la convención de 1980,https://www.aa.org/sites/default/files/newsletters/sp_box459_april-may80.pdf,sp_box459_april-may80.pdf,,,,Newsletter: Box 4-5-9,Newsletters,Spanish,Newsletter,1980,970292,947.6 KB,2021-07-15,https://www.aa.org/es/box-459,Box 459,1,www.aa.org,ok
1920,Box 459 - Se consideran historias para una posible cuarta edición del Libro Grande de A.A.,https://www.aa.org/sites/default/files/newsletters/sp_box459_oct-nov97.pdf,sp_box459_oct-nov97.pdf,,,,Newsletter: Box 4-5-9,Newsletters,Spanish,Newsletter,,2416224,2.3 MB,2021-07-19,https://www.aa.org/es/box-459,Box 459,1,www.aa.org,ok
1921,Box 459 - Se reúne la 67a Conferencia de Servicios Generales de A.A.,https://www.aa.org/sites/default/files/newsletters/sp_box459_summer17_0.pdf,sp_box459_summer17_0.pdf,,,,Newsletter: Box 4-5-9,Newsletters,Spanish,Newsletter,,1156243,1.1 MB,2021-07-19,https://www.aa.org/es/box-459,Box 459,1,www.aa.org,ok
1922,Box 459 - Se solicitan colaboraciones para libro de reflexiones,https://www.aa.org/sites/default/files/newsletters/sp_box459_oct-nov88.pdf,sp_box459_oct-nov88.pdf,,,,Newsletter: Box 4-5-9,Newsletters,Spanish,Newsletter,,2757257,2.6 MB,2021-07-19,https://www.aa.org/es/box-459,Box 459,1,www.aa.org,ok
1923,Box 459 - Service: Coffee Cups to the Conference,https://www.aa.org/sites/default/files/newsletters/en_box459_aug-sept82.pdf,en_box459_aug-sept82.pdf,,,,Newsletter: Box 4-5-9,Newsletters,English,Conference; Newsletter,,1842208,1.8 MB,2021-07-14,https://www.aa.org/box-459,Box 459,1,www.aa.org,ok
1924,Box 459 - Servicio de Comités Claves Recompensan Personalmente a A.A.'s,https://www.aa.org/sites/default/files/newsletters/sp_box459_feb-mar85.pdf,sp_box459_feb-mar85.pdf,,,,Newsletter: Box 4-5-9,Newsletters,Spanish,Newsletter,,2292295,2.2 MB,2021-07-16,https://www.aa.org/es/box-459,Box 459,1,www.aa.org,ok
1925,Box 459 - Seventh Service Conference Meets,https://www.aa.org/sites/default/files/newsletters/en_box459_april57.pdf,en_box459_april57.pdf,,,,Newsletter: Box 4-5-9,Newsletters,English,Conference; Newsletter,,750868,733.3 KB,2021-07-14,https://www.aa.org/box-459,Box 459,1,www.aa.org,ok
1926,Box 459 - Sharing Our A.A. Experiences in the New Year,https://www.aa.org/sites/default/files/newsletters/en_box459_jan64.pdf,en_box459_jan64.pdf,,,,Newsletter: Box 4-5-9,Newsletters,English,Newsletter,,555933,542.9 KB,2021-07-15,https://www.aa.org/box-459,Box 459,1,www.aa.org,ok
1927,Box 459 - Singleness of Purpose,https://www.aa.org/sites/default/files/newsletters/en_box459_april-may04.pdf,en_box459_april-may04.pdf,,,,Newsletter: Box 4-5-9,Newsletters,English,Newsletter,,156730,153.1 KB,2021-07-14,https://www.aa.org/box-459,Box 459,1,www.aa.org,ok
1928,Box 459 - Six syndics choisis pour le conseil des services generaux,https://www.aa.org/sites/default/files/newsletters/fr_box459_june-july77.pdf,fr_box459_june-july77.pdf,,,,Newsletter: Box 4-5-9,Newsletters,French,Newsletter,,1330931,1.3 MB,2021-07-20,https://www.aa.org/fr/box-459,Box 459,1,www.aa.org,ok
1929,Box 459 - Sixth Conference Studies Services,https://www.aa.org/sites/default/files/newsletters/en_box459_may56.pdf,en_box459_may56.pdf,,,,Newsletter: Box 4-5-9,Newsletters,English,Conference; Newsletter,,727431,710.4 KB,2021-07-14,https://www.aa.org/box-459,Box 459,1,www.aa.org,ok
1930,Box 459 - Soutenir le Mouvement : Le nouveau département du BSG : service à la clientèle et aux membres,https://www.aa.org/sites/default/files/newsletters/fr_box459_fall21.pdf,fr_box459_fall21.pdf,,,,Newsletter: Box 4-5-9,Newsletters,French,Newsletter,,1239778,1.2 MB,2021-11-08,https://www.aa.org/fr/box-459,Box 459,1,www.aa.org,ok
1931,Box 459 - South Africa's Diamond Jubilee Year of Celebration,https://www.aa.org/sites/default/files/newsletters/en_box459_holiday21.pdf,en_box459_holiday21.pdf,,,,Newsletter: Box 4-5-9,Newsletters,English,Newsletter,,771673,753.6 KB,2021-12-11,https://www.aa.org/box-459,Box 459,1,www.aa.org,ok
1932,Box 459 - Spanish Big Book Published in New Third Edition,https://www.aa.org/sites/default/files/newsletters/en_box459_febmar08.pdf,en_box459_febmar08.pdf,,,,Newsletter: Box 4-5-9,Newsletters,English,Newsletter,,346847,338.7 KB,2021-07-15,https://www.aa.org/box-459,Box 459,1,www.aa.org,ok
1933,Box 459 - Sponsoring Armed Forces Members-Special Survey,https://www.aa.org/sites/default/files/newsletters/en_box459_july62.pdf,en_box459_july62.pdf,,,,Newsletter: Box 4-5-9,Newsletters,English,Sponsorship; Military; Survey Data; Newsletter,,536339,523.8 KB,2021-07-15,https://www.aa.org/box-459,Box 459,1,www.aa.org,ok
1934,Box 459 - Sponsorship Goes Two Ways,https://www.aa.org/sites/default/files/newsletters/en_box459_april-may98.pdf,en_box459_april-may98.pdf,,,,Newsletter: Box 4-5-9,Newsletters,English,Sponsorship; Newsletter,,3514037,3.4 MB,2021-07-14,https://www.aa.org/box-459,Box 459,1,www.aa.org,ok
1935,Box 459 - Sponsorship Workshops Give a District New Vigor,https://www.aa.org/sites/default/files/newsletters/en_box459_aug-sept81.pdf,en_box459_aug-sept81.pdf,,,,Newsletter: Box 4-5-9,Newsletters,English,Sponsorship; Group Service; Newsletter,,1008689,985.0 KB,2021-07-14,https://www.aa.org/box-459,Box 459,1,www.aa.org,ok
1936,Box 459 - Sponsorship: Is It Disappearing?,https://www.aa.org/sites/default/files/newsletters/en_box459_april-may91.pdf,en_box459_april-may91.pdf,,,,Newsletter: Box 4-5-9,Newsletters,English,Sponsorship; Newsletter,,3526942,3.4 MB,2021-07-14,https://www.aa.org/box-459,Box 459,1,www.aa.org,ok
1937,Box 459 - Stories Being Reviewed for a Possible Fourth Edition of A.A.'s Big Book,https://www.aa.org/sites/default/files/newsletters/en_box459_oct-nov97.pdf,en_box459_oct-nov97.pdf,,,,Newsletter: Box 4-5-9,Newsletters,English,Newsletter,,3462409,3.3 MB,2021-07-14,https://www.aa.org/box-459,Box 459,1,www.aa.org,ok
1938,Box 459 - Sub-Saharan Africa Zonal Meeting…,https://www.aa.org/sites/default/files/newsletters/en_box459_aug-sept03.pdf,en_box459_aug-sept03.pdf,,,,Newsletter: Box 4-5-9,Newsletters,English,Newsletter,,360705,352.3 KB,2021-07-14,https://www.aa.org/box-459,Box 459,1,www.aa.org,ok
1939,Box 459 - Supporting the Fellowship: G.S.O.’s New Member and Customer Service Department,https://www.aa.org/sites/default/files/newsletters/en_box459_fall21.pdf,en_box459_fall21.pdf,,,,Newsletter: Box 4-5-9,Newsletters,English,Newcomer; Newsletter,,1265406,1.2 MB,2021-11-08,https://www.aa.org/box-459,Box 459,1,www.aa.org,ok
1940,Box 459 - Survey Shows Hospital Group Needs,https://www.aa.org/sites/default/files/newsletters/en_box459_jan57.pdf,en_box459_jan57.pdf,,,,Newsletter: Box 4-5-9,Newsletters,English,Survey Data; Newsletter,,788362,769.9 KB,2021-07-15,https://www.aa.org/box-459,Box 459,1,www.aa.org,ok
1941,Box 459 - Syndics regionaux,https://www.aa.org/sites/default/files/newsletters/fr_box459_oct-nov73.pdf,fr_box459_oct-nov73.pdf,,,,Newsletter: Box 4-5-9,Newsletters,French,Newsletter,,975035,952.2 KB,2021-07-20,https://www.aa.org/fr/box-459,Box 459,1,www.aa.org,ok
1942,Box 459 - Tenir des mini-meetings chez les defavorises,https://www.aa.org/sites/default/files/newsletters/fr_box459_aug-sept77.pdf,fr_box459_aug-sept77.pdf,,,,Newsletter: Box 4-5-9,Newsletters,French,Newsletter,,898157,877.1 KB,2021-07-20,https://www.aa.org/fr/box-459,Box 459,1,www.aa.org,ok
1943,Box 459 - Tercera edición del Libro Grande en español,https://www.aa.org/sites/default/files/newsletters/sp_box459_febmar08.pdf,sp_box459_febmar08.pdf,,,,Newsletter: Box 4-5-9,Newsletters,Spanish,Newsletter,,282893,276.3 KB,2021-07-16,https://www.aa.org/es/box-459,Box 459,1,www.aa.org,ok
1944,Box 459 - Thanksgiving for G.S.O. and A.A.'s Everywhere,https://www.aa.org/sites/default/files/newsletters/en_box459_nov62.pdf,en_box459_nov62.pdf,,,,Newsletter: Box 4-5-9,Newsletters,English,Newsletter,,552470,539.5 KB,2021-07-14,https://www.aa.org/box-459,Box 459,1,www.aa.org,ok
1945,Box 459 - The 'Voice of A.A.' Will be Heard,https://www.aa.org/sites/default/files/newsletters/en_box459_april-may67.pdf,en_box459_april-may67.pdf,,,,Newsletter: Box 4-5-9,Newsletters,English,Newsletter,,525726,513.4 KB,2021-07-14,https://www.aa.org/box-459,Box 459,1,www.aa.org,ok
1946,Box 459 - The A.A. Group - Variety and Vitality Worldwide,https://www.aa.org/sites/default/files/newsletters/en_box459_feb-mar77.pdf,en_box459_feb-mar77.pdf,,,,Newsletter: Box 4-5-9,Newsletters,English,Newsletter,,1211793,1.2 MB,2021-07-15,https://www.aa.org/box-459,Box 459,1,www.aa.org,ok
1947,Box 459 - The A.A. Message Knows No Borders…,https://www.aa.org/sites/default/files/newsletters/en_box459_feb-mar03.pdf,en_box459_feb-mar03.pdf,,,,Newsletter: Box 4-5-9,Newsletters,English,Newsletter,,99166,96.8 KB,2021-07-15,https://www.aa.org/box-459,Box 459,1,www.aa.org,ok
1948,Box 459 - The A.A. Message of Recovery…,https://www.aa.org/sites/default/files/newsletters/en_box459_oct-nov03.pdf,en_box459_oct-nov03.pdf,,,,Newsletter: Box 4-5-9,Newsletters,English,Newsletter,,284991,278.3 KB,2021-07-14,https://www.aa.org/box-459,Box 459,1,www.aa.org,ok
1949,Box 459 - The Big Book Can Be a Sponsor's Gold Mine,https://www.aa.org/sites/default/files/newsletters/en_box459_feb-mar96.pdf,en_box459_feb-mar96.pdf,,,,Newsletter: Box 4-5-9,Newsletters,English,Sponsorship; Newsletter,,3102340,3.0 MB,2021-07-15,https://www.aa.org/box-459,Box 459,1,www.aa.org,ok
1950,Box 459 - The Birthday Plan,https://www.aa.org/sites/default/files/newsletters/en_box459_june61.pdf,en_box459_june61.pdf,,,,Newsletter: Box 4-5-9,Newsletters,English,Newsletter,,424425,414.5 KB,2021-09-02,https://www.aa.org/box-459,Box 459,1,www.aa.org,ok
1951,Box 459 - The Elusive Origins of the Serenity Prayer,https://www.aa.org/sites/default/files/newsletters/en_box459_aug-sept92.pdf,en_box459_aug-sept92.pdf,,,,Newsletter: Box 4-5-9,Newsletters,English,Newsletter; Spirituality,,3748361,3.6 MB,2021-07-14,https://www.aa.org/box-459,Box 459,1,www.aa.org,ok
1952,Box 459 - The Fellowship's International Monthly Journal...,https://www.aa.org/sites/default/files/newsletters/en_box459augsept04.pdf,en_box459augsept04.pdf,,,,Newsletter: Box 4-5-9,Newsletters,English,Newsletter,,565124,551.9 KB,2021-07-14,https://www.aa.org/box-459,Box 459,3,www.aa.org,ok
1953,Box 459 - The Fellowship's International Monthly Journal...,https://www.aa.org/sites/default/files/newsletters/en_box459augsept04_2.pdf,en_box459augsept04_2.pdf,,,,Newsletter: Box 4-5-9,Newsletters,English,Newsletter,,565124,551.9 KB,2021-07-19,https://www.aa.org/box-459,Box 459,1,www.aa.org,ok
1954,Box 459 - The G.S.R.,https://www.aa.org/sites/default/files/newsletters/en_box459_feb62.pdf,en_box459_feb62.pdf,,,,Newsletter: Box 4-5-9,Newsletters,English,Newsletter,,439726,429.4 KB,2021-07-15,https://www.aa.org/box-459,Box 459,1,www.aa.org,ok
1955,Box 459 - The General Service Board Welcomes Five New Class B Trustees,https://www.aa.org/sites/default/files/newsletters/f-36_winter2026.pdf,f-36_winter2026.pdf,F-36,F-36,"Forms, Catalogs & Order Blanks",Newsletter: Box 4-5-9,Newsletters,English,Newsletter,2026,2053020,2.0 MB,2026-03-07,https://www.aa.org/box-459,Box 459,1,www.aa.org,ok
1956,Box 459 - The Health of A.A. Worldwide…,https://www.aa.org/sites/default/files/newsletters/en_box459_april-may07.pdf,en_box459_april-may07.pdf,,,,Newsletter: Box 4-5-9,Newsletters,English,Newsletter,,317840,310.4 KB,2021-07-14,https://www.aa.org/box-459,Box 459,1,www.aa.org,ok
1957,Box 459 - The Home Group — the 'Heartbeat' of A.A.,https://www.aa.org/sites/default/files/newsletters/en_box459_feb-mar90.pdf,en_box459_feb-mar90.pdf,,,,Newsletter: Box 4-5-9,Newsletters,English,Newsletter,,3388022,3.2 MB,2021-07-15,https://www.aa.org/box-459,Box 459,1,www.aa.org,ok
1958,Box 459 - The Home Group: Heartbeat of A.A. Is New Grapevine Booklet,https://www.aa.org/sites/default/files/newsletters/en_box459_aug-sept93.pdf,en_box459_aug-sept93.pdf,,,,Newsletter: Box 4-5-9,Newsletters,English,Grapevine; Newsletter,,3259089,3.1 MB,2021-07-14,https://www.aa.org/box-459,Box 459,1,www.aa.org,ok
1959,Box 459 - The Language of the Heart... Bill W.'s Grapevine Writings…,https://www.aa.org/sites/default/files/newsletters/en_box459_oct-nov88.pdf,en_box459_oct-nov88.pdf,,,,Newsletter: Box 4-5-9,Newsletters,English,Grapevine; Newsletter,,2120878,2.0 MB,2021-07-14,https://www.aa.org/box-459,Box 459,1,www.aa.org,ok
1960,Box 459 - The Long Road to the Plain Language Big Book,https://www.aa.org/sites/default/files/newsletters/F-36_winter2025.pdf,F-36_winter2025.pdf,F-36,F-36,"Forms, Catalogs & Order Blanks",Newsletter: Box 4-5-9,Newsletters,English,Newsletter,2025,8962539,8.5 MB,2025-03-03,https://www.aa.org/box-459,Box 459,1,www.aa.org,ok
1961,Box 459 - The Meeting Guide App,https://www.aa.org/sites/default/files/newsletters/en_box459_fall19.pdf,en_box459_fall19.pdf,,,,Newsletter: Box 4-5-9,Newsletters,English,Newsletter; Workbook / Kit,,1043473,1019.0 KB,2021-07-15,https://www.aa.org/box-459,Box 459,1,www.aa.org,ok
1962,"Box 459 - The Role of A.A. Literature: When the Chips Are Down, Reinvent the Basics",https://www.aa.org/sites/default/files/newsletters/en_box459_aug-sept94.pdf,en_box459_aug-sept94.pdf,,,,Newsletter: Box 4-5-9,Newsletters,English,Newsletter,,3671680,3.5 MB,2021-07-14,https://www.aa.org/box-459,Box 459,1,www.aa.org,ok
1963,Box 459 - The Work of the Conference Goes On All Year Long,https://www.aa.org/sites/default/files/newsletters/en_box459_april-may92_0.pdf,en_box459_april-may92_0.pdf,,,,Newsletter: Box 4-5-9,Newsletters,English,Conference; Newsletter,,9633853,9.2 MB,2021-07-14,https://www.aa.org/box-459,Box 459,1,www.aa.org,ok
1964,"Box 459 - Theme de la Conference: ""Le parrainage - notre privilege et responsabilite""",https://www.aa.org/sites/default/files/newsletters/fr_box459_june-july76.pdf,fr_box459_june-july76.pdf,,,,Newsletter: Box 4-5-9,Newsletters,French,Conference; Newsletter,,1456663,1.4 MB,2021-07-20,https://www.aa.org/fr/box-459,Box 459,1,www.aa.org,ok
1965,"Box 459 - Theme Set, Agenda Shaping Up for 1974 Conference",https://www.aa.org/sites/default/files/newsletters/en_box459_feb-mar74.pdf,en_box459_feb-mar74.pdf,,,,Newsletter: Box 4-5-9,Newsletters,English,Conference; Newsletter,1974,1186231,1.1 MB,2021-07-15,https://www.aa.org/box-459,Box 459,1,www.aa.org,ok
1966,Box 459 - They're Doing the Rotation Rock at G.S.O.,https://www.aa.org/sites/default/files/newsletters/en_box459_aug-sept99.pdf,en_box459_aug-sept99.pdf,,,,Newsletter: Box 4-5-9,Newsletters,English,Newsletter,,3253701,3.1 MB,2021-07-14,https://www.aa.org/box-459,Box 459,1,www.aa.org,ok
1967,Box 459 - They’re Back in Prison—But This Time It’s Voluntary,https://www.aa.org/sites/default/files/newsletters/en_box459_aug-sept08.pdf,en_box459_aug-sept08.pdf,,,,Newsletter: Box 4-5-9,Newsletters,English,Corrections; Newsletter,,355221,346.9 KB,2021-07-14,https://www.aa.org/box-459,Box 459,1,www.aa.org,ok
1968,Box 459 - Three New Class A Trustees Join the General Service Board,https://www.aa.org/sites/default/files/newsletters/F-36_fall2025.pdf,F-36_fall2025.pdf,F-36,F-36,"Forms, Catalogs & Order Blanks",Newsletter: Box 4-5-9,Newsletters,English,Newsletter,2025,2665156,2.5 MB,2025-12-11,https://www.aa.org/box-459,Box 459,1,www.aa.org,ok
1969,"Box 459 - To Our Bill, In Loving Memory",https://www.aa.org/sites/default/files/newsletters/en_box459_january_billmemorial71.pdf,en_box459_january_billmemorial71.pdf,,,,Newsletter: Box 4-5-9,Newsletters,English,Newsletter,,957905,935.5 KB,2021-07-15,https://www.aa.org/box-459,Box 459,1,www.aa.org,ok
1970,Box 459 - Todos los caminos conducen a Minneapolis: 29 de junio al 2 de julio,https://www.aa.org/sites/default/files/newsletters/sp_box459_april-may00.pdf,sp_box459_april-may00.pdf,,,,Newsletter: Box 4-5-9,Newsletters,Spanish,Newsletter,,2425930,2.3 MB,2021-07-15,https://www.aa.org/es/box-459,Box 459,1,www.aa.org,ok
1971,Box 459 - Tous les chemins mènent à Minneapolis du 29 juin au 2 juillet 2000,https://www.aa.org/sites/default/files/newsletters/fr_box459_april-may00.pdf,fr_box459_april-may00.pdf,,,,Newsletter: Box 4-5-9,Newsletters,French,Newsletter,2000,3132667,3.0 MB,2021-07-19,https://www.aa.org/fr/box-459,Box 459,1,www.aa.org,ok
1972,Box 459 - Traditions Steer A.A.'s Course Since 1946,https://www.aa.org/sites/default/files/newsletters/en_box459_oct-nov66.pdf,en_box459_oct-nov66.pdf,,,,Newsletter: Box 4-5-9,Newsletters,English,Twelve Traditions; Newsletter,1946,681382,665.4 KB,2021-07-14,https://www.aa.org/box-459,Box 459,1,www.aa.org,ok
1973,Box 459 - Tres nuevos custodios clase A se incorporan a la Junta de Servicios Generales,https://www.aa.org/sites/default/files/newsletters/SF-36_fall2025.pdf,SF-36_fall2025.pdf,SF-36,F-36,"Forms, Catalogs & Order Blanks",Newsletter: Box 4-5-9,Newsletters,Spanish,Newsletter,2025,2790033,2.7 MB,2025-12-11,https://www.aa.org/es/box-459,Box 459,1,www.aa.org,ok
1974,Box 459 - Trois nouveaux administrateurs de Classe A rejoignent le Conseil des Services généraux,https://www.aa.org/sites/default/files/newsletters/FF-36_fall2025.pdf,FF-36_fall2025.pdf,FF-36,F-36,"Forms, Catalogs & Order Blanks",Newsletter: Box 4-5-9,Newsletters,French,Newsletter,2025,3225595,3.1 MB,2025-12-11,https://www.aa.org/fr/box-459,Box 459,1,www.aa.org,ok
1975,Box 459 - Two Areas Will Name Trustees,https://www.aa.org/sites/default/files/newsletters/en_box459_nov56.pdf,en_box459_nov56.pdf,,,,Newsletter: Box 4-5-9,Newsletters,English,Newsletter,,775477,757.3 KB,2021-07-14,https://www.aa.org/box-459,Box 459,1,www.aa.org,ok
1976,Box 459 - Two Fall 'Gratitude Weeks' Planned,https://www.aa.org/sites/default/files/newsletters/en_box459_aug56.pdf,en_box459_aug56.pdf,,,,Newsletter: Box 4-5-9,Newsletters,English,Newsletter,,737081,719.8 KB,2021-07-14,https://www.aa.org/box-459,Box 459,1,www.aa.org,ok
1977,Box 459 - Two New A.A. Trustees Elected to Board,https://www.aa.org/sites/default/files/newsletters/en_box459_jul-aug64.pdf,en_box459_jul-aug64.pdf,,,,Newsletter: Box 4-5-9,Newsletters,English,Newsletter,,664960,649.4 KB,2021-07-15,https://www.aa.org/box-459,Box 459,2,www.aa.org,ok
1978,Box 459 - Un nouveau Gros Livre en langue des signes américaine,https://www.aa.org/sites/default/files/newsletters/fr_box459_holiday19.pdf,fr_box459_holiday19.pdf,,,,Newsletter: Box 4-5-9,Newsletters,French,Newsletter,,1005580,982.0 KB,2021-07-20,https://www.aa.org/fr/box-459,Box 459,1,www.aa.org,ok
1979,Box 459 - Un nouveau livre du Grapevine intitulé Le groupe d'attache: le cæur du mouvement,https://www.aa.org/sites/default/files/newsletters/fr_box459_aug-sept93.pdf,fr_box459_aug-sept93.pdf,,,,Newsletter: Box 4-5-9,Newsletters,French,Grapevine; Newsletter,,3447084,3.3 MB,2021-07-20,https://www.aa.org/fr/box-459,Box 459,1,www.aa.org,ok
1980,Box 459 - Un nouveau systeme de traitement des donnees ameliore le service du B.S.G. aux groupes et aux membres A.A.,https://www.aa.org/sites/default/files/newsletters/fr_box459_holiday77.pdf,fr_box459_holiday77.pdf,,,,Newsletter: Box 4-5-9,Newsletters,French,Newsletter,,1569651,1.5 MB,2021-07-20,https://www.aa.org/fr/box-459,Box 459,1,www.aa.org,ok
1981,Box 459 - Una Agenda Repleta para la 37a Conferencia,https://www.aa.org/sites/default/files/newsletters/sp_box459_april-may87.pdf,sp_box459_april-may87.pdf,,,,Newsletter: Box 4-5-9,Newsletters,Spanish,Newsletter,,2317212,2.2 MB,2021-07-15,https://www.aa.org/es/box-459,Box 459,1,www.aa.org,ok
1982,Box 459 - Una mesa completa: el Día de Compartimiento de la OSG,https://www.aa.org/sites/default/files/newsletters/sp_box459_spring20_0.pdf,sp_box459_spring20_0.pdf,,,,Newsletter: Box 4-5-9,Newsletters,Spanish,Newsletter,,1100834,1.0 MB,2021-07-19,https://www.aa.org/es/box-459,Box 459,1,www.aa.org,ok
1983,Box 459 - Une nouvelle Troisième Édition du Gros Livre en espagnol,https://www.aa.org/sites/default/files/newsletters/fr_box459_febmar08.pdf,fr_box459_febmar08.pdf,,,,Newsletter: Box 4-5-9,Newsletters,French,Newsletter,,1058566,1.0 MB,2021-07-20,https://www.aa.org/fr/box-459,Box 459,1,www.aa.org,ok
1984,Box 459 - Une réunion des AA dans l’Antarctique,https://www.aa.org/sites/default/files/newsletters/fr_box459_oct-nov05.pdf,fr_box459_oct-nov05.pdf,,,,Newsletter: Box 4-5-9,Newsletters,French,Newsletter,,683079,667.1 KB,2021-07-20,https://www.aa.org/fr/box-459,Box 459,1,www.aa.org,ok
1985,Box 459 - Unicidad de propósito,https://www.aa.org/sites/default/files/newsletters/sp_box459_april-may04.pdf,sp_box459_april-may04.pdf,,,,Newsletter: Box 4-5-9,Newsletters,Spanish,Newsletter,,2164283,2.1 MB,2021-07-15,https://www.aa.org/es/box-459,Box 459,1,www.aa.org,ok
1986,Box 459 - Unidad de Hoy: Seguridad de Mañana,https://www.aa.org/sites/default/files/newsletters/sp_box459_june-july68.pdf,sp_box459_june-july68.pdf,,,,Newsletter: Box 4-5-9,Newsletters,Spanish,Newsletter,,602526,588.4 KB,2021-07-19,https://www.aa.org/es/box-459,Box 459,1,www.aa.org,ok
1987,Box 459 - Unite d'aujourd' hui: securite de demain,https://www.aa.org/sites/default/files/newsletters/fr_box459_june-july68.pdf,fr_box459_june-july68.pdf,,,,Newsletter: Box 4-5-9,Newsletters,French,Newsletter,,735484,718.2 KB,2021-07-20,https://www.aa.org/fr/box-459,Box 459,1,www.aa.org,ok
1988,Box 459 - Unity Assures Our Future,https://www.aa.org/sites/default/files/newsletters/en_box459_june-july68.pdf,en_box459_june-july68.pdf,,,,Newsletter: Box 4-5-9,Newsletters,English,Newsletter,,635910,621.0 KB,2021-07-15,https://www.aa.org/box-459,Box 459,1,www.aa.org,ok
1989,Box 459 - Unity: Are We Living Up to Our Legacy?,https://www.aa.org/sites/default/files/newsletters/en_box459_feb-mar91.pdf,en_box459_feb-mar91.pdf,,,,Newsletter: Box 4-5-9,Newsletters,English,Newsletter,,2065946,2.0 MB,2021-07-15,https://www.aa.org/box-459,Box 459,1,www.aa.org,ok
1990,Box 459 - Usted Nunca Olvidará la Mayor Reunión de A.A.!,https://www.aa.org/sites/default/files/newsletters/sp_box459_april-may65.pdf,sp_box459_april-may65.pdf,,,,Newsletter: Box 4-5-9,Newsletters,Spanish,Newsletter,,622984,608.4 KB,2021-07-15,https://www.aa.org/es/box-459,Box 459,1,www.aa.org,ok
1991,Box 459 - Vacaciones de los Miembros de A.A.,https://www.aa.org/sites/default/files/newsletters/sp_box459_june-july69.pdf,sp_box459_june-july69.pdf,,,,Newsletter: Box 4-5-9,Newsletters,Spanish,Newsletter,,704738,688.2 KB,2021-09-03,https://www.aa.org/es/box-459,Box 459,1,www.aa.org,ok
1992,Box 459 - Vancouver sera lhote du prochain forum regional,https://www.aa.org/sites/default/files/newsletters/fr_box459_aug-sept76.pdf,fr_box459_aug-sept76.pdf,,,,Newsletter: Box 4-5-9,Newsletters,French,Regional Forum; Newsletter,,1404080,1.3 MB,2021-07-20,https://www.aa.org/fr/box-459,Box 459,1,www.aa.org,ok
1993,"Box 459 - Ven a celebrar el 85º aniversario de A.A. en Detroit, Michigan",https://www.aa.org/sites/default/files/newsletters/sp_box459_summer_2019_0.pdf,sp_box459_summer_2019_0.pdf,,,,Newsletter: Box 4-5-9,Newsletters,Spanish,Newsletter,2019,985812,962.7 KB,2021-07-19,https://www.aa.org/es/box-459,Box 459,1,www.aa.org,ok
1994,Box 459 - Venez célébrer la sobriété: du 3 au 6 juillet 1980 à la Nouvelle-Orléans,https://www.aa.org/sites/default/files/newsletters/fr_box459_aug-sept79.pdf,fr_box459_aug-sept79.pdf,,,,Newsletter: Box 4-5-9,Newsletters,French,Newsletter,1980,1596991,1.5 MB,2021-07-20,https://www.aa.org/fr/box-459,Box 459,1,www.aa.org,ok
1995,Box 459 - Venez célébrer le 70e anniversaire des AA à Toronto dans un merveilleux tourbillon,https://www.aa.org/sites/default/files/newsletters/fr_box459_feb-mar04.pdf,fr_box459_feb-mar04.pdf,,,,Newsletter: Box 4-5-9,Newsletters,French,Newsletter,,168899,164.9 KB,2021-07-20,https://www.aa.org/fr/box-459,Box 459,1,www.aa.org,ok
1996,"Box 459 - Venez célébrer le 75e anniversaire des AA À San Antonio, Texas",https://www.aa.org/sites/default/files/newsletters/fr_box459_april-may09.pdf,fr_box459_april-may09.pdf,,,,Newsletter: Box 4-5-9,Newsletters,French,Newsletter,,209351,204.4 KB,2021-07-19,https://www.aa.org/fr/box-459,Box 459,1,www.aa.org,ok
1997,"Box 459 - Venez célébrer le 80e anniversaire des AA à Atlanta, Georgia",https://www.aa.org/sites/default/files/newsletters/fr_box459_spring14.pdf,fr_box459_spring14.pdf,,,,Newsletter: Box 4-5-9,Newsletters,French,Newsletter,,2864942,2.7 MB,2021-07-19,https://www.aa.org/fr/box-459,Box 459,1,www.aa.org,ok
1998,Box 459 - Venez célébrer le 85e anniversaire des AA à Détroit,https://www.aa.org/sites/default/files/newsletters/fr_box459_summer_2019.pdf,fr_box459_summer_2019.pdf,,,,Newsletter: Box 4-5-9,Newsletters,French,Newsletter,2019,936211,914.3 KB,2021-07-19,https://www.aa.org/fr/box-459,Box 459,1,www.aa.org,ok
1999,Box 459 - Vengan a celebrar el 70º aniversario de A.A. en Toronto,https://www.aa.org/sites/default/files/newsletters/sp_box459_feb-mar04.pdf,sp_box459_feb-mar04.pdf,,,,Newsletter: Box 4-5-9,Newsletters,Spanish,Newsletter,,93264,91.1 KB,2021-07-16,https://www.aa.org/es/box-459,Box 459,1,www.aa.org,ok
2000,Box 459 - Vengan a celebrar el 75º aniversario de A.A...,https://www.aa.org/sites/default/files/newsletters/sp_box459_april-may09.pdf,sp_box459_april-may09.pdf,,,,Newsletter: Box 4-5-9,Newsletters,Spanish,Newsletter,,394797,385.5 KB,2021-07-15,https://www.aa.org/es/box-459,Box 459,1,www.aa.org,ok
2001,"Box 459 - Vengan a Celebrar Sobriedad en Nueva Orleans, Julio 3 al 6, 1980",https://www.aa.org/sites/default/files/newsletters/sp_box459_aug-sept79.pdf,sp_box459_aug-sept79.pdf,,,,Newsletter: Box 4-5-9,Newsletters,Spanish,Newsletter,1980,1005924,982.3 KB,2021-07-16,https://www.aa.org/es/box-459,Box 459,1,www.aa.org,ok
2002,Box 459 - Viajamos por A.A.,https://www.aa.org/sites/default/files/newsletters/sp_box459_sept63.pdf,sp_box459_sept63.pdf,,,,Newsletter: Box 4-5-9,Newsletters,Spanish,Newsletter,,2828588,2.7 MB,2021-09-03,https://www.aa.org/es/box-459,Box 459,1,www.aa.org,ok
2003,"Box 459 - Vigésima Novena Conferencia Aprueba la Película ""A.A. Vista por Dentro""",https://www.aa.org/sites/default/files/newsletters/sp_box459_june-july79.pdf,sp_box459_june-july79.pdf,,,,Newsletter: Box 4-5-9,Newsletters,Spanish,Newsletter,,1312564,1.3 MB,2021-07-19,https://www.aa.org/es/box-459,Box 459,1,www.aa.org,ok
2004,Box 459 - Vivons-nous conformément à cet élément de notre Héritage qu'est I'Unité?,https://www.aa.org/sites/default/files/newsletters/fr_box459_feb-mar91.pdf,fr_box459_feb-mar91.pdf,,,,Newsletter: Box 4-5-9,Newsletters,French,Newsletter; Form / Application,,3210908,3.1 MB,2021-07-20,https://www.aa.org/fr/box-459,Box 459,1,www.aa.org,ok
2005,Box 459 - Voces Amigables Llenas de Esperanza Ayudan a Mantener la Sobriedad de la Persona Nueva,https://www.aa.org/sites/default/files/newsletters/sp_box459_oct-nov73.pdf,sp_box459_oct-nov73.pdf,,,,Newsletter: Box 4-5-9,Newsletters,Spanish,Newsletter,,638421,623.5 KB,2021-07-19,https://www.aa.org/es/box-459,Box 459,1,www.aa.org,ok
2006,"Box 459 - Voici Nick S., nouveau membre du personnel du BSG",https://www.aa.org/sites/default/files/newsletters/ff-36_spring2024_0.pdf,ff-36_spring2024_0.pdf,FF-36,F-36,"Forms, Catalogs & Order Blanks",Newsletter: Box 4-5-9,Newsletters,French,Newsletter,2024,2505983,2.4 MB,2024-11-01,https://www.aa.org/fr/box-459,Box 459,1,www.aa.org,ok
2007,Box 459 - Voici nos quatre nouveaux administrateurs de Classe B,https://www.aa.org/sites/default/files/newsletters/ff-36_fall2023_0.pdf,ff-36_fall2023_0.pdf,FF-36,F-36,"Forms, Catalogs & Order Blanks",Newsletter: Box 4-5-9,Newsletters,French,Newsletter,2023,2844405,2.7 MB,2023-11-30,https://www.aa.org/fr/box-459,Box 459,1,www.aa.org,ok
2008,Box 459 - Votre groupe a-t-il un président des publications ?,https://www.aa.org/sites/default/files/newsletters/fr_box459_fall13.pdf,fr_box459_fall13.pdf,,,,Newsletter: Box 4-5-9,Newsletters,French,Newsletter,,2560457,2.4 MB,2021-07-20,https://www.aa.org/fr/box-459,Box 459,1,www.aa.org,ok
2009,Box 459 - Votre groupe est-il en relations étroites avec I'association AA en son entier?,https://www.aa.org/sites/default/files/newsletters/fr_box459_aug-sept78.pdf,fr_box459_aug-sept78.pdf,,,,Newsletter: Box 4-5-9,Newsletters,French,Newsletter,,1458811,1.4 MB,2021-07-20,https://www.aa.org/fr/box-459,Box 459,1,www.aa.org,ok
2010,Box 459 - Votre groupe s’est-il regardé dans le miroir dernièrement ?,https://www.aa.org/sites/default/files/newsletters/fr_box459_april-may08.pdf,fr_box459_april-may08.pdf,,,,Newsletter: Box 4-5-9,Newsletters,French,Newsletter,,601434,587.3 KB,2021-07-19,https://www.aa.org/fr/box-459,Box 459,1,www.aa.org,ok
2011,Box 459 - Ways to Liven Up Your Meetings in the Dead of Winter (or Summer),https://www.aa.org/sites/default/files/newsletters/en_box459_winter69.pdf,en_box459_winter69.pdf,,,,Newsletter: Box 4-5-9,Newsletters,English,Newsletter,,688575,672.4 KB,2021-07-14,https://www.aa.org/box-459,Box 459,1,www.aa.org,ok
2012,Box 459 - We Are Grateful…,https://www.aa.org/sites/default/files/newsletters/en_box459_nov59.pdf,en_box459_nov59.pdf,,,,Newsletter: Box 4-5-9,Newsletters,English,Newsletter,,465921,455.0 KB,2021-07-14,https://www.aa.org/box-459,Box 459,1,www.aa.org,ok
2013,Box 459 - We are Grateful…,https://www.aa.org/sites/default/files/newsletters/en_box459_nov61.pdf,en_box459_nov61.pdf,,,,Newsletter: Box 4-5-9,Newsletters,English,Newsletter,,383878,374.9 KB,2021-07-14,https://www.aa.org/box-459,Box 459,1,www.aa.org,ok
2014,Box 459 - Welcome to New Orleans!,https://www.aa.org/sites/default/files/newsletters/en_box459_aug-sept80.pdf,en_box459_aug-sept80.pdf,,,,Newsletter: Box 4-5-9,Newsletters,English,Newsletter,,961302,938.8 KB,2021-07-14,https://www.aa.org/box-459,Box 459,1,www.aa.org,ok
2015,Box 459 - What Really Goes on Behind the Scenes at the Conference?,https://www.aa.org/sites/default/files/newsletters/en_box459_april-may75.pdf,en_box459_april-may75.pdf,,,,Newsletter: Box 4-5-9,Newsletters,English,Conference; Newsletter,,1206009,1.2 MB,2021-07-14,https://www.aa.org/box-459,Box 459,1,www.aa.org,ok
2016,Box 459 - What's New at G.S.O. – Celebrating Over Half a Millennium of Service,https://www.aa.org/sites/default/files/newsletters/en_box459_supplementissue20.pdf,en_box459_supplementissue20.pdf,,,,Newsletter: Box 4-5-9,Newsletters,English,Newsletter,,329102,321.4 KB,2021-07-19,https://www.aa.org/box-459,Box 459,1,www.aa.org,ok
2017,Box 459 - When is 'Breaking My Anonymity' NOT an Anonymity Break?,https://www.aa.org/sites/default/files/newsletters/en_box459_holiday64.pdf,en_box459_holiday64.pdf,,,,Newsletter: Box 4-5-9,Newsletters,English,Anonymity; Newsletter,,2647252,2.5 MB,2021-07-15,https://www.aa.org/box-459,Box 459,1,www.aa.org,ok
2018,Box 459 - When is Breaking Your Anonymity Not an Anonymity Break?,https://www.aa.org/sites/default/files/newsletters/en_box459_fall12.pdf,en_box459_fall12.pdf,,,,Newsletter: Box 4-5-9,Newsletters,English,Anonymity; Newsletter,,789755,771.2 KB,2021-07-15,https://www.aa.org/box-459,Box 459,1,www.aa.org,ok
2019,"Box 459 - Wherever Newcomers Come From, Do We Meet Them 'Where They Are'?",https://www.aa.org/sites/default/files/newsletters/en_box459_feb-mar83.pdf,en_box459_feb-mar83.pdf,,,,Newsletter: Box 4-5-9,Newsletters,English,Newcomer; Newsletter,,892809,871.9 KB,2021-07-15,https://www.aa.org/box-459,Box 459,1,www.aa.org,ok
2020,Box 459 - Which Counts Most - Me or My A.A. Group?,https://www.aa.org/sites/default/files/newsletters/en_box459_june-july65.pdf,en_box459_june-july65.pdf,,,,Newsletter: Box 4-5-9,Newsletters,English,Newsletter,,1121982,1.1 MB,2021-07-15,https://www.aa.org/box-459,Box 459,1,www.aa.org,ok
2021,"Box 459 - Which Serves Alcoholics Better - Special 'Group,' or 'Meetings'?",https://www.aa.org/sites/default/files/newsletters/en_box459_aug-sept72.pdf,en_box459_aug-sept72.pdf,,,,Newsletter: Box 4-5-9,Newsletters,English,Newsletter,,475980,464.8 KB,2021-07-14,https://www.aa.org/box-459,Box 459,1,www.aa.org,ok
2022,Box 459 - Why Do So Many A.A.'s Enjoy P.I. Work?,https://www.aa.org/sites/default/files/newsletters/en_box459_feb-mar79.pdf,en_box459_feb-mar79.pdf,,,,Newsletter: Box 4-5-9,Newsletters,English,Newsletter,,1210370,1.2 MB,2021-07-15,https://www.aa.org/box-459,Box 459,1,www.aa.org,ok
2023,Box 459 - Winter 2018 - The Only Requirement…,https://www.aa.org/sites/default/files/newsletters/en_box459_holiday18.pdf,en_box459_holiday18.pdf,,,,Newsletter: Box 4-5-9,Newsletters,English,Newsletter,2018,1575254,1.5 MB,2021-07-15,https://www.aa.org/box-459,Box 459,1,www.aa.org,ok
2024,Box 459 - Winter Issue 2009,https://www.aa.org/sites/default/files/newsletters/en_box459_holiday09.pdf,en_box459_holiday09.pdf,,,,Newsletter: Box 4-5-9,Newsletters,English,Newsletter,2009,1265452,1.2 MB,2021-07-15,https://www.aa.org/box-459,Box 459,1,www.aa.org,ok
2025,Box 459 - Winter Issue 2010,https://www.aa.org/sites/default/files/newsletters/en_box459_winter10_1.pdf,en_box459_winter10_1.pdf,,,,Newsletter: Box 4-5-9,Newsletters,English,Newsletter,2010,983101,960.1 KB,2021-07-19,https://www.aa.org/box-459,Box 459,1,www.aa.org,ok
2026,Box 459 - Winter Issue 2011,https://www.aa.org/sites/default/files/newsletters/en_box459_winter11.pdf,en_box459_winter11.pdf,,,,Newsletter: Box 4-5-9,Newsletters,English,Newsletter,2011,1783891,1.7 MB,2021-07-14,https://www.aa.org/box-459,Box 459,1,www.aa.org,ok
2027,Box 459 - Work Begins on 1957 Directory,https://www.aa.org/sites/default/files/newsletters/en_box459_dec56.pdf,en_box459_dec56.pdf,,,,Newsletter: Box 4-5-9,Newsletters,English,Newsletter,1957,966927,944.3 KB,2021-07-15,https://www.aa.org/box-459,Box 459,1,www.aa.org,ok
2028,Box 459 - World A.A. Plans to Meet in Guatemala City,https://www.aa.org/sites/default/files/newsletters/en_box459_aug-sept86.pdf,en_box459_aug-sept86.pdf,,,,Newsletter: Box 4-5-9,Newsletters,English,Newsletter,,1969192,1.9 MB,2021-07-14,https://www.aa.org/box-459,Box 459,1,www.aa.org,ok
2029,Box 459 - XI Reunión de Servicio Mundial se reunirá en Munich,https://www.aa.org/sites/default/files/newsletters/sp_box459_oct-nov90.pdf,sp_box459_oct-nov90.pdf,,,,Newsletter: Box 4-5-9,Newsletters,Spanish,Newsletter,,2239800,2.1 MB,2021-07-19,https://www.aa.org/es/box-459,Box 459,1,www.aa.org,ok
2030,"Box 459 - XL Conferencia de Servicios - ""El Grupo Base - Nuestra responsabilidad y nuestro vInculo con el futuro de A.A.""",https://www.aa.org/sites/default/files/newsletters/sp_box459_june-july90.pdf,sp_box459_june-july90.pdf,,,,Newsletter: Box 4-5-9,Newsletters,Spanish,Newsletter,,2621253,2.5 MB,2021-07-19,https://www.aa.org/es/box-459,Box 459,1,www.aa.org,ok
2031,Box 459 - XXXIV Conferencia Oirá las Multiples Voces del Agradecimiento,https://www.aa.org/sites/default/files/newsletters/sp_box459_april-may84.pdf,sp_box459_april-may84.pdf,,,,Newsletter: Box 4-5-9,Newsletters,Spanish,Newsletter,,1025625,1001.6 KB,2021-07-15,https://www.aa.org/es/box-459,Box 459,1,www.aa.org,ok
2032,Box 459 - XXXV Conferencia Celebra la Gratitud y la Responsabilidad,https://www.aa.org/sites/default/files/newsletters/sp_box459_june-july85.pdf,sp_box459_june-july85.pdf,,,,Newsletter: Box 4-5-9,Newsletters,Spanish,Newsletter,,2509112,2.4 MB,2021-07-19,https://www.aa.org/es/box-459,Box 459,1,www.aa.org,ok
2033,Box 459 - XXXV Conferencia de Servicios Generales: Un Tono Alegre,https://www.aa.org/sites/default/files/newsletters/sp_box459_april-may85.pdf,sp_box459_april-may85.pdf,,,,Newsletter: Box 4-5-9,Newsletters,Spanish,Newsletter,,2092147,2.0 MB,2021-07-15,https://www.aa.org/es/box-459,Box 459,1,www.aa.org,ok
2034,Box 459 - XXXVI Conferencia Mira Hacia el Porvenir,https://www.aa.org/sites/default/files/newsletters/sp_box459_june-july86.pdf,sp_box459_june-july86.pdf,,,,Newsletter: Box 4-5-9,Newsletters,Spanish,Newsletter,,11955791,11.4 MB,2021-07-19,https://www.aa.org/es/box-459,Box 459,1,www.aa.org,ok
2035,Box 459 - Your Letters Bring Vitality to G.S.O.,https://www.aa.org/sites/default/files/newsletters/en_box459_feb-mar67.pdf,en_box459_feb-mar67.pdf,,,,Newsletter: Box 4-5-9,Newsletters,English,Newsletter,,576724,563.2 KB,2021-07-15,https://www.aa.org/box-459,Box 459,1,www.aa.org,ok
2036,Box 459 - « Celui qui ne pouvait pas arrêter de boire ? »,https://www.aa.org/sites/default/files/newsletters/fr_box459_summer_2018.pdf,fr_box459_summer_2018.pdf,,,,Newsletter: Box 4-5-9,Newsletters,French,Newsletter,2018,493750,482.2 KB,2021-07-19,https://www.aa.org/fr/box-459,Box 459,1,www.aa.org,ok
2037,Box 459 - « Je suis responsable » Plus de 44 000 AA ont célébré la sobriété,https://www.aa.org/sites/default/files/newsletters/fr_box459_aug-sept05.pdf,fr_box459_aug-sept05.pdf,,,,Newsletter: Box 4-5-9,Newsletters,French,Newsletter,,321294,313.8 KB,2021-07-20,https://www.aa.org/fr/box-459,Box 459,1,www.aa.org,ok
2038,Box 459 - « Je suis » : Le nouveau site Web AA.org,https://www.aa.org/sites/default/files/newsletters/FF-36_Box_4-5-9_Spring_2022.pdf,FF-36_Box_4-5-9_Spring_2022.pdf,FF-36,F-36,"Forms, Catalogs & Order Blanks",Newsletter: Box 4-5-9,Newsletters,French,Newsletter,2022,1506270,1.4 MB,2022-03-22,https://www.aa.org/fr/box-459,Box 459,1,www.aa.org,ok
2039,Box 459 - « La grandeur des AA » : Nouvelles approches de la Septième Tradition,https://www.aa.org/sites/default/files/newsletters/fr_box459_fall20.pdf,fr_box459_fall20.pdf,,,,Newsletter: Box 4-5-9,Newsletters,French,Twelve Traditions; Newsletter,,1012496,988.8 KB,2021-07-20,https://www.aa.org/fr/box-459,Box 459,1,www.aa.org,ok
2040,Box 459 - « Les enfants du désordre » : La naissance des Traditions des AA,https://www.aa.org/sites/default/files/newsletters/fr_box459_spring11.pdf,fr_box459_spring11.pdf,,,,Newsletter: Box 4-5-9,Newsletters,French,Twelve Traditions; Newsletter,,1721547,1.6 MB,2021-07-19,https://www.aa.org/fr/box-459,Box 459,1,www.aa.org,ok
2041,Box 459 - ¿Cómo Acoge su Grupo a los Invitados?,https://www.aa.org/sites/default/files/newsletters/sp_box459_april-may78.pdf,sp_box459_april-may78.pdf,,,,Newsletter: Box 4-5-9,Newsletters,Spanish,Newsletter,,986063,963.0 KB,2021-07-15,https://www.aa.org/es/box-459,Box 459,1,www.aa.org,ok
2042,Box 459 - ¿Cómo superan los grupos las tristezas de la mudanza?,https://www.aa.org/sites/default/files/newsletters/sp_box459_oct-nov93.pdf,sp_box459_oct-nov93.pdf,,,,Newsletter: Box 4-5-9,Newsletters,Spanish,Newsletter,,2068086,2.0 MB,2021-07-19,https://www.aa.org/es/box-459,Box 459,1,www.aa.org,ok
2043,Box 459 - ¿Encontramos a los Principiantes 'Dónde Ellos Están'?,https://www.aa.org/sites/default/files/newsletters/sp_box459_feb-mar83.pdf,sp_box459_feb-mar83.pdf,,,,Newsletter: Box 4-5-9,Newsletters,Spanish,Newsletter,,966631,944.0 KB,2021-07-16,https://www.aa.org/es/box-459,Box 459,1,www.aa.org,ok
2044,Box 459 - ¿Ha pensado recientemente en el anonimato?,https://www.aa.org/sites/default/files/newsletters/sp_box459_aug-sept88.pdf,sp_box459_aug-sept88.pdf,,,,Newsletter: Box 4-5-9,Newsletters,Spanish,Newsletter,,2199352,2.1 MB,2021-07-16,https://www.aa.org/es/box-459,Box 459,1,www.aa.org,ok
2045,Box 459 - ¿Hacemos la limpieza después de las reuniones?,https://www.aa.org/sites/default/files/newsletters/sp_box459_feb-mar01.pdf,sp_box459_feb-mar01.pdf,,,,Newsletter: Box 4-5-9,Newsletters,Spanish,Newsletter,,3122198,3.0 MB,2021-07-16,https://www.aa.org/es/box-459,Box 459,1,www.aa.org,ok
2046,Box 459 - ¿Por qué le Gusta a Tantos A.A. la Información Pública?,https://www.aa.org/sites/default/files/newsletters/sp_box459_feb-mar79.pdf,sp_box459_feb-mar79.pdf,,,,Newsletter: Box 4-5-9,Newsletters,Spanish,Newsletter; Form / Application,,1113162,1.1 MB,2021-07-16,https://www.aa.org/es/box-459,Box 459,1,www.aa.org,ok
2047,Box 459 - ¿Qué es 'una Conciencia de Grupo Bien Informada'?,https://www.aa.org/sites/default/files/newsletters/sp_box459_oct-nov83.pdf,sp_box459_oct-nov83.pdf,,,,Newsletter: Box 4-5-9,Newsletters,Spanish,Newsletter; Form / Application,,947484,925.3 KB,2021-07-19,https://www.aa.org/es/box-459,Box 459,1,www.aa.org,ok
2048,Box 459 - ¿Se ha mirado su grupo en el espejo recientemente?,https://www.aa.org/sites/default/files/newsletters/sp_box459_april-may08.pdf,sp_box459_april-may08.pdf,,,,Newsletter: Box 4-5-9,Newsletters,Spanish,Newsletter,,309620,302.4 KB,2021-07-15,https://www.aa.org/es/box-459,Box 459,1,www.aa.org,ok
2049,Box 459 - ¿Tiene su grupo un coordinador de literatura?,https://www.aa.org/sites/default/files/newsletters/sp_box459_fall13.pdf,sp_box459_fall13.pdf,,,,Newsletter: Box 4-5-9,Newsletters,Spanish,Newsletter,,234852,229.3 KB,2021-07-16,https://www.aa.org/es/box-459,Box 459,1,www.aa.org,ok
2050,Box 459 - Édition de Noel 1967,https://www.aa.org/sites/default/files/newsletters/fr_box459_holiday67.pdf,fr_box459_holiday67.pdf,,,,Newsletter: Box 4-5-9,Newsletters,French,Newsletter,1967,693422,677.2 KB,2021-07-20,https://www.aa.org/fr/box-459,Box 459,1,www.aa.org,ok
2051,Box 459 - Édition des Fêtes 1980,https://www.aa.org/sites/default/files/newsletters/fr_box459_holiday80.pdf,fr_box459_holiday80.pdf,,,,Newsletter: Box 4-5-9,Newsletters,French,Newsletter,1980,1936809,1.8 MB,2021-07-20,https://www.aa.org/fr/box-459,Box 459,1,www.aa.org,ok
2052,Box 459 - Édition des Fêtes 1981,https://www.aa.org/sites/default/files/newsletters/fr_box459_holiday81.pdf,fr_box459_holiday81.pdf,,,,Newsletter: Box 4-5-9,Newsletters,French,Newsletter,1981,1108462,1.1 MB,2021-07-20,https://www.aa.org/fr/box-459,Box 459,1,www.aa.org,ok
2053,Box 459 - Édition des Fêtes 1982,https://www.aa.org/sites/default/files/newsletters/fr_box459_holiday82.pdf,fr_box459_holiday82.pdf,,,,Newsletter: Box 4-5-9,Newsletters,French,Newsletter,1982,2047356,2.0 MB,2021-07-20,https://www.aa.org/fr/box-459,Box 459,1,www.aa.org,ok
2054,Box 459 - Édition des Fêtes 1983,https://www.aa.org/sites/default/files/newsletters/fr_box459_holiday83.pdf,fr_box459_holiday83.pdf,,,,Newsletter: Box 4-5-9,Newsletters,French,Newsletter,1983,1804375,1.7 MB,2021-07-20,https://www.aa.org/fr/box-459,Box 459,1,www.aa.org,ok
2055,Box 459 - Édition des Fêtes 1983,https://www.aa.org/sites/default/files/newsletters/sp_box459_holiday83.pdf,sp_box459_holiday83.pdf,,,,Newsletter: Box 4-5-9,Newsletters,Spanish,Newsletter,1983,987421,964.3 KB,2021-07-16,https://www.aa.org/es/box-459,Box 459,1,www.aa.org,ok
2056,Box 459 - Édition des Fêtes 1984,https://www.aa.org/sites/default/files/newsletters/fr_box459_holiday84.pdf,fr_box459_holiday84.pdf,,,,Newsletter: Box 4-5-9,Newsletters,French,Newsletter,1984,1939145,1.8 MB,2021-07-20,https://www.aa.org/fr/box-459,Box 459,1,www.aa.org,ok
2057,Box 459 - Édition des Fêtes 1985,https://www.aa.org/sites/default/files/newsletters/fr_box459_holiday85.pdf,fr_box459_holiday85.pdf,,,,Newsletter: Box 4-5-9,Newsletters,French,Newsletter,1985,2829022,2.7 MB,2021-07-20,https://www.aa.org/fr/box-459,Box 459,1,www.aa.org,ok
2058,Box 459 - Édition des Fêtes 1986,https://www.aa.org/sites/default/files/newsletters/fr_box459_holiday86.pdf,fr_box459_holiday86.pdf,,,,Newsletter: Box 4-5-9,Newsletters,French,Newsletter,1986,3113576,3.0 MB,2021-07-20,https://www.aa.org/fr/box-459,Box 459,1,www.aa.org,ok
2059,Box 459 - Édition des Fêtes 1987,https://www.aa.org/sites/default/files/newsletters/fr_box459_holiday87.pdf,fr_box459_holiday87.pdf,,,,Newsletter: Box 4-5-9,Newsletters,French,Newsletter,1987,3139683,3.0 MB,2021-07-20,https://www.aa.org/fr/box-459,Box 459,1,www.aa.org,ok
2060,Box 459 - Édition des fêtes 1989,https://www.aa.org/sites/default/files/newsletters/fr_box459_holiday89.pdf,fr_box459_holiday89.pdf,,,,Newsletter: Box 4-5-9,Newsletters,French,Newsletter,1989,3122717,3.0 MB,2021-07-20,https://www.aa.org/fr/box-459,Box 459,1,www.aa.org,ok
2061,Box 459 - Édition des Fêtes 1990,https://www.aa.org/sites/default/files/newsletters/fr_box459_holiday90.pdf,fr_box459_holiday90.pdf,,,,Newsletter: Box 4-5-9,Newsletters,French,Newsletter,1990,3286096,3.1 MB,2021-07-20,https://www.aa.org/fr/box-459,Box 459,1,www.aa.org,ok
2062,Box 459 - Édition des Fêtes 1991,https://www.aa.org/sites/default/files/newsletters/fr_box459_holiday91.pdf,fr_box459_holiday91.pdf,,,,Newsletter: Box 4-5-9,Newsletters,French,Newsletter,1991,2941198,2.8 MB,2021-07-20,https://www.aa.org/fr/box-459,Box 459,1,www.aa.org,ok
2063,Box 459 - Édition des Fêtes 1992,https://www.aa.org/sites/default/files/newsletters/fr_box459_holiday92.pdf,fr_box459_holiday92.pdf,,,,Newsletter: Box 4-5-9,Newsletters,French,Newsletter,1992,3249569,3.1 MB,2021-07-20,https://www.aa.org/fr/box-459,Box 459,1,www.aa.org,ok
2064,Box 459 - Édition des Fêtes 1993,https://www.aa.org/sites/default/files/newsletters/fr_box459_holiday93.pdf,fr_box459_holiday93.pdf,,,,Newsletter: Box 4-5-9,Newsletters,French,Newsletter,1993,3257905,3.1 MB,2021-07-20,https://www.aa.org/fr/box-459,Box 459,1,www.aa.org,ok
2065,Box 459 - Édition des Fêtes 1994,https://www.aa.org/sites/default/files/newsletters/fr_box459_holiday94.pdf,fr_box459_holiday94.pdf,,,,Newsletter: Box 4-5-9,Newsletters,French,Newsletter,1994,3102827,3.0 MB,2021-07-20,https://www.aa.org/fr/box-459,Box 459,1,www.aa.org,ok
2066,Box 459 - Édition des Fêtes 1995,https://www.aa.org/sites/default/files/newsletters/fr_box459_holiday95.pdf,fr_box459_holiday95.pdf,,,,Newsletter: Box 4-5-9,Newsletters,French,Newsletter,1995,3064056,2.9 MB,2021-07-20,https://www.aa.org/fr/box-459,Box 459,1,www.aa.org,ok
2067,Box 459 - Édition des Fêtes 1996,https://www.aa.org/sites/default/files/newsletters/fr_box459_holiday96.pdf,fr_box459_holiday96.pdf,,,,Newsletter: Box 4-5-9,Newsletters,French,Newsletter,1996,1375855,1.3 MB,2021-07-20,https://www.aa.org/fr/box-459,Box 459,1,www.aa.org,ok
2068,Box 459 - Édition des Fêtes 1997,https://www.aa.org/sites/default/files/newsletters/fr_box459_holiday97.pdf,fr_box459_holiday97.pdf,,,,Newsletter: Box 4-5-9,Newsletters,French,Newsletter,1997,1327233,1.3 MB,2021-07-20,https://www.aa.org/fr/box-459,Box 459,1,www.aa.org,ok
2069,Box 459 - Édition des Fêtes 1998,https://www.aa.org/sites/default/files/newsletters/fr_box459_holiday98.pdf,fr_box459_holiday98.pdf,,,,Newsletter: Box 4-5-9,Newsletters,French,Newsletter,1998,1295016,1.2 MB,2021-07-20,https://www.aa.org/fr/box-459,Box 459,1,www.aa.org,ok
2070,Box 459 - Édition des fêtes 1999,https://www.aa.org/sites/default/files/newsletters/fr_box459_holiday99.pdf,fr_box459_holiday99.pdf,,,,Newsletter: Box 4-5-9,Newsletters,French,Newsletter,1999,1192881,1.1 MB,2021-07-20,https://www.aa.org/fr/box-459,Box 459,1,www.aa.org,ok
2071,Box 459 - Édition Des Fêtes 2000,https://www.aa.org/sites/default/files/newsletters/fr_box459_holiday00.pdf,fr_box459_holiday00.pdf,,,,Newsletter: Box 4-5-9,Newsletters,French,Newsletter,2000,1336474,1.3 MB,2021-07-20,https://www.aa.org/fr/box-459,Box 459,1,www.aa.org,ok
2072,Box 459 - Édition Des Fêtes 2001,https://www.aa.org/sites/default/files/newsletters/fr_box459_holiday01.pdf,fr_box459_holiday01.pdf,,,,Newsletter: Box 4-5-9,Newsletters,French,Newsletter,2001,415617,405.9 KB,2021-07-20,https://www.aa.org/fr/box-459,Box 459,1,www.aa.org,ok
2073,Box 459 - Édition Des Fêtes 2002,https://www.aa.org/sites/default/files/newsletters/fr_box459_holiday02.pdf,fr_box459_holiday02.pdf,,,,Newsletter: Box 4-5-9,Newsletters,French,Newsletter,2002,374793,366.0 KB,2021-07-20,https://www.aa.org/fr/box-459,Box 459,1,www.aa.org,ok
2074,Box 459 - Édition Des Fêtes 2003,https://www.aa.org/sites/default/files/newsletters/fr_box459_holiday03.pdf,fr_box459_holiday03.pdf,,,,Newsletter: Box 4-5-9,Newsletters,French,Newsletter,2003,317941,310.5 KB,2021-07-20,https://www.aa.org/fr/box-459,Box 459,1,www.aa.org,ok
2075,Box 459 - Édition Des Fêtes 2004,https://www.aa.org/sites/default/files/newsletters/fr_box459_holiday04.pdf,fr_box459_holiday04.pdf,,,,Newsletter: Box 4-5-9,Newsletters,French,Newsletter,2004,520964,508.8 KB,2021-07-20,https://www.aa.org/fr/box-459,Box 459,1,www.aa.org,ok
2076,Box 459 - Édition Des Fêtes 2005,https://www.aa.org/sites/default/files/newsletters/fr_box459_holiday05-06.pdf,fr_box459_holiday05-06.pdf,,,,Newsletter: Box 4-5-9,Newsletters,French,Newsletter,2005,1271624,1.2 MB,2021-07-20,https://www.aa.org/fr/box-459,Box 459,1,www.aa.org,ok
2077,Box 459 - Édition Des Fêtes 2006,https://www.aa.org/sites/default/files/newsletters/fr_box459_holiday06.pdf,fr_box459_holiday06.pdf,,,,Newsletter: Box 4-5-9,Newsletters,French,Newsletter,2006,822674,803.4 KB,2021-07-20,https://www.aa.org/fr/box-459,Box 459,1,www.aa.org,ok
2078,Box 459 - Édition Des Fêtes 2007,https://www.aa.org/sites/default/files/newsletters/fr_box459_holiday07.pdf,fr_box459_holiday07.pdf,,,,Newsletter: Box 4-5-9,Newsletters,French,Newsletter,2007,459824,449.0 KB,2021-07-20,https://www.aa.org/fr/box-459,Box 459,1,www.aa.org,ok
2079,Box 459 - Édition Des Fêtes 2008,https://www.aa.org/sites/default/files/newsletters/fr_box459_holiday08.pdf,fr_box459_holiday08.pdf,,,,Newsletter: Box 4-5-9,Newsletters,French,Newsletter,2008,391037,381.9 KB,2021-07-20,https://www.aa.org/fr/box-459,Box 459,1,www.aa.org,ok
2080,Box 459 - Édition des Fêtes 2012,https://www.aa.org/sites/default/files/newsletters/fr_box459_holiday12.pdf,fr_box459_holiday12.pdf,,,,Newsletter: Box 4-5-9,Newsletters,French,Newsletter,2012,2403679,2.3 MB,2021-07-20,https://www.aa.org/fr/box-459,Box 459,1,www.aa.org,ok
2081,Box 459 - Été 2014 - La 64e Conférence des Services généraux,https://www.aa.org/sites/default/files/newsletters/fr_box459_summer14.pdf,fr_box459_summer14.pdf,,,,Newsletter: Box 4-5-9,Newsletters,French,Newsletter,2014,958101,935.6 KB,2021-07-19,https://www.aa.org/fr/box-459,Box 459,1,www.aa.org,ok
2082,Box 459 - Être jeunes et abstinents,https://www.aa.org/sites/default/files/newsletters/fr_box459_fall18.pdf,fr_box459_fall18.pdf,,,,Newsletter: Box 4-5-9,Newsletters,French,Newsletter,,1801942,1.7 MB,2021-07-20,https://www.aa.org/fr/box-459,Box 459,1,www.aa.org,ok
2083,Box 459 - ‘Los hijos del caos’: El nacimiento de las Tradiciones de A.A.,https://www.aa.org/sites/default/files/newsletters/sp_box459_spring11_0.pdf,sp_box459_spring11_0.pdf,,,,Newsletter: Box 4-5-9,Newsletters,Spanish,Newsletter,,1707137,1.6 MB,2021-07-19,https://www.aa.org/es/box-459,Box 459,1,www.aa.org,ok
2084,"Box 459 - “I Am Responsible” Over 44,000 A.A.s Celebrate Sobriety",https://www.aa.org/sites/default/files/newsletters/en_box459_aug-sept05.pdf,en_box459_aug-sept05.pdf,,,,Newsletter: Box 4-5-9,Newsletters,English,Newsletter; Sobriety,,822928,803.6 KB,2021-07-14,https://www.aa.org/box-459,Box 459,1,www.aa.org,ok
2085,Box 459 - “Lo mejor de A.A.:” Nuevos enfoques sobre la Séptima Tradición,https://www.aa.org/sites/default/files/newsletters/sp_box459_fall20.pdf,sp_box459_fall20.pdf,,,,Newsletter: Box 4-5-9,Newsletters,Spanish,Newsletter,,996889,973.5 KB,2021-07-16,https://www.aa.org/es/box-459,Box 459,1,www.aa.org,ok
2086,Box 459 - “One Who Cannot Stop Drinking”,https://www.aa.org/sites/default/files/newsletters/en_box459_summer_2018.pdf,en_box459_summer_2018.pdf,,,,Newsletter: Box 4-5-9,Newsletters,English,Newsletter,2018,400035,390.7 KB,2021-07-14,https://www.aa.org/box-459,Box 459,1,www.aa.org,ok
2087,Box 459 - “Una persona que no puede dejar de beber”,https://www.aa.org/sites/default/files/newsletters/sp_box459_summer_2018_0.pdf,sp_box459_summer_2018_0.pdf,,,,Newsletter: Box 4-5-9,Newsletters,Spanish,Newsletter,2018,457660,446.9 KB,2021-07-19,https://www.aa.org/es/box-459,Box 459,1,www.aa.org,ok
2088,"Box 459 - “Yo soy responsable” Más de 44,000 A.A. celebran la sobriedad",https://www.aa.org/sites/default/files/newsletters/sp_box459_aug-sept05.pdf,sp_box459_aug-sept05.pdf,,,,Newsletter: Box 4-5-9,Newsletters,Spanish,Newsletter,,214585,209.6 KB,2021-07-16,https://www.aa.org/es/box-459,Box 459,1,www.aa.org,ok
2089,Box 459 - ‹‹ Transmet tons-le au 21e siècle ›› pour célébrer 65 ans de liberté,https://www.aa.org/sites/default/files/newsletters/fr_box459_aug-sept00.pdf,fr_box459_aug-sept00.pdf,,,,Newsletter: Box 4-5-9,Newsletters,French,Newsletter,,3745715,3.6 MB,2021-07-20,https://www.aa.org/fr/box-459,Box 459,1,www.aa.org,ok
2090,Box 459 – Summer 2026,https://www.aa.org/sites/default/files/newsletters/F-36_summer2026.pdf,F-36_summer2026.pdf,F-36,F-36,"Forms, Catalogs & Order Blanks",Newsletter: Box 4-5-9,Newsletters,English,Newsletter,2026,2652483,2.5 MB,2026-08-18,https://www.aa.org/box-459,Box 459,2,www.aa.org,ok
2091,Box 459 – The ICOAA Seminar: Communicating a Shared Purpose,https://www.aa.org/sites/default/files/newsletters/en_box459_holiday20.pdf,en_box459_holiday20.pdf,,,,Newsletter: Box 4-5-9,Newsletters,English,Newsletter,,1252444,1.2 MB,2021-07-15,https://www.aa.org/box-459,Box 459,1,www.aa.org,ok
2092,Cette édition,https://www.aa.org/sites/default/files/newsletters/FF-36_summer2026.pdf,FF-36_summer2026.pdf,FF-36,F-36,"Forms, Catalogs & Order Blanks",Newsletter: Box 4-5-9,Newsletters,French,Newsletter,2026,2108581,2.0 MB,2026-08-18,https://www.aa.org/fr/box-459,Box 459,2,www.aa.org,ok
2093,Lea el artículo,https://www.aa.org/sites/default/files/literature/sp_box459_fall19_p1-2.pdf,sp_box459_fall19_p1-2.pdf,P-1,P-1,Pamphlets & Booklets,Newsletter: Box 4-5-9,Newsletters,Spanish,Newsletter; Workbook / Kit,,197405,192.8 KB,2021-08-05,https://www.aa.org/es/meeting-guide-app,Meeting Guide,1,www.aa.org,ok
2094,Meeting Guide dans le Box 4-5-9,https://www.aa.org/sites/default/files/literature/fr_box459_fall19_p1-2.pdf,fr_box459_fall19_p1-2.pdf,P-1,P-1,Pamphlets & Booklets,Newsletter: Box 4-5-9,Newsletters,French,Newsletter; Workbook / Kit,,197436,192.8 KB,2021-08-05,https://www.aa.org/fr/meeting-guide-app,Meeting Guide,1,www.aa.org,ok
2095,Meeting Guide in Box 4-5-9,https://www.aa.org/sites/default/files/literature/en_box459_fall19_p1-2.pdf,en_box459_fall19_p1-2.pdf,P-1,P-1,Pamphlets & Booklets,Newsletter: Box 4-5-9,Newsletters,English,Newsletter; Workbook / Kit,,194124,189.6 KB,2021-08-05,https://aa.org/meeting-guide-app,Meeting Guide,2,www.aa.org,ok
2096,Rappel - Poste d’administrateur de Classe A,https://www.aa.org/sites/default/files/literature/FR-2027%20Class%20A%20Announcement_Box%20459_what%27s%20New_GV.pdf,FR-2027%20Class%20A%20Announcement_Box%20459_what%27s%20New_GV.pdf,,,,Newsletter: Box 4-5-9,Newsletters,French,Newsletter; Flyer / Poster,2027,128896,125.9 KB,2026-08-07,https://www.aa.org/fr/news-and-announcements,Quoi de neuf,1,www.aa.org,ok
2097,Recordatorio - Oportunidad de servicio como custodio o custodia clase A,https://www.aa.org/sites/default/files/literature/SP-2027%20Class%20A%20Announcement_Box%20459_what%27s%20New_GV.pdf,SP-2027%20Class%20A%20Announcement_Box%20459_what%27s%20New_GV.pdf,,,,Newsletter: Box 4-5-9,Newsletters,Spanish,Newsletter; Flyer / Poster,2027,155848,152.2 KB,2026-08-07,https://www.aa.org/es/news-and-announcements,Novedades en aa.org,1,www.aa.org,ok
2098,Reminder - Class A (nonalcoholic) trustee Service Opportunity,https://www.aa.org/sites/default/files/literature/EN-2027%20Class%20A%20Announcement_Box%20459_what%27s%20New_GV.pdf,EN-2027%20Class%20A%20Announcement_Box%20459_what%27s%20New_GV.pdf,,,,Newsletter: Box 4-5-9,Newsletters,English,Newsletter; Flyer / Poster,2027,111352,108.7 KB,2026-08-07,https://www.aa.org/news-and-announcements,What's New,1,www.aa.org,ok
2099,Archivages,https://www.aa.org/sites/default/files/newsletters/ff-151-markings_summer-2016.pdf,ff-151-markings_summer-2016.pdf,FF-151,F-151,"Forms, Catalogs & Order Blanks",Newsletter: Markings (Archives),Newsletters,French,Newsletter,2016,1888837,1.8 MB,2021-07-12,https://www.aa.org/fr/markings-newsletter,Archivages,1,www.aa.org,ok
2100,Archivages - Bill W. et ses critiques,https://www.aa.org/sites/default/files/newsletters/ff-151-markings_fall-2015.pdf,ff-151-markings_fall-2015.pdf,FF-151,F-151,"Forms, Catalogs & Order Blanks",Newsletter: Markings (Archives),Newsletters,French,Newsletter,2015,1209829,1.2 MB,2021-07-12,https://www.aa.org/fr/markings-newsletter,Archivages,1,www.aa.org,ok
2101,Archivages - Bill W. propose la Réunion mondiale du service,https://www.aa.org/sites/default/files/newsletters/ff-151_markings_spring15.pdf,ff-151_markings_spring15.pdf,FF-151,F-151,"Forms, Catalogs & Order Blanks",Newsletter: Markings (Archives),Newsletters,French,Newsletter,,233180,227.7 KB,2021-07-12,https://www.aa.org/fr/markings-newsletter,Archivages,1,www.aa.org,ok
2102,"Archivages - Dr G. Kirby Collier, M.D.",https://www.aa.org/sites/default/files/newsletters/ff-151-markings_spring-summer-2013.pdf,ff-151-markings_spring-summer-2013.pdf,FF-151,F-151,"Forms, Catalogs & Order Blanks",Newsletter: Markings (Archives),Newsletters,French,Newsletter,2013,1096393,1.0 MB,2021-07-12,https://www.aa.org/fr/markings-newsletter,Archivages,1,www.aa.org,ok
2103,"Archivages - Harry Tiebout, Médecin",https://www.aa.org/sites/default/files/newsletters/ff-151-markings_winter-2014.pdf,ff-151-markings_winter-2014.pdf,FF-151,F-151,"Forms, Catalogs & Order Blanks",Newsletter: Markings (Archives),Newsletters,French,Newsletter,2014,1749880,1.7 MB,2021-07-12,https://www.aa.org/fr/markings-newsletter,Archivages,1,www.aa.org,ok
2104,Archivages - Le Dr Carl Jung et les Alcooliques anonymes,https://www.aa.org/sites/default/files/newsletters/ff-151-markings_winter-2013.pdf,ff-151-markings_winter-2013.pdf,FF-151,F-151,"Forms, Catalogs & Order Blanks",Newsletter: Markings (Archives),Newsletters,French,Newsletter,2013,1056024,1.0 MB,2021-07-12,https://www.aa.org/fr/markings-newsletter,Archivages,1,www.aa.org,ok
2105,Archivages - Le DVD les Étapes du voyage révisé est maintenant disponible,https://www.aa.org/sites/default/files/newsletters/ff-151-markings_summer-2014.pdf,ff-151-markings_summer-2014.pdf,FF-151,F-151,"Forms, Catalogs & Order Blanks",Newsletter: Markings (Archives),Newsletters,French,Newsletter,2014,161323,157.5 KB,2021-07-12,https://www.aa.org/fr/markings-newsletter,Archivages,1,www.aa.org,ok
2106,Archivages - L’évolution du bureau régional de service de Chicago,https://www.aa.org/sites/default/files/newsletters/ff-151_markings_spring14_0.pdf,ff-151_markings_spring14_0.pdf,FF-151,F-151,"Forms, Catalogs & Order Blanks",Newsletter: Markings (Archives),Newsletters,French,Newsletter,,446170,435.7 KB,2021-07-12,https://www.aa.org/fr/markings-newsletter,Archivages,1,www.aa.org,ok
2107,Archivages - Quinzième atelier national annuel des Archives des AA,https://www.aa.org/sites/default/files/newsletters/ff-151-markings_spring-2012.pdf,ff-151-markings_spring-2012.pdf,FF-151,F-151,"Forms, Catalogs & Order Blanks",Newsletter: Markings (Archives),Newsletters,French,Archives; Newsletter,2012,421812,411.9 KB,2021-07-12,https://www.aa.org/fr/markings-newsletter,Archivages,1,www.aa.org,ok
2108,Archivages - « Pourquoi ne puis-je avoir une copie de cette lettre ? »,https://www.aa.org/sites/default/files/newsletters/ff-151-markings_summer-2012.pdf,ff-151-markings_summer-2012.pdf,FF-151,F-151,"Forms, Catalogs & Order Blanks",Newsletter: Markings (Archives),Newsletters,French,Newsletter,2012,384372,375.4 KB,2021-07-12,https://www.aa.org/fr/markings-newsletter,Archivages,1,www.aa.org,ok
2109,Huellas,https://www.aa.org/sites/default/files/newsletters/sf-151-markings_summer-2016.pdf,sf-151-markings_summer-2016.pdf,SF-151,F-151,"Forms, Catalogs & Order Blanks",Newsletter: Markings (Archives),Newsletters,Spanish,Newsletter,2016,1297613,1.2 MB,2021-07-12,https://www.aa.org/es/markings-newsletter,Huellas,1,www.aa.org,ok
2110,Huellas - Bill W. Propone la Reunión de Servicio Mundial,https://www.aa.org/sites/default/files/newsletters/sf-151_markings_spring15.pdf,sf-151_markings_spring15.pdf,SF-151,F-151,"Forms, Catalogs & Order Blanks",Newsletter: Markings (Archives),Newsletters,Spanish,Newsletter,,1106746,1.1 MB,2021-07-12,https://www.aa.org/es/markings-newsletter,Huellas,1,www.aa.org,ok
2111,Huellas - Bill W. y sus críticos,https://www.aa.org/sites/default/files/newsletters/sf-151-markings_fall-2015.pdf,sf-151-markings_fall-2015.pdf,SF-151,F-151,"Forms, Catalogs & Order Blanks",Newsletter: Markings (Archives),Newsletters,Spanish,Newsletter,2015,574660,561.2 KB,2021-07-12,https://www.aa.org/es/markings-newsletter,Huellas,1,www.aa.org,ok
2112,Huellas - Disponible ahora el DVD Revisado de Huellas en el camino,https://www.aa.org/sites/default/files/newsletters/sf-151-markings_summer-2014.pdf,sf-151-markings_summer-2014.pdf,SF-151,F-151,"Forms, Catalogs & Order Blanks",Newsletter: Markings (Archives),Newsletters,Spanish,Newsletter,2014,2059642,2.0 MB,2021-07-12,https://www.aa.org/es/markings-newsletter,Huellas,1,www.aa.org,ok
2113,Huellas - Décimoquinto Taller Anual Nacional de Archivos de A.A.,https://www.aa.org/sites/default/files/newsletters/sf-151-markings_spring-2012.pdf,sf-151-markings_spring-2012.pdf,SF-151,F-151,"Forms, Catalogs & Order Blanks",Newsletter: Markings (Archives),Newsletters,Spanish,Newsletter,2012,368541,359.9 KB,2021-07-12,https://www.aa.org/es/markings-newsletter,Huellas,1,www.aa.org,ok
2114,Huellas - El Dr. Carl Jung y Alcohólicos Anónimos,https://www.aa.org/sites/default/files/newsletters/sf-151-markings_winter-2013.pdf,sf-151-markings_winter-2013.pdf,SF-151,F-151,"Forms, Catalogs & Order Blanks",Newsletter: Markings (Archives),Newsletters,Spanish,Newsletter,2013,983337,960.3 KB,2021-07-12,https://www.aa.org/es/markings-newsletter,Huellas,1,www.aa.org,ok
2115,"Huellas - El Dr. G. Kirby Collier, M.D.",https://www.aa.org/sites/default/files/newsletters/sf-151-markings_spring-summer-2013.pdf,sf-151-markings_spring-summer-2013.pdf,SF-151,F-151,"Forms, Catalogs & Order Blanks",Newsletter: Markings (Archives),Newsletters,Spanish,Newsletter,2013,748756,731.2 KB,2021-07-12,https://www.aa.org/es/markings-newsletter,Huellas,1,www.aa.org,ok
2116,"Huellas - Harry Tiebout, M.D.",https://www.aa.org/sites/default/files/newsletters/sf-151-markings_winter-2014.pdf,sf-151-markings_winter-2014.pdf,SF-151,F-151,"Forms, Catalogs & Order Blanks",Newsletter: Markings (Archives),Newsletters,Spanish,Newsletter,2014,1336202,1.3 MB,2021-07-12,https://www.aa.org/es/markings-newsletter,Huellas,1,www.aa.org,ok
2117,Huellas - La evolución de la Ofi cina de Servicio del Área de Chicago,https://www.aa.org/sites/default/files/newsletters/sf-151_markings_spring14.pdf,sf-151_markings_spring14.pdf,SF-151,F-151,"Forms, Catalogs & Order Blanks",Newsletter: Markings (Archives),Newsletters,Spanish,Newsletter,,168454,164.5 KB,2021-07-12,https://www.aa.org/es/markings-newsletter,Huellas,1,www.aa.org,ok
2118,Huellas - ¿Por qué no puedo tener una copia de esa carta?,https://www.aa.org/sites/default/files/newsletters/sf-151-markings_summer-2012.pdf,sf-151-markings_summer-2012.pdf,SF-151,F-151,"Forms, Catalogs & Order Blanks",Newsletter: Markings (Archives),Newsletters,Spanish,Newsletter,2012,1119520,1.1 MB,2021-07-12,https://www.aa.org/es/markings-newsletter,Huellas,1,www.aa.org,ok
2119,Markings,https://www.aa.org/sites/default/files/newsletters/f-151-markings_summer-2016.pdf,f-151-markings_summer-2016.pdf,F-151,F-151,"Forms, Catalogs & Order Blanks",Newsletter: Markings (Archives),Newsletters,English,Newsletter,2016,1310644,1.2 MB,2021-07-12,https://www.aa.org/markings-newsletter,Markings,1,www.aa.org,ok
2120,"Markings - ""Pigeon"" by Father G. (Disponible sólo en inglés)",https://www.aa.org/sites/default/files/newsletters/marking_1988_1.pdf,marking_1988_1.pdf,,,,Newsletter: Markings (Archives),Newsletters,English,Newsletter,1988,2971235,2.8 MB,2023-08-28,https://www.aa.org/markings-newsletter,Markings,3,www.aa.org,ok
2121,Markings - A Class A Trustee Whose Research and Writing…,https://www.aa.org/sites/default/files/newsletters/f-151_markings_fall08.pdf,f-151_markings_fall08.pdf,F-151,F-151,"Forms, Catalogs & Order Blanks",Newsletter: Markings (Archives),Newsletters,English,Newsletter,,505213,493.4 KB,2021-07-12,https://www.aa.org/markings-newsletter,Markings,1,www.aa.org,ok
2122,Markings - A Community Assembles and Grows (Disponible sólo en inglés),https://www.aa.org/sites/default/files/newsletters/markings1-98.pdf,markings1-98.pdf,,,,Newsletter: Markings (Archives),Newsletters,English,Newsletter,,702325,685.9 KB,2021-07-13,https://www.aa.org/markings-newsletter,Markings,3,www.aa.org,ok
2123,Markings - A Magical Land Called A.A.,https://www.aa.org/sites/default/files/newsletters/f-151_markings_summer03.pdf,f-151_markings_summer03.pdf,F-151,F-151,"Forms, Catalogs & Order Blanks",Newsletter: Markings (Archives),Newsletters,English,Newsletter,,1186861,1.1 MB,2021-07-12,https://www.aa.org/markings-newsletter,Markings,1,www.aa.org,ok
2124,Markings - A Memory of Lois (Disponible sólo en inglés),https://www.aa.org/sites/default/files/newsletters/marking_1996_1.pdf,marking_1996_1.pdf,,,,Newsletter: Markings (Archives),Newsletters,English,Newsletter,1996,5297195,5.1 MB,2023-08-28,https://www.aa.org/markings-newsletter,Markings,3,www.aa.org,ok
2125,Markings - A Report From Massachusetts A.A. Archives (Disponible sólo en inglés),https://www.aa.org/sites/default/files/newsletters/marking_1987_1.pdf,marking_1987_1.pdf,,,,Newsletter: Markings (Archives),Newsletters,English,Archives; Newsletter; Report,1987,2997262,2.9 MB,2023-08-28,https://www.aa.org/markings-newsletter,Markings,3,www.aa.org,ok
2126,Markings - A.A. and Medicine Forge a Durable Relationship,https://www.aa.org/sites/default/files/newsletters/markings_sept-oct05.pdf,markings_sept-oct05.pdf,,,,Newsletter: Markings (Archives),Newsletters,English,Newsletter; Medical,,287750,281.0 KB,2021-07-12,https://www.aa.org/markings-newsletter,Markings,1,www.aa.org,ok
2127,Markings - A.A. National Archives Workshop Helped Define Role of Archivists,https://www.aa.org/sites/default/files/newsletters/f-151_markings_winter09.pdf,f-151_markings_winter09.pdf,F-151,F-151,"Forms, Catalogs & Order Blanks",Newsletter: Markings (Archives),Newsletters,English,Archives; Newsletter,,1172103,1.1 MB,2021-07-12,https://www.aa.org/markings-newsletter,Markings,1,www.aa.org,ok
2128,Markings - Alcoholics Anonymous and Industry,https://www.aa.org/sites/default/files/newsletters/markings_june-july05.pdf,markings_june-july05.pdf,,,,Newsletter: Markings (Archives),Newsletters,English,Newsletter,,180828,176.6 KB,2021-07-12,https://www.aa.org/markings-newsletter,Markings,1,www.aa.org,ok
2129,Markings - Archives 10th Anniversary (Disponible sólo en inglés),https://www.aa.org/sites/default/files/newsletters/marking_1981_1.pdf,marking_1981_1.pdf,,,,Newsletter: Markings (Archives),Newsletters,English,Archives; Newsletter,1981,846649,826.8 KB,2022-04-19,https://www.aa.org/markings-newsletter,Markings,3,www.aa.org,ok
2130,"Markings - Archives Committee Report: Ontario, Canada (Disponible sólo en inglés)",https://www.aa.org/sites/default/files/newsletters/marking_1982_3.pdf,marking_1982_3.pdf,,,,Newsletter: Markings (Archives),Newsletters,English,Archives; Newsletter; Report,1982,889423,868.6 KB,2023-08-28,https://www.aa.org/markings-newsletter,Markings,3,www.aa.org,ok
2131,Markings - Archives News (Disponible sólo en inglés),https://www.aa.org/sites/default/files/newsletters/marking_1982_2.pdf,marking_1982_2.pdf,,,,Newsletter: Markings (Archives),Newsletters,English,Archives; Newsletter,1982,1101984,1.1 MB,2023-08-28,https://www.aa.org/markings-newsletter,Markings,3,www.aa.org,ok
2132,Markings - Archivists and Collectors (Disponible sólo en inglés),https://www.aa.org/sites/default/files/newsletters/markings2-98.pdf,markings2-98.pdf,,,,Newsletter: Markings (Archives),Newsletters,English,Newsletter,,1320154,1.3 MB,2021-07-13,https://www.aa.org/markings-newsletter,Markings,3,www.aa.org,ok
2133,"Markings - As Early A.A.s Find Their Way,…",https://www.aa.org/sites/default/files/newsletters/f-151_markings_spring06.pdf,f-151_markings_spring06.pdf,F-151,F-151,"Forms, Catalogs & Order Blanks",Newsletter: Markings (Archives),Newsletters,English,Newsletter,,225110,219.8 KB,2021-07-12,https://www.aa.org/markings-newsletter,Markings,1,www.aa.org,ok
2134,Markings - Audio Digitization Project Aims to Preserve…,https://www.aa.org/sites/default/files/newsletters/f-151_markings_winter08.pdf,f-151_markings_winter08.pdf,F-151,F-151,"Forms, Catalogs & Order Blanks",Newsletter: Markings (Archives),Newsletters,English,Newsletter; Audio / Video,,1034654,1010.4 KB,2021-07-12,https://www.aa.org/markings-newsletter,Markings,1,www.aa.org,ok
2135,"Markings - Back in 1986, a Warning Against Rigidity in A.A.",https://www.aa.org/sites/default/files/newsletters/f-151_markings_winter03.pdf,f-151_markings_winter03.pdf,F-151,F-151,"Forms, Catalogs & Order Blanks",Newsletter: Markings (Archives),Newsletters,English,Newsletter,1986,3083423,2.9 MB,2021-07-12,https://www.aa.org/markings-newsletter,Markings,1,www.aa.org,ok
2136,Markings - Being Clear on Their Role Is Key for Archivists,https://www.aa.org/sites/default/files/newsletters/f-151_markings_fall07.pdf,f-151_markings_fall07.pdf,F-151,F-151,"Forms, Catalogs & Order Blanks",Newsletter: Markings (Archives),Newsletters,English,Newsletter,,296826,289.9 KB,2021-07-12,https://www.aa.org/markings-newsletter,Markings,1,www.aa.org,ok
2137,Markings - Bill W. and His Critics,https://www.aa.org/sites/default/files/newsletters/f-151-markings_fall-2015.pdf,f-151-markings_fall-2015.pdf,F-151,F-151,"Forms, Catalogs & Order Blanks",Newsletter: Markings (Archives),Newsletters,English,Newsletter,2015,744090,726.7 KB,2021-07-12,https://www.aa.org/markings-newsletter,Markings,1,www.aa.org,ok
2138,Markings - Construction Project Doubles Archives Storage Space,https://www.aa.org/sites/default/files/newsletters/f-151_markings_spring10.pdf,f-151_markings_spring10.pdf,F-151,F-151,"Forms, Catalogs & Order Blanks",Newsletter: Markings (Archives),Newsletters,English,Archives; Newsletter,,582084,568.4 KB,2021-07-12,https://www.aa.org/markings-newsletter,Markings,1,www.aa.org,ok
2139,Markings - Dr. Carl Jung and Alcoholics Anonymous,https://www.aa.org/sites/default/files/newsletters/f-151-markings_winter-2013.pdf,f-151-markings_winter-2013.pdf,F-151,F-151,"Forms, Catalogs & Order Blanks",Newsletter: Markings (Archives),Newsletters,English,Newsletter,2013,729119,712.0 KB,2021-07-12,https://www.aa.org/markings-newsletter,Markings,1,www.aa.org,ok
2140,"Markings - Dr. G. Kirby Collier, M.D.",https://www.aa.org/sites/default/files/newsletters/f-151-markings_spring-summer-2013.pdf,f-151-markings_spring-summer-2013.pdf,F-151,F-151,"Forms, Catalogs & Order Blanks",Newsletter: Markings (Archives),Newsletters,English,Newsletter,2013,726606,709.6 KB,2021-07-12,https://www.aa.org/markings-newsletter,Markings,1,www.aa.org,ok
2141,Markings - Fifteenth Annual National A.A. Archives Workshop,https://www.aa.org/sites/default/files/newsletters/f-151-markings_spring-2012.pdf,f-151-markings_spring-2012.pdf,F-151,F-151,"Forms, Catalogs & Order Blanks",Newsletter: Markings (Archives),Newsletters,English,Archives; Young People; Newsletter,2012,372432,363.7 KB,2021-07-12,https://www.aa.org/markings-newsletter,Markings,1,www.aa.org,ok
2142,Markings - Film Collections Require Proper Handling and Storing,https://www.aa.org/sites/default/files/newsletters/f-151-markings_spring09.pdf,f-151-markings_spring09.pdf,F-151,F-151,"Forms, Catalogs & Order Blanks",Newsletter: Markings (Archives),Newsletters,English,Newsletter,,1023234,999.3 KB,2021-07-12,https://www.aa.org/markings-newsletter,Markings,1,www.aa.org,ok
2143,"Markings - Floods, Fire, Mold, and Bugs: Disasters in Archives",https://www.aa.org/sites/default/files/newsletters/f-151_markings_winter07.pdf,f-151_markings_winter07.pdf,F-151,F-151,"Forms, Catalogs & Order Blanks",Newsletter: Markings (Archives),Newsletters,English,Archives; Newsletter,,513608,501.6 KB,2021-07-12,https://www.aa.org/markings-newsletter,Markings,1,www.aa.org,ok
2144,Markings - Frank M. In Memoriam,https://www.aa.org/sites/default/files/newsletters/markings1-99.pdf,markings1-99.pdf,,,,Newsletter: Markings (Archives),Newsletters,English,Newsletter,,1221693,1.2 MB,2021-07-13,https://www.aa.org/markings-newsletter,Markings,1,www.aa.org,ok
2145,Markings - From Our Past... Vancouver Chapter Alcoholics Anonymous Constitution and By-laws (Disponible sólo en inglés),https://www.aa.org/sites/default/files/newsletters/marking_1989_1.pdf,marking_1989_1.pdf,,,,Newsletter: Markings (Archives),Newsletters,English,Newsletter,1989,2844959,2.7 MB,2023-08-28,https://www.aa.org/markings-newsletter,Markings,3,www.aa.org,ok
2146,Markings - G.S.O.'s Archives Celebrates 25 Years,https://www.aa.org/sites/default/files/newsletters/markings2-00.pdf,markings2-00.pdf,,,,Newsletter: Markings (Archives),Newsletters,English,Archives; Newsletter,,2169629,2.1 MB,2021-07-13,https://www.aa.org/markings-newsletter,Markings,1,www.aa.org,ok
2147,"Markings - Harry Tiebout, M.D.",https://www.aa.org/sites/default/files/newsletters/f-151-markings_winter-2014.pdf,f-151-markings_winter-2014.pdf,F-151,F-151,"Forms, Catalogs & Order Blanks",Newsletter: Markings (Archives),Newsletters,English,Newsletter,2014,1493720,1.4 MB,2021-07-12,https://www.aa.org/markings-newsletter,Markings,1,www.aa.org,ok
2148,Markings - Historic Big Books Come to Light,https://www.aa.org/sites/default/files/newsletters/markings1-01.pdf,markings1-01.pdf,,,,Newsletter: Markings (Archives),Newsletters,English,Newsletter,,1983777,1.9 MB,2021-07-13,https://www.aa.org/markings-newsletter,Markings,1,www.aa.org,ok
2149,"Markings - History of Alcoholics Anonymous in Manhattan, Kansas",https://www.aa.org/sites/default/files/newsletters/markings1-00.pdf,markings1-00.pdf,,,,Newsletter: Markings (Archives),Newsletters,English,Archives; Newsletter,,1317047,1.3 MB,2021-07-13,https://www.aa.org/markings-newsletter,Markings,1,www.aa.org,ok
2150,Markings - I Remember - A Thank You and Tribute to 'Old Timers.' (Disponible sólo en inglés),https://www.aa.org/sites/default/files/newsletters/marking_1993_1.pdf,marking_1993_1.pdf,,,,Newsletter: Markings (Archives),Newsletters,English,Newsletter,1993,3417056,3.3 MB,2023-08-28,https://www.aa.org/markings-newsletter,Markings,3,www.aa.org,ok
2151,"Markings - Jim B., One of A.A.’s Early Members",https://www.aa.org/sites/default/files/newsletters/f-151-markings_fall-2011.pdf,f-151-markings_fall-2011.pdf,F-151,F-151,"Forms, Catalogs & Order Blanks",Newsletter: Markings (Archives),Newsletters,English,Newsletter,2011,1435961,1.4 MB,2021-07-12,https://www.aa.org/markings-newsletter,Markings,1,www.aa.org,ok
2152,Markings - Knowing the Ins and Outs of Copyright Law…,https://www.aa.org/sites/default/files/newsletters/f-151_markings_spring08.pdf,f-151_markings_spring08.pdf,F-151,F-151,"Forms, Catalogs & Order Blanks",Newsletter: Markings (Archives),Newsletters,English,Newsletter,,470960,459.9 KB,2021-07-12,https://www.aa.org/markings-newsletter,Markings,1,www.aa.org,ok
2153,Markings - Letters from 1940s A.A. Groups Played Key Role in Traditions,https://www.aa.org/sites/default/files/newsletters/f-151-markings_fall-2010.pdf,f-151-markings_fall-2010.pdf,F-151,F-151,"Forms, Catalogs & Order Blanks",Newsletter: Markings (Archives),Newsletters,English,Twelve Traditions; Newsletter,2010,2467866,2.4 MB,2021-07-12,https://www.aa.org/markings-newsletter,Markings,1,www.aa.org,ok
2154,Markings - National Archives Workshop Celebrates 75 Years of the A.A. Story,https://www.aa.org/sites/default/files/newsletters/f-151-markings_winter-2010.pdf,f-151-markings_winter-2010.pdf,F-151,F-151,"Forms, Catalogs & Order Blanks",Newsletter: Markings (Archives),Newsletters,English,Archives; Newsletter,2010,589448,575.6 KB,2021-07-12,https://www.aa.org/markings-newsletter,Markings,1,www.aa.org,ok
2155,"Markings - Nell Wing, A.A.'s First Archivist, Dies at 89",https://www.aa.org/sites/default/files/newsletters/f-151_markings_spring07.pdf,f-151_markings_spring07.pdf,F-151,F-151,"Forms, Catalogs & Order Blanks",Newsletter: Markings (Archives),Newsletters,English,Newsletter,,286709,280.0 KB,2021-07-12,https://www.aa.org/markings-newsletter,Markings,1,www.aa.org,ok
2156,"Markings - Norm A., Former delegate GV director, shares (Disponible sólo en inglés)",https://www.aa.org/sites/default/files/newsletters/marking_1995_1.pdf,marking_1995_1.pdf,,,,Newsletter: Markings (Archives),Newsletters,English,Newsletter; Form / Application,1995,3108163,3.0 MB,2023-08-28,https://www.aa.org/markings-newsletter,Markings,3,www.aa.org,ok
2157,Markings - North Florida Area Committee (NFAC) Opens Repository,https://www.aa.org/sites/default/files/newsletters/markings2-02.pdf,markings2-02.pdf,,,,Newsletter: Markings (Archives),Newsletters,English,Group Service; Newsletter,,989706,966.5 KB,2021-07-13,https://www.aa.org/markings-newsletter,Markings,1,www.aa.org,ok
2158,"Markings - On the Origins of the A.A. Preamble, and other FAQs",https://www.aa.org/sites/default/files/newsletters/f-151_markings_summer08.pdf,f-151_markings_summer08.pdf,F-151,F-151,"Forms, Catalogs & Order Blanks",Newsletter: Markings (Archives),Newsletters,English,Newsletter,,697491,681.1 KB,2021-07-12,https://www.aa.org/markings-newsletter,Markings,1,www.aa.org,ok
2159,Markings - Pioneer Members Joined Prison Inmates to Bring A.A. Behind the Walls,https://www.aa.org/sites/default/files/newsletters/f-151-markings_spring-2011.pdf,f-151-markings_spring-2011.pdf,F-151,F-151,"Forms, Catalogs & Order Blanks",Newsletter: Markings (Archives),Newsletters,English,Corrections; Newsletter,2011,835601,816.0 KB,2021-07-12,https://www.aa.org/markings-newsletter,Markings,1,www.aa.org,ok
2160,Markings - Preserving A.A. History Found in Newspapers,https://www.aa.org/sites/default/files/newsletters/f-151_markings_fall09.pdf,f-151_markings_fall09.pdf,F-151,F-151,"Forms, Catalogs & Order Blanks",Newsletter: Markings (Archives),Newsletters,English,Archives; Newsletter,,838516,818.9 KB,2021-07-12,https://www.aa.org/markings-newsletter,Markings,1,www.aa.org,ok
2161,Markings - Preserving Books Requires Proper Storage and Handling,https://www.aa.org/sites/default/files/newsletters/f-151-markings_summer-2009.pdf,f-151-markings_summer-2009.pdf,F-151,F-151,"Forms, Catalogs & Order Blanks",Newsletter: Markings (Archives),Newsletters,English,Newsletter,2009,350124,341.9 KB,2021-07-12,https://www.aa.org/markings-newsletter,Markings,1,www.aa.org,ok
2162,Markings - Preserving Photographs For The Future,https://www.aa.org/sites/default/files/newsletters/f-151_markings_winter06.pdf,f-151_markings_winter06.pdf,F-151,F-151,"Forms, Catalogs & Order Blanks",Newsletter: Markings (Archives),Newsletters,English,Newsletter,,247109,241.3 KB,2021-07-12,https://www.aa.org/markings-newsletter,Markings,1,www.aa.org,ok
2163,Markings - Reaching Early Times for Local Archives (Disponible sólo en inglés),https://www.aa.org/sites/default/files/newsletters/marking_1986_1.pdf,marking_1986_1.pdf,,,,Newsletter: Markings (Archives),Newsletters,English,Archives; Newsletter,1986,996852,973.5 KB,2023-08-28,https://www.aa.org/markings-newsletter,Markings,3,www.aa.org,ok
2164,Markings - Revised Markings on the Journey DVD Now Available,https://www.aa.org/sites/default/files/newsletters/f-151-markings_summer-2014.pdf,f-151-markings_summer-2014.pdf,F-151,F-151,"Forms, Catalogs & Order Blanks",Newsletter: Markings (Archives),Newsletters,English,Newsletter,2014,2273401,2.2 MB,2021-07-12,https://www.aa.org/markings-newsletter,Markings,1,www.aa.org,ok
2165,Markings - Scrapbooks Provide Instant Retrospective for Archives Visitors (Disponible sólo en inglés),https://www.aa.org/sites/default/files/newsletters/marking_1985_1.pdf,marking_1985_1.pdf,,,,Newsletter: Markings (Archives),Newsletters,English,Archives; Newsletter,1985,1028937,1004.8 KB,2023-08-28,https://www.aa.org/markings-newsletter,Markings,3,www.aa.org,ok
2166,Markings - Surviving Daughter of an A.A. Pioneer Sends Trove of A.A. Material to G.S.O. Archives,https://www.aa.org/sites/default/files/newsletters/f-151_markings_summer07.pdf,f-151_markings_summer07.pdf,F-151,F-151,"Forms, Catalogs & Order Blanks",Newsletter: Markings (Archives),Newsletters,English,Archives; Newsletter,,171682,167.7 KB,2021-07-12,https://www.aa.org/markings-newsletter,Markings,1,www.aa.org,ok
2167,Markings - The Campfire Group (Disponible sólo en inglés),https://www.aa.org/sites/default/files/newsletters/markings2-99.pdf,markings2-99.pdf,,,,Newsletter: Markings (Archives),Newsletters,English,Newsletter,,1250296,1.2 MB,2021-07-13,https://www.aa.org/markings-newsletter,Markings,3,www.aa.org,ok
2168,Markings - The Clergy and Alcoholics Anonymous,https://www.aa.org/sites/default/files/newsletters/f-151-markings_may-june04.pdf,f-151-markings_may-june04.pdf,F-151,F-151,"Forms, Catalogs & Order Blanks",Newsletter: Markings (Archives),Newsletters,English,Professionals; Newsletter,,717039,700.2 KB,2021-07-12,https://www.aa.org/markings-newsletter,Markings,1,www.aa.org,ok
2169,Markings - The Evolution of the Chicago Area Service Office,https://www.aa.org/sites/default/files/newsletters/f-151_markings_spring14.pdf,f-151_markings_spring14.pdf,F-151,F-151,"Forms, Catalogs & Order Blanks",Newsletter: Markings (Archives),Newsletters,English,Group Service; Newsletter,,1951565,1.9 MB,2021-07-12,https://www.aa.org/markings-newsletter,Markings,1,www.aa.org,ok
2170,Markings - The Only Degree Required Is A Degree Of Caring (Markings - The Only Degree Required Is A Degree Of Caring),https://www.aa.org/sites/default/files/newsletters/marking_1992_1.pdf,marking_1992_1.pdf,,,,Newsletter: Markings (Archives),Newsletters,English,Newsletter,1992,3053442,2.9 MB,2023-08-28,https://www.aa.org/markings-newsletter,Markings,3,www.aa.org,ok
2171,Markings - The Oxford Group: Forerunner of A.A. (Disponible sólo en inglés),https://www.aa.org/sites/default/files/newsletters/marking_1985_2.pdf,marking_1985_2.pdf,,,,Newsletter: Markings (Archives),Newsletters,English,Newsletter,1985,2057295,2.0 MB,2023-08-28,https://www.aa.org/markings-newsletter,Markings,3,www.aa.org,ok
2172,"Markings - The Unity Group (TUG) Lynnwood, Washington — A Brief History",https://www.aa.org/sites/default/files/newsletters/markings1-02.pdf,markings1-02.pdf,,,,Newsletter: Markings (Archives),Newsletters,English,Archives; Newsletter,,1224210,1.2 MB,2021-07-13,https://www.aa.org/markings-newsletter,Markings,1,www.aa.org,ok
2173,Markings - Touring 17 Williams Street (Disponible sólo en inglés),https://www.aa.org/sites/default/files/newsletters/marking_1994_1.pdf,marking_1994_1.pdf,,,,Newsletter: Markings (Archives),Newsletters,English,Newsletter,1994,3391513,3.2 MB,2023-08-28,https://www.aa.org/markings-newsletter,Markings,3,www.aa.org,ok
2174,"Markings - We need your help: Dave S., Archivist from Alaska shares (Disponible sólo en inglés)",https://www.aa.org/sites/default/files/newsletters/markings1-97.pdf,markings1-97.pdf,,,,Newsletter: Markings (Archives),Newsletters,English,Newsletter,,195940,191.3 KB,2021-07-13,https://www.aa.org/markings-newsletter,Markings,3,www.aa.org,ok
2175,Markings - What A.A. Owes to Its Antecedents,https://www.aa.org/sites/default/files/newsletters/f-151-markings_mar-april04.pdf,f-151-markings_mar-april04.pdf,F-151,F-151,"Forms, Catalogs & Order Blanks",Newsletter: Markings (Archives),Newsletters,English,Newsletter,,232237,226.8 KB,2021-07-12,https://www.aa.org/markings-newsletter,Markings,1,www.aa.org,ok
2176,Markings - William James and Alcoholics Anonymous,https://www.aa.org/sites/default/files/newsletters/f-151-markings_fall-2013.pdf,f-151-markings_fall-2013.pdf,F-151,F-151,"Forms, Catalogs & Order Blanks",Newsletter: Markings (Archives),Newsletters,English,Newsletter,2013,877170,856.6 KB,2021-07-12,https://www.aa.org/markings-newsletter,Markings,1,www.aa.org,ok
2177,Markings - ‘Heart of A.A.’: A Brief History of A.A.’s General Service Office,https://www.aa.org/sites/default/files/newsletters/f-151-markings_summer-2011.pdf,f-151-markings_summer-2011.pdf,F-151,F-151,"Forms, Catalogs & Order Blanks",Newsletter: Markings (Archives),Newsletters,English,Archives; Newsletter,2011,897043,876.0 KB,2021-07-12,https://www.aa.org/markings-newsletter,Markings,1,www.aa.org,ok
2178,Markings - ‘Why can’t I have a copy of that letter?’,https://www.aa.org/sites/default/files/newsletters/f-151-markings_summer-2012.pdf,f-151-markings_summer-2012.pdf,F-151,F-151,"Forms, Catalogs & Order Blanks",Newsletter: Markings (Archives),Newsletters,English,Newsletter,2012,1389898,1.3 MB,2021-07-12,https://www.aa.org/markings-newsletter,Markings,1,www.aa.org,ok
2179,Vol. 1 No. 1 1st Issue (Disponible sólo en inglés),https://www.aa.org/sites/default/files/newsletters/marking_1981.pdf,marking_1981.pdf,,,,Newsletter: Markings (Archives),Newsletters,English,Newsletter,1981,1628509,1.6 MB,2022-04-19,https://www.aa.org/markings-newsletter,Markings,3,www.aa.org,ok
2180,2021 Forum virtuel du sud-ouest rapport final,https://www.aa.org/sites/default/files/literature/2021%20SWRF%20Final%20Report%20FR.pdf,2021%20SWRF%20Final%20Report%20FR.pdf,,,,Other Documents,Resources,French,Regional Forum; Report,2021,375833,367.0 KB,2022-10-17,https://www.aa.org/fr/2021-forum-virtuel-du-sud-ouest-rapport-final,2021 Forum virtuel du sud-ouest rapport final,1,www.aa.org,ok
2181,2021 Informe Final Foro Virtual del Suroeste,https://www.aa.org/sites/default/files/literature/2021%20SWRF%20Final%20Report%20SP_0.pdf,2021%20SWRF%20Final%20Report%20SP_0.pdf,,,,Other Documents,Resources,Spanish,Report; Form / Application,2021,253853,247.9 KB,2022-10-24,https://www.aa.org/es/2021-informe-final-foro-virtual-del-suroeste,2021 Informe Final Foro Virtual del Suroeste,1,www.aa.org,ok
2182,2022 Informe Final Foro del Pacífico,https://www.aa.org/sites/default/files/literature/2022_PRF_final_report_sp.pdf,2022_PRF_final_report_sp.pdf,,,,Other Documents,Resources,Spanish,Report; Form / Application,2022,264839,258.6 KB,2024-01-25,https://www.aa.org/es/2022-informe-final-foro-del-pacifico,2022 Informe Final Foro del Pacífico,1,www.aa.org,ok
2183,2022 Informe Final Foro Regional del Sudeste,https://www.aa.org/sites/default/files/literature/2022_SERF_final_report_en_0.pdf,2022_SERF_final_report_en_0.pdf,,,,Other Documents,Resources,Spanish,Report; Form / Application,2022,385636,376.6 KB,2024-01-18,https://www.aa.org/es/2022-informe-final-foro-regional-del-sudeste,2022 Informe Final Foro Regional del Sudeste,1,www.aa.org,ok
2184,About Everything AA App,https://www.aa.org/sites/default/files/literature/Message_to_the_Fellowship_about_Everything_AA_App.pdf,Message_to_the_Fellowship_about_Everything_AA_App.pdf,,,,Other Documents,Resources,English,,,225378,220.1 KB,2026-06-18,https://www.aa.org/everything-aa-app,Everything AA App,1,www.aa.org,ok
2185,Acerca de la aplicación Everything AA,https://www.aa.org/sites/default/files/literature/SP_Message_to_the_Fellowship_about_Everything_AA_App.pdf,SP_Message_to_the_Fellowship_about_Everything_AA_App.pdf,,,,Other Documents,Resources,Spanish,,,312440,305.1 KB,2026-06-18,https://www.aa.org/es/la-app-everything-aa,La app Everything AA,1,www.aa.org,ok
2186,Codes QR,https://www.aa.org/sites/default/files/literature/service-cards-qr-code-instructions-fr.pdf,service-cards-qr-code-instructions-fr.pdf,,,,Other Documents,Resources,French,,,1256208,1.2 MB,2024-01-05,https://www.aa.org/fr/cartes-de-services-de-la-cmp,Cartes de services de la CMP,1,www.aa.org,ok
2187,Códigos QR,https://www.aa.org/sites/default/files/literature/service-cards-qr-code-instructions-sp.pdf,service-cards-qr-code-instructions-sp.pdf,,,,Other Documents,Resources,Spanish,,,1286478,1.2 MB,2024-01-05,https://www.aa.org/es/tarjetas-de-servicio-de-ccp,Tarjetas de servicio de CCP,1,www.aa.org,ok
2188,FM-39 Résolutions de la Conférence,https://aaws.widen.net/content/dhhosivo1x/pdf/fm-39_advisory_actions_online.pdf,fm-39_advisory_actions_online.pdf,,,,Other Documents,Resources,French,Conference,,3071931,2.9 MB,2026-07-24,https://www.aa.org/fr/fm-39-resolutions-de-la-conference,FM-39 Résolutions de la Conférence,1,aaws.widen.net,ok
2189,Formulaire De Nouveau Groupe,https://www.aa.org/sites/default/files/literature/f_group.pdf,f_group.pdf,,,,Other Documents,Resources,French,Form / Application,,181940,177.7 KB,2022-01-12,https://www.aa.org/fr/participating-in-aa,La participation chez les AA,1,www.aa.org,ok
2190,Formulaire De Nouveau Groupe,https://www.aa.org/sites/default/files/literature/fr_newgroup.pdf,fr_newgroup.pdf,,,,Other Documents,Resources,French,Form / Application,,181940,177.7 KB,2022-01-12,https://www.aa.org/fr/the-aa-group,Le Groupe des AA,1,www.aa.org,ok
2191,Formulario De Nuevo Grupo,https://www.aa.org/sites/default/files/literature/s_group.pdf,s_group.pdf,,,,Other Documents,Resources,Spanish,Form / Application,,204874,200.1 KB,2022-01-12,https://www.aa.org/es/participating-in-aa,Acerca de participar en AA,1,www.aa.org,ok
2192,Foro del Este de Canadá 2022,https://www.aa.org/sites/default/files/literature/2022%20ECanRF%20Final%20Report%20Spanish.pdf,2022%20ECanRF%20Final%20Report%20Spanish.pdf,,,,Other Documents,Resources,Spanish,Report,2022,182462,178.2 KB,2023-03-10,https://www.aa.org/es/foro-del-este-de-canada-2022,Foro del Este de Canadá 2022,1,www.aa.org,ok
2193,Foro Virtual del Nordeste 2021,https://www.aa.org/sites/default/files/literature/Foro%20Virtual%20Del%20Nordeste%20Informe%20Final.pdf,Foro%20Virtual%20Del%20Nordeste%20Informe%20Final.pdf,,,,Other Documents,Resources,Spanish,Form / Application,2021,330297,322.6 KB,2022-02-02,https://www.aa.org/es/foro-virtual-del-nordeste-2021,Foro Virtual del Nordeste 2021,1,www.aa.org,ok
2194,Informations sur les AA - Le sondage auprès des membres des AA confirme,https://www.aa.org/sites/default/files/newsletters/ff-13winter08.pdf,ff-13winter08.pdf,,,,Other Documents,Resources,French,Newsletter; Form / Application,,236956,231.4 KB,2021-07-14,https://www.aa.org/fr/about-aa,Bulletin Informations sur les AA,1,www.aa.org,ok
2195,Informe Final de la Conferencia de Servicios Generales 2026,https://aaws.widen.net/content/iszdzxkywi/pdf/z_2026_final_report_confidential_online_sp.pdf,z_2026_final_report_confidential_online_sp.pdf,,,,Other Documents,Resources,Spanish,Report; Form / Application,2026,11348433,10.8 MB,2026-09-12,https://www.aa.org/es/informe-final-de-la-conferencia-de-servicios-generales-2026,Informe Final de la Conferencia de Servicios Generales 2026,1,aaws.widen.net,ok
2196,Informe Foro Regional del Oeste Central 2021,https://www.aa.org/sites/default/files/literature/2021%20WCenRF%20FInal%20Report%20-SPANISH.pdf,2021%20WCenRF%20FInal%20Report%20-SPANISH.pdf,,,,Other Documents,Resources,Spanish,Report; Form / Application,2021,153540,149.9 KB,2022-01-07,https://www.aa.org/es/informe-foro-regional-del-oeste-central-2021,Informe Foro Regional del Oeste Central 2021,1,www.aa.org,ok
2197,Informe Trimestral de la OSG - Noviembre 2021,https://www.aa.org/sites/default/files/newsletters/Revised%20SF-14_Qtrly_November_2021%20%28Spanish%29.pdf,Revised%20SF-14_Qtrly_November_2021%20%28Spanish%29.pdf,,,,Other Documents,Resources,Spanish,Report; Form / Application,2021,229066,223.7 KB,2022-01-14,https://www.aa.org/es/quarterly-reports-from-gso,Informe Trimestral de la OSG,1,www.aa.org,ok
2198,Le Forum Virtuel du Nord-Est 2021,https://www.aa.org/sites/default/files/literature/Forum%20Virtuel%20du%20Nord-Est%20Rapport%20Final.pdf,Forum%20Virtuel%20du%20Nord-Est%20Rapport%20Final.pdf,,,,Other Documents,Resources,French,Regional Forum,2021,472768,461.7 KB,2022-02-02,https://www.aa.org/fr/le-forum-virtuel-du-nord-est-2021,Le Forum Virtuel du Nord-Est 2021,1,www.aa.org,ok
2199,Le Forum virtuel du territoire de l’Ouest central,https://www.aa.org/sites/default/files/literature/2021%20WCenRF%20FInal%20Report%20-%20FRENCH.pdf,2021%20WCenRF%20FInal%20Report%20-%20FRENCH.pdf,,,,Other Documents,Resources,French,Regional Forum; Report,2021,322659,315.1 KB,2022-01-07,https://www.aa.org/fr/le-forum-virtuel-du-territoire-de-louest-central,Le Forum virtuel du territoire de l’Ouest central,1,www.aa.org,ok
2200,Le Forum Virtuel Ouest des É.-U./CAN. 2020,https://www.aa.org/sites/default/files/literature/2020%20US-CAN%20-%20WEST%20FINAL%20REPORT-FR_0.pdf,2020%20US-CAN%20-%20WEST%20FINAL%20REPORT-FR_0.pdf,,,,Other Documents,Resources,French,Regional Forum; Report,2020,467655,456.7 KB,2022-02-02,https://www.aa.org/fr/le-forum-virtuel-ouest-des-e-ucan-2020,Le Forum Virtuel Ouest des É.-U./CAN. 2020,1,www.aa.org,ok
2201,"Puntos sobresalientes de AAWS, diciembre 2024",https://www.aa.org/sites/default/files/newsletters/SP_AAWS_2024_December_Highlights.pdf,SP_AAWS_2024_December_Highlights.pdf,,,,Other Documents,Resources,Spanish,,2024,2135678,2.0 MB,2025-04-25,https://www.aa.org/es/puntos-sobresalientes-de-aaws,Puntos sobresalientes de AAWS — Asuntos de la junta,1,www.aa.org,ok
2202,"Puntos sobresalientes de AAWS, enero 2025",https://www.aa.org/sites/default/files/newsletters/puntos_sobresalientes_de_aaws_enero_2025.pdf,puntos_sobresalientes_de_aaws_enero_2025.pdf,,,,Other Documents,Resources,Spanish,,2025,3240415,3.1 MB,2025-03-18,https://www.aa.org/es/puntos-sobresalientes-de-aaws,Puntos sobresalientes de AAWS — Asuntos de la junta,1,www.aa.org,ok
2203,"Puntos sobresalientes de AAWS, julio 2024",https://www.aa.org/sites/default/files/newsletters/SP_AAWS_2024_July_Highlights.pdf,SP_AAWS_2024_July_Highlights.pdf,,,,Other Documents,Resources,Spanish,,2024,2808422,2.7 MB,2025-04-25,https://www.aa.org/es/puntos-sobresalientes-de-aaws,Puntos sobresalientes de AAWS — Asuntos de la junta,1,www.aa.org,ok
2204,"Puntos sobresalientes de AAWS, junio 2024",https://www.aa.org/sites/default/files/newsletters/SP_AAWS_2024_June_Highlights.pdf,SP_AAWS_2024_June_Highlights.pdf,,,,Other Documents,Resources,Spanish,,2024,1282133,1.2 MB,2025-04-25,https://www.aa.org/es/puntos-sobresalientes-de-aaws,Puntos sobresalientes de AAWS — Asuntos de la junta,1,www.aa.org,ok
2205,"Puntos sobresalientes de AAWS, junio 2025",https://www.aa.org/sites/default/files/newsletters/SP_AAWS_2025_June_Highlights.pdf,SP_AAWS_2025_June_Highlights.pdf,,,,Other Documents,Resources,Spanish,,2025,460921,450.1 KB,2025-09-10,https://www.aa.org/es/puntos-sobresalientes-de-aaws,Puntos sobresalientes de AAWS — Asuntos de la junta,1,www.aa.org,ok
2206,"Puntos sobresalientes de AAWS, marzo 2024",https://www.aa.org/sites/default/files/newsletters/SP_AAWS_March_2024_Highlights.pdf,SP_AAWS_March_2024_Highlights.pdf,,,,Other Documents,Resources,Spanish,,2024,4092942,3.9 MB,2025-04-25,https://www.aa.org/es/puntos-sobresalientes-de-aaws,Puntos sobresalientes de AAWS — Asuntos de la junta,1,www.aa.org,ok
2207,"Puntos sobresalientes de AAWS, marzo 2025",https://www.aa.org/sites/default/files/newsletters/puntos_sobresalientes_de_aaws_marzo_2025.pdf,puntos_sobresalientes_de_aaws_marzo_2025.pdf,,,,Other Documents,Resources,Spanish,,2025,2833357,2.7 MB,2025-06-04,https://www.aa.org/es/puntos-sobresalientes-de-aaws,Puntos sobresalientes de AAWS — Asuntos de la junta,1,www.aa.org,ok
2208,"Puntos sobresalientes de AAWS, noviembre 2024",https://www.aa.org/sites/default/files/newsletters/SP_AAWS_2024_November_Highlights.pdf,SP_AAWS_2024_November_Highlights.pdf,,,,Other Documents,Resources,Spanish,,2024,5989051,5.7 MB,2025-04-25,https://www.aa.org/es/puntos-sobresalientes-de-aaws,Puntos sobresalientes de AAWS — Asuntos de la junta,1,www.aa.org,ok
2209,"Puntos sobresalientes de AAWS, Octubre 2025",https://www.aa.org/sites/default/files/newsletters/SP_AAWS_October_Highlights_2025.pdf,SP_AAWS_October_Highlights_2025.pdf,,,,Other Documents,Resources,Spanish,,2025,767211,749.2 KB,2025-12-16,https://www.aa.org/es/puntos-sobresalientes-de-aaws,Puntos sobresalientes de AAWS — Asuntos de la junta,1,www.aa.org,ok
2210,QR Codes for CPC Service Cards,https://www.aa.org/sites/default/files/literature/service-cards-qr-code-instructions.pdf,service-cards-qr-code-instructions.pdf,,,,Other Documents,Resources,English,Professionals,,1246367,1.2 MB,2024-01-05,https://www.aa.org/cpc-service-cards,CPC Service Cards,1,www.aa.org,ok
2211,Quarterly Report from G.S.O. - November 2021,https://www.aa.org/sites/default/files/newsletters/Revised%20F-14_Qtrly_November_2021%20%28English%29.pdf,Revised%20F-14_Qtrly_November_2021%20%28English%29.pdf,,,,Other Documents,Resources,English,Report,2021,213398,208.4 KB,2022-01-14,https://www.aa.org/quarterly-reports-from-gso,Quarterly Report from GSO,1,www.aa.org,ok
2212,Rapport final de la Conférence des Services généraux de 2026,https://aaws.widen.net/content/jzlhwfh2cq/pdf/z_2026_final_report_confidential_online_fr.pdf,z_2026_final_report_confidential_online_fr.pdf,,,,Other Documents,Resources,French,Conference; Report,2026,11463875,10.9 MB,2026-09-07,https://www.aa.org/fr/rapport-final-de-la-conference-des-services-generaux-de-2026,Rapport final de la Conférence des Services généraux de 2026,1,aaws.widen.net,ok
2213,Rapport Trimestriel du BSG - Novembre 2021,https://www.aa.org/sites/default/files/newsletters/Revised%20FF-14_Qtrly_November_2021%20%28French%29.pdf,Revised%20FF-14_Qtrly_November_2021%20%28French%29.pdf,,,,Other Documents,Resources,French,Report,2021,217788,212.7 KB,2022-01-14,https://www.aa.org/fr/quarterly-reports-from-gso,Rapport trimestriel du BSG,1,www.aa.org,ok
2214,Sugerencias para coordinar reuniones de principiantes,https://aaws.widen.net/content/gvxx51z0rj/pdf/smu-1_suggestions_for_leading_beginners_meetings_online.pdf,smu-1_suggestions_for_leading_beginners_meetings_online.pdf,,,,Other Documents,Resources,Spanish,Newcomer,,182404,178.1 KB,2026-06-12,https://www.aa.org/es/sugerencias-para-coordinar-reuniones-de-principiantes,Sugerencias para coordinar reuniones de principiantes,1,aaws.widen.net,ok
2215,Suggestions for Leading Beginners Meetings,https://aaws.widen.net/content/xmlitdff0z/pdf/mu-1_suggestions_for_leading_beginners_meetings_online.pdf,mu-1_suggestions_for_leading_beginners_meetings_online.pdf,,,,Other Documents,Resources,English,Newcomer,,49005,47.9 KB,2026-08-17,https://www.aa.org/suggestions-leading-beginners-meetings,Suggestions for Leading Beginners Meetings,1,aaws.widen.net,ok
2216,Suggestions pour l'animation de réunions de débutants,https://aaws.widen.net/content/dariyj02yk/pdf/fmu-1_suggestions_for_leading_beginners_meetings_online.pdf,fmu-1_suggestions_for_leading_beginners_meetings_online.pdf,,,,Other Documents,Resources,French,Newcomer,,149000,145.5 KB,2026-03-10,https://www.aa.org/fr/suggestions-pour-lanimation-de-reunions-de-debutants,Suggestions pour l'animation de réunions de débutants,1,aaws.widen.net,ok
2217,"The General Service Office will reopen for tours on Friday, April 24.",https://www.aa.org/sites/default/files/literature/Retrofit_Completion_Return_to_Office.pdf,Retrofit_Completion_Return_to_Office.pdf,,,,Other Documents,Resources,English,,,185895,181.5 KB,2026-03-31,https://www.aa.org/visiting-the-gso,Visiting the General Service Office,3,www.aa.org,ok
2218,This Application,https://www.aa.org/sites/default/files/literature/en_application_researchers.pdf,en_application_researchers.pdf,,,,Other Documents,Resources,English,Form / Application,,34894,34.1 KB,2021-11-19,https://www.aa.org/collections-access-policies,Collections Access Policies & Research Application Form,2,www.aa.org,ok
2219,Twelve and Twelve Wallet Card,https://aaws.widen.net/content/sckqx6efsc/pdf/fm-2_twelvetwelve_wallet_card_online.pdf,fm-2_twelvetwelve_wallet_card_online.pdf,,,,Other Documents,Resources,French,,,44373,43.3 KB,2025-04-12,https://www.aa.org/fr/twelve-and-twelve-wallet-card,Twelve and Twelve Wallet Card,1,aaws.widen.net,ok
2220,À propos de l’appli Everything AA,https://www.aa.org/sites/default/files/literature/FR_Message_to_the_Fellowship_about_Everything_AA_App.pdf,FR_Message_to_the_Fellowship_about_Everything_AA_App.pdf,,,,Other Documents,Resources,French,,,185214,180.9 KB,2026-06-18,https://www.aa.org/fr/appli-everything-aa,Appli Everything AA,1,www.aa.org,ok
2221,A Brief Guide to A.A.,https://aaws.widen.net/content/a0umdnzw3f/pdf/p-42_a_brief_guide_to_aa_online.pdf,p-42_a_brief_guide_to_aa_online.pdf,P-42,P-42,Pamphlets & Booklets,Pamphlets & Booklets,Literature,English,Workbook / Kit,,88764,86.7 KB,2026-05-04,https://www.aa.org/brief-guide-aa,A Brief Guide to A.A.,1,aaws.widen.net,ok
2222,A Member’s-Eye View of Alcoholics Anonymous,https://aaws.widen.net/content/wlg08xmonf/pdf/p-41_a_member_eyeview_of_aa_online.pdf,p-41_a_member_eyeview_of_aa_online.pdf,P-41,P-41,Pamphlets & Booklets,Pamphlets & Booklets,Literature,English,,,173946,169.9 KB,2026-01-16,https://www.aa.org/members-eye-view-alcoholics-anonymous,A Member’s-Eye View of Alcoholics Anonymous,1,aaws.widen.net,ok
2223,A.A. and the Armed Services,https://aaws.widen.net/content/vtmbfzuewp/pdf/p-50_aa__armed_services_online.pdf,p-50_aa__armed_services_online.pdf,P-50,P-50,Pamphlets & Booklets,Pamphlets & Booklets,Literature,English,,,806063,787.2 KB,2026-05-01,https://www.aa.org/aa-and-armed-services,A.A. and the Armed Services,1,aaws.widen.net,ok
2224,A.A. in Your Community,https://aaws.widen.net/content/juf92tp5e5/pdf/p-31_aa_in_your_community_online.pdf,p-31_aa_in_your_community_online.pdf,P-31,P-31,Pamphlets & Booklets,Pamphlets & Booklets,Literature,English,,,851932,832.0 KB,2026-01-06,https://www.aa.org/aa-your-community,A.A. in Your Community,1,aaws.widen.net,ok
2225,A.A. Tradition—How It Developed,https://aaws.widen.net/content/zypyan1fnw/pdf/p-17_aa_traditions_online.pdf,p-17_aa_traditions_online.pdf,P-17,P-17,Pamphlets & Booklets,Pamphlets & Booklets,Literature,English,Twelve Traditions,,4992488,4.8 MB,2026-07-09,https://www.aa.org/aa-tradition-how-it-developed,A.A. Tradition—How It Developed,1,aaws.widen.net,ok
2226,A.A.’s Legacy of Service,https://aaws.widen.net/content/krwi6ptv9a/pdf/p-44_aa_legacy_of_service_online.pdf,p-44_aa_legacy_of_service_online.pdf,P-44,P-44,Pamphlets & Booklets,Pamphlets & Booklets,Literature,English,,,89629,87.5 KB,2025-10-24,https://www.aa.org/aas-legacy-service,A.A.’s Legacy of Service,1,aaws.widen.net,ok
2227,AA como recurso para los profesionales de la salud,https://aaws.widen.net/content/fdd55rlfv1/pdf/sp-23_aa_resource_hcp_online.pdf,sp-23_aa_resource_hcp_online.pdf,SP-23,P-23,Pamphlets & Booklets,Pamphlets & Booklets,Literature,Spanish,,,172082,168.0 KB,2025-11-20,https://www.aa.org/es/aa-como-recurso-para-los-profesionales-de-la-salud,AA como recurso para los profesionales de la salud,1,aaws.widen.net,ok
2228,AA para los alcohólicos que padecen trastornos mentales... y sus padrinos,https://aaws.widen.net/content/ciyrqrfopk/pdf/sp-87_aa_alcoholics_w_mental_health_online.pdf,sp-87_aa_alcoholics_w_mental_health_online.pdf,SP-87,P-87,Pamphlets & Booklets,Pamphlets & Booklets,Literature,Spanish,,,420256,410.4 KB,2026-05-22,https://www.aa.org/es/aa-para-los-alcoholicos-que-padecen-trastornos-mentales-y-sus-padrinos,AA para los alcohólicos que padecen trastornos mentales... y sus padrinos,1,aaws.widen.net,ok
2229,AA y las fuerzas armadas,https://aaws.widen.net/content/umuyboeqvr/pdf/sp-50_aa__armed_services_online.pdf,sp-50_aa__armed_services_online.pdf,SP-50,P-50,Pamphlets & Booklets,Pamphlets & Booklets,Literature,Spanish,,,268021,261.7 KB,2024-01-23,https://www.aa.org/es/aa-y-las-fuerzas-armadas,AA y las fuerzas armadas,1,aaws.widen.net,ok
2230,Accesibilidad en AA: los miembros hablan sobre superar las barreras,https://aaws.widen.net/content/2c0rxn8ygp/pdf/sp-83_access_to_aa_online.pdf,sp-83_access_to_aa_online.pdf,SP-83,P-83,Pamphlets & Booklets,Pamphlets & Booklets,Literature,Spanish,,,346696,338.6 KB,2025-06-23,https://www.aa.org/es/acceso-aa-los-miembros-hablan-sobre-superar-las-barreras,Accesibilidad en AA: los miembros hablan sobre superar las barreras,2,aaws.widen.net,ok
2231,Access to A.A.: Members share on Overcoming Barriers,https://aaws.widen.net/content/7lgwk9eoqu/pdf/p-83_access_to_aa_online.pdf,p-83_access_to_aa_online.pdf,P-83,P-83,Pamphlets & Booklets,Pamphlets & Booklets,Literature,English,,,435794,425.6 KB,2026-05-19,https://www.aa.org/access-aa-members-share-overcoming-barriers,Access to A.A.: Members share on Overcoming Barriers,1,aaws.widen.net,ok
2232,Alcohólicos Anónimos en su comunidad,https://aaws.widen.net/content/rzhygtnoja/pdf/sp-31_aa_in_your_community_online.pdf,sp-31_aa_in_your_community_online.pdf,SP-31,P-31,Pamphlets & Booklets,Pamphlets & Booklets,Literature,Spanish,,,891256,870.4 KB,2025-06-17,https://www.aa.org/es/alcoholicos-anonimos-en-su-comunidad,Alcohólicos Anónimos en su comunidad,1,aaws.widen.net,ok
2233,Causeries à l’extérieur des AA,https://aaws.widen.net/content/xnhpkwudv1/pdf/fp-40_speaking_at_meetings_outside_of_aa_online.pdf,fp-40_speaking_at_meetings_outside_of_aa_online.pdf,FP-40,P-40,Pamphlets & Booklets,Pamphlets & Booklets,Literature,French,,,195110,190.5 KB,2026-08-18,https://www.aa.org/fr/causeries-lexterieur-des-aa,Causeries à l’extérieur des AA,1,aaws.widen.net,ok
2234,Cercles d’amour et de service,https://aaws.widen.net/content/gzsxomnmqw/pdf/fp-45_circles_of_love_and_service_online.pdf,fp-45_circles_of_love_and_service_online.pdf,FP-45,P-45,Pamphlets & Booklets,Pamphlets & Booklets,Literature,French,,,150054,146.5 KB,2025-05-22,https://www.aa.org/fr/cercles-damour-et-de-service,Cercles d’amour et de service,1,aaws.widen.net,ok
2235,Circles of Love and Service,https://aaws.widen.net/content/snt9nvrves/pdf/p-45_circles_of_love_and_service_online.pdf,p-45_circles_of_love_and_service_online.pdf,P-45,P-45,Pamphlets & Booklets,Pamphlets & Booklets,Literature,English,,,183442,179.1 KB,2025-10-28,https://www.aa.org/circles-love-and-service,Circles of Love and Service,1,aaws.widen.net,ok
2236,CIRCLES OF LOVE AND SERVICE,https://www.aa.org/sites/default/files/literature/assets/p-45_circleoflove.pdf,p-45_circleoflove.pdf,P-45,P-45,Pamphlets & Booklets,Pamphlets & Booklets,Literature,English,,,348690,340.5 KB,2025-12-01,https://www.aa.org/aa-member,Ready to get involved in A.A.?,2,www.aa.org,ok
2237,Collaboration des membres des AA avec les professionnels,https://aaws.widen.net/content/67wk8zyexa/pdf/fp-29_how_aa_members_cooperate_w_professionals_online.pdf,fp-29_how_aa_members_cooperate_w_professionals_online.pdf,FP-29,P-29,Pamphlets & Booklets,Pamphlets & Booklets,Literature,French,Professionals,,196196,191.6 KB,2026-07-06,https://www.aa.org/fr/collaboration-des-membres-des-aa-avec-les-professionnels,Collaboration des membres des AA avec les professionnels,1,aaws.widen.net,ok
2238,Collaborons avec nos amis,https://aaws.widen.net/content/iihlcc4tua/pdf/fp-34_be_friendly_with_your_friends_online.pdf,fp-34_be_friendly_with_your_friends_online.pdf,FP-34,P-34,Pamphlets & Booklets,Pamphlets & Booklets,Literature,French,,,124595,121.7 KB,2024-01-23,https://www.aa.org/fr/collaborons-avec-nos-amis,Collaborons avec nos amis,1,aaws.widen.net,ok
2239,Círculos de amor y servicio,https://aaws.widen.net/content/j1mpj766sh/pdf/sp-45_circles_of_love_and_service_online.pdf,sp-45_circles_of_love_and_service_online.pdf,SP-45,P-45,Pamphlets & Booklets,Pamphlets & Booklets,Literature,Spanish,,,138746,135.5 KB,2025-11-03,https://www.aa.org/es/circulos-de-amor-y-servicio,Círculos de amor y servicio,1,aaws.widen.net,ok
2240,CÍRCULOS DE AMOR Y SERVICIO,https://www.aa.org/sites/default/files/literature/assets/sp-45_circleoflove.pdf,sp-45_circleoflove.pdf,SP-45,P-45,Pamphlets & Booklets,Pamphlets & Booklets,Literature,Spanish,,,199266,194.6 KB,2025-12-01,https://www.aa.org/es/aa-member,¿Listo para participar en AA?,1,www.aa.org,ok
2241,Cómo cooperan los miembros de AA con los profesionales,https://aaws.widen.net/content/i43b2djh4v/pdf/sp-29_how_aa_members_cooperate_w_professionals_online.pdf,sp-29_how_aa_members_cooperate_w_professionals_online.pdf,SP-29,P-29,Pamphlets & Booklets,Pamphlets & Booklets,Literature,Spanish,Professionals,,183175,178.9 KB,2025-11-05,https://www.aa.org/es/como-cooperan-los-miembros-de-aa-con-los-profesionales,Cómo cooperan los miembros de AA con los profesionales,1,aaws.widen.net,ok
2242,Cómo funciona,https://aaws.widen.net/content/rcv3eb1qk8/pdf/sp-10_how_it_works_online.pdf,sp-10_how_it_works_online.pdf,SP-10,P-10,Pamphlets & Booklets,Pamphlets & Booklets,Literature,Spanish,,,29943,29.2 KB,2025-11-03,https://www.aa.org/es/como-funciona,Cómo funciona,1,aaws.widen.net,ok
2243,Cómo hablar en reuniones fuera de AA,https://aaws.widen.net/content/k5m3vhovkn/pdf/sp-40_speaking_at_meetings_outside_of_aa_online.pdf,sp-40_speaking_at_meetings_outside_of_aa_online.pdf,SP-40,P-40,Pamphlets & Booklets,Pamphlets & Booklets,Literature,Spanish,,,180055,175.8 KB,2026-08-04,https://www.aa.org/es/hablando-en-reuniones-no-aa,Cómo hablar en reuniones fuera de AA,2,aaws.widen.net,ok
2244,C’est mieux que de croupir en cellule,https://aaws.widen.net/content/zqyp2uzdwt/pdf/fp-33_it_sure_beats_sitting_in_a_cell_online.pdf,fp-33_it_sure_beats_sitting_in_a_cell_online.pdf,FP-33,P-33,Pamphlets & Booklets,Pamphlets & Booklets,Literature,French,,,6123849,5.8 MB,2026-01-20,https://www.aa.org/fr/cest-mieux-que-de-croupir-en-cellule,C’est mieux que de croupir en cellule,1,aaws.widen.net,ok
2245,Dentro de AA: Comprendiendo la Comunidad y sus servicios,https://aaws.widen.net/content/slpfuenrgo/pdf/sp-18_inside_aa_online.pdf,sp-18_inside_aa_online.pdf,SP-18,P-18,Pamphlets & Booklets,Pamphlets & Booklets,Literature,Spanish,,,1794096,1.7 MB,2025-12-01,https://www.aa.org/es/dentro-de-aa,Dentro de AA: Comprendiendo la Comunidad y sus servicios,2,aaws.widen.net,ok
2246,Différentes avenues vers la spiritualité,https://aaws.widen.net/content/vt92wmivg7/pdf/fp-84_many_paths_to_spirituality_online.pdf,fp-84_many_paths_to_spirituality_online.pdf,FP-84,P-84,Pamphlets & Booklets,Pamphlets & Booklets,Literature,French,Spirituality,,125411,122.5 KB,2025-08-28,https://www.aa.org/fr/differentes-avenues-vers-la-spritualite,Différentes avenues vers la spiritualité,2,aaws.widen.net,ok
2247,Do You Think You’re Different?,https://aaws.widen.net/content/rez22k0g1f/pdf/p-13_do_you_think_you_are_different_online.pdf,p-13_do_you_think_you_are_different_online.pdf,P-13,P-13,Pamphlets & Booklets,Pamphlets & Booklets,Literature,English,,,6430510,6.1 MB,2026-05-21,https://www.aa.org/do-you-think-youre-different,Do You Think You’re Different?,1,aaws.widen.net,ok
2248,EL GRUPO DE A.A.,https://www.aa.org/sites/default/files/literature/assets/sp-16_theaagroup.pdf,sp-16_theaagroup.pdf,SP-16,P-16,Pamphlets & Booklets,Pamphlets & Booklets,Literature,Spanish,,,519751,507.6 KB,2025-09-10,https://www.aa.org/es/aa-member,¿Listo para participar en AA?,1,www.aa.org,ok
2249,El grupo de AA... donde todo empieza,https://aaws.widen.net/content/o3q3ebznbu/pdf/sp-16_the_aa_group_online.pdf,sp-16_the_aa_group_online.pdf,SP-16,P-16,Pamphlets & Booklets,Pamphlets & Booklets,Literature,Spanish,,,519751,507.6 KB,2025-09-10,https://www.aa.org/es/grupo-de-aa,El grupo de AA... donde todo empieza,2,aaws.widen.net,ok
2250,El Legado de Servicio de A.A.,https://aaws.widen.net/content/ytiv9emgwz/pdf/sp-44_aa_legacy_of_service_online.pdf,sp-44_aa_legacy_of_service_online.pdf,SP-44,P-44,Pamphlets & Booklets,Pamphlets & Booklets,Literature,Spanish,,,160164,156.4 KB,2025-05-28,https://www.aa.org/es/el-legado-de-servicio-de-aa,El Legado de Servicio de A.A.,1,aaws.widen.net,ok
2251,"El miembro de AA, los medicamentos y otras drogas",https://aaws.widen.net/content/ocwtrovngu/pdf/sp-11_aa_member_medication__other_drugs_online.pdf,sp-11_aa_member_medication__other_drugs_online.pdf,SP-11,P-11,Pamphlets & Booklets,Pamphlets & Booklets,Literature,Spanish,Medical,,225865,220.6 KB,2025-09-08,https://www.aa.org/es/el-miembro-de-aa-los-medicamentos-y-otras-drogas,"El miembro de AA, los medicamentos y otras drogas",1,aaws.widen.net,ok
2252,El Punto de vista de un miembro de A.A. sobre la comunidad,https://aaws.widen.net/content/9nz3f99ys4/pdf/sp-41_a_member_eyeview_of_aa_online.pdf,sp-41_a_member_eyeview_of_aa_online.pdf,SP-41,P-41,Pamphlets & Booklets,Pamphlets & Booklets,Literature,Spanish,,,178283,174.1 KB,2026-06-08,https://www.aa.org/es/el-punto-de-vista-de-un-miembro-de-aa-sobre-la-comunidad,El Punto de vista de un miembro de A.A. sobre la comunidad,1,aaws.widen.net,ok
2253,Es mejor que estar sentado en una celda,https://aaws.widen.net/content/2jjblbmp5y/pdf/sp-33_it_sure_beats_sitting_in_a_cell_online.pdf,sp-33_it_sure_beats_sitting_in_a_cell_online.pdf,SP-33,P-33,Pamphlets & Booklets,Pamphlets & Booklets,Literature,Spanish,,,1437634,1.4 MB,2024-05-17,https://www.aa.org/es/es-mejor-que-estar-sentado-en-una-celda,Es mejor que estar sentado en una celda,1,aaws.widen.net,ok
2254,Esto es AA (letra grande),https://aaws.widen.net/content/ca75ptxiaf/pdf/sp-56_sp-1_this_is_aa_large_online.pdf,sp-56_sp-1_this_is_aa_large_online.pdf,SP-56,P-56,Pamphlets & Booklets,Pamphlets & Booklets,Literature,Spanish,,,191985,187.5 KB,2024-01-23,https://www.aa.org/es/esto-es-aa-letra-grande,Esto es AA (letra grande),1,aaws.widen.net,ok
2255,Esto es AA — Una introducción al programa de recuperación de AA,https://aaws.widen.net/content/bmtsbtepw9/pdf/sp-1_this_is_aa_online.pdf,sp-1_this_is_aa_online.pdf,SP-1,P-1,Pamphlets & Booklets,Pamphlets & Booklets,Literature,Spanish,,,662018,646.5 KB,2025-11-05,https://www.aa.org/es/esto-es-aa-una-introduccion-al-programa-de-recuperacion-de-aa,Esto es AA — Una introducción al programa de recuperación de AA,1,aaws.widen.net,ok
2256,Faith Leaders Ask About A.A.,https://aaws.widen.net/content/91bxsrta5j/pdf/p-25_faith_leaders_ask_about_aa_online.pdf,p-25_faith_leaders_ask_about_aa_online.pdf,P-25,P-25,Pamphlets & Booklets,Pamphlets & Booklets,Literature,English,,,674620,658.8 KB,2025-08-27,https://www.aa.org/faith-leaders-ask-about-aa,Faith Leaders Ask About A.A.,1,aaws.widen.net,ok
2257,Foire aux questions sur les AA (Autrefois 44 questions),https://aaws.widen.net/content/kg9kqchtar/pdf/fp-2_frequently_asked_questions_online.pdf,fp-2_frequently_asked_questions_online.pdf,FP-2,P-2,Pamphlets & Booklets,Pamphlets & Booklets,Literature,French,,,419709,409.9 KB,2024-01-04,https://www.aa.org/fr/foire-aux-questions-sur-les-aa-autrefois-44-questions,Foire aux questions sur les AA (Autrefois 44 questions),1,aaws.widen.net,ok
2258,Foire aux questions sur les AA (Gros caractères),https://aaws.widen.net/content/uvsynn86li/pdf/fp-57_fp-2_frequently_asked_questions_large_online.pdf,fp-57_fp-2_frequently_asked_questions_large_online.pdf,FP-57,P-57,Pamphlets & Booklets,Pamphlets & Booklets,Literature,French,,,258712,252.6 KB,2024-01-23,https://www.aa.org/fr/foire-aux-questions-sur-les-aa-gros-caracteres,Foire aux questions sur les AA (Gros caractères),1,aaws.widen.net,ok
2259,Foro Virtual del Oeste de EE. UU./CANADÁ 2020,https://www.aa.org/sites/default/files/literature/2020%20US-CAN%20-%20WEST%20FINAL%20REPORT-SP_0.pdf,2020%20US-CAN%20-%20WEST%20FINAL%20REPORT-SP_0.pdf,SP-0,P-0,Pamphlets & Booklets,Pamphlets & Booklets,Literature,Spanish,Report,2020,325800,318.2 KB,2022-02-02,https://www.aa.org/es/foro-virtual-del-oeste-de-ee-uucanada-2020,Foro Virtual del Oeste de EE. UU./CANADÁ 2020,1,www.aa.org,ok
2260,Frequently Asked Questions About A.A. - (Formerly 44 Questions),https://aaws.widen.net/content/qbwy1oqmao/pdf/p-2_frequently_asked_questions_online.pdf,p-2_frequently_asked_questions_online.pdf,P-2,P-2,Pamphlets & Booklets,Pamphlets & Booklets,Literature,English,Form / Application,,263118,257.0 KB,2024-07-17,https://www.aa.org/frequently-asked-questions-about-aa-formerly-44-questions,Frequently Asked Questions About A.A. - (Formerly 44 Questions),1,aaws.widen.net,ok
2261,How A.A. Members Cooperate With Professionals,https://aaws.widen.net/content/rr7wz1sifw/pdf/p-29_how_aa_members_cooperate_w_professionals_online.pdf,p-29_how_aa_members_cooperate_w_professionals_online.pdf,P-29,P-29,Pamphlets & Booklets,Pamphlets & Booklets,Literature,English,Professionals,,162388,158.6 KB,2025-08-20,https://www.aa.org/how-aa-members-cooperate-professionals,How A.A. Members Cooperate With Professionals,1,aaws.widen.net,ok
2262,How It Works,https://aaws.widen.net/content/dk2vomnjxj/pdf/p-10_how_it_works_online.pdf,p-10_how_it_works_online.pdf,P-10,P-10,Pamphlets & Booklets,Pamphlets & Booklets,Literature,English,,,28158,27.5 KB,2026-07-20,https://www.aa.org/how-it-works,How It Works,1,aaws.widen.net,ok
2263,If You Are a Professional...,https://aaws.widen.net/content/pqc2qra6zn/pdf/p-46_if_you_are_a_professional_online.pdf,p-46_if_you_are_a_professional_online.pdf,P-46,P-46,Pamphlets & Booklets,Pamphlets & Booklets,Literature,English,Professionals,,91934,89.8 KB,2026-06-10,https://www.aa.org/if-you-are-professional,If You Are a Professional...,1,aaws.widen.net,ok
2264,Inside A.A. - Understanding the Fellowship and its Services,https://aaws.widen.net/content/pi33ouwayt/pdf/p-18_inside_aa_online.pdf,p-18_inside_aa_online.pdf,P-18,P-18,Pamphlets & Booklets,Pamphlets & Booklets,Literature,English,,,1791969,1.7 MB,2024-02-01,https://www.aa.org/inside-aa-understanding-fellowship-and-its-services,Inside A.A. - Understanding the Fellowship and its Services,1,aaws.widen.net,ok
2265,Is A.A. for Me?,https://aaws.widen.net/content/x7rtx6h37g/pdf/p-36_is_aa_for_me_online.pdf,p-36_is_aa_for_me_online.pdf,P-36,P-36,Pamphlets & Booklets,Pamphlets & Booklets,Literature,English,Newcomer,,6675198,6.4 MB,2026-02-24,https://www.aa.org/aa-me,Is A.A. for Me?,1,aaws.widen.net,ok
2266,Is A.A. for You?,https://aaws.widen.net/content/ycdtkvfolw/pdf/p-3_is_aa_for_you_online.pdf,p-3_is_aa_for_you_online.pdf,P-3,P-3,Pamphlets & Booklets,Pamphlets & Booklets,Literature,English,Newcomer,,434424,424.2 KB,2026-06-18,https://www.aa.org/aa-you,Is A.A. for You?,1,aaws.widen.net,ok
2267,Is there a Problem Drinker in the Workplace?,https://aaws.widen.net/content/m00yaozcgl/pdf/p-54_is_there_a_problem_drinker_in_the_workplace_online.pdf,p-54_is_there_a_problem_drinker_in_the_workplace_online.pdf,P-54,P-54,Pamphlets & Booklets,Pamphlets & Booklets,Literature,English,,,180338,176.1 KB,2025-06-04,https://www.aa.org/there-problem-drinker-workplace,Is there a Problem Drinker in the Workplace?,1,aaws.widen.net,ok
2268,Is There an Alcoholic in Your Life?,https://aaws.widen.net/content/txdtj2ld2d/pdf/p-30_is_there_an_alcoholic_in_your_life_online.pdf,p-30_is_there_an_alcoholic_in_your_life_online.pdf,P-30,P-30,Pamphlets & Booklets,Pamphlets & Booklets,Literature,English,,,228269,222.9 KB,2025-11-05,https://www.aa.org/there-alcoholic-your-life,Is There an Alcoholic in Your Life?,1,aaws.widen.net,ok
2269,It Sure Beats Sitting in a Cell,https://aaws.widen.net/content/j7x4gmadkp/pdf/p-33_it_sure_beats_sitting_in_a_cell_online.pdf,p-33_it_sure_beats_sitting_in_a_cell_online.pdf,P-33,P-33,Pamphlets & Booklets,Pamphlets & Booklets,Literature,English,,,5028064,4.8 MB,2026-01-20,https://www.aa.org/it-sure-beats-sitting-cell,It Sure Beats Sitting in a Cell,1,aaws.widen.net,ok
2270,L'article de Jack Alexander sur les AA,https://aaws.widen.net/content/xt9zwpvhbe/pdf/fp-12_jack_alexander_article_online.pdf,fp-12_jack_alexander_article_online.pdf,FP-12,P-12,Pamphlets & Booklets,Pamphlets & Booklets,Literature,French,,,743201,725.8 KB,2026-07-08,https://www.aa.org/fr/larticle-de-jack-alexander-sur-les-aa,L'article de Jack Alexander sur les AA,1,aaws.widen.net,ok
2271,La structure des AA - Comprendre le Mouvement et ses services,https://aaws.widen.net/content/zmypcohud2/pdf/fp-18_inside_aa_online.pdf,fp-18_inside_aa_online.pdf,FP-18,P-18,Pamphlets & Booklets,Pamphlets & Booklets,Literature,French,,,626384,611.7 KB,2024-07-26,https://www.aa.org/fr/la-structure-des-aa,La structure des AA - Comprendre le Mouvement et ses services,2,aaws.widen.net,ok
2272,La tradición de AA — Cómo se desarrolló,https://aaws.widen.net/content/s8dn56zekd/pdf/sp-17_aa_traditions_online.pdf,sp-17_aa_traditions_online.pdf,SP-17,P-17,Pamphlets & Booklets,Pamphlets & Booklets,Literature,Spanish,Twelve Traditions,,5025290,4.8 MB,2026-07-09,https://www.aa.org/es/la-tradicion-de-aa-como-se-desarrollo,La tradición de AA — Cómo se desarrolló,1,aaws.widen.net,ok
2273,La tradition des AA et son développement,https://aaws.widen.net/content/nkphsyvem1/pdf/fp-17_aa_traditions_online.pdf,fp-17_aa_traditions_online.pdf,FP-17,P-17,Pamphlets & Booklets,Pamphlets & Booklets,Literature,French,Twelve Traditions,,5199385,5.0 MB,2026-07-17,https://www.aa.org/fr/la-tradition-des-aa-et-son-developpement,La tradition des AA et son développement,1,aaws.widen.net,ok
2274,Las Doce Tradiciones ilustradas,https://aaws.widen.net/content/mk4h6dfbie/pdf/sp-43_traditions_illustrated_online.pdf,sp-43_traditions_illustrated_online.pdf,SP-43,P-43,Pamphlets & Booklets,Pamphlets & Booklets,Literature,Spanish,Twelve Traditions,,8744904,8.3 MB,2026-04-30,https://www.aa.org/es/doce-tradiciones-ilustradas,Las Doce Tradiciones ilustradas,2,aaws.widen.net,ok
2275,Le groupe des AA... là où tout commence,https://aaws.widen.net/content/7x4fxhyjbe/pdf/fp-16_the_aa_group_online.pdf,fp-16_the_aa_group_online.pdf,FP-16,P-16,Pamphlets & Booklets,Pamphlets & Booklets,Literature,French,,,534633,522.1 KB,2025-12-09,https://www.aa.org/fr/groupe-des-aa,Le groupe des AA... là où tout commence,2,aaws.widen.net,ok
2276,Le membre des AA face aux médicaments et autres drogues,https://aaws.widen.net/content/rbbed3dxel/pdf/fp-11_aa_member_medication__other_drugs_online.pdf,fp-11_aa_member_medication__other_drugs_online.pdf,FP-11,P-11,Pamphlets & Booklets,Pamphlets & Booklets,Literature,French,Medical,,221964,216.8 KB,2024-10-30,https://www.aa.org/fr/le-membre-des-aa-face-aux-medicaments-et-autres-drogues,Le membre des AA face aux médicaments et autres drogues,1,aaws.widen.net,ok
2277,Le mot «Dieu» Membres agnostiques et athées chez les AA,https://aaws.widen.net/content/xit7lzmpe5/pdf/fp-86_the_god_word_online.pdf,fp-86_the_god_word_online.pdf,FP-86,P-86,Pamphlets & Booklets,Pamphlets & Booklets,Literature,French,,,1472902,1.4 MB,2026-05-27,https://www.aa.org/fr/le-mot-dieu-membres-agnostiques-et-athees-chez-les-aa,Le mot «Dieu» Membres agnostiques et athées chez les AA,1,aaws.widen.net,ok
2278,Les AA : une ressource pour les professionnels de la santé,https://aaws.widen.net/content/houwyxtmxi/pdf/fp-23_aa_resource_hcp_online.pdf,fp-23_aa_resource_hcp_online.pdf,FP-23,P-23,Pamphlets & Booklets,Pamphlets & Booklets,Literature,French,,,177982,173.8 KB,2025-12-17,https://www.aa.org/fr/les-aa-une-ressource-pour-les-professionnels-de-la-sante,Les AA : une ressource pour les professionnels de la santé,1,aaws.widen.net,ok
2279,Les AA et les forces armées,https://aaws.widen.net/content/ljdvaomab1/pdf/fp-50_aa__armed_services_online.pdf,fp-50_aa__armed_services_online.pdf,FP-50,P-50,Pamphlets & Booklets,Pamphlets & Booklets,Literature,French,,,280405,273.8 KB,2024-01-23,https://www.aa.org/fr/les-aa-et-les-forces-armees,Les AA et les forces armées,1,aaws.widen.net,ok
2280,Les AA pour les alcooliques atteints de maladie mentale – et ceux qui les parrainent,https://aaws.widen.net/content/nmx2v0cjzy/pdf/fp-87_aa_alcoholics_w_mental_health_issues_online.pdf,fp-87_aa_alcoholics_w_mental_health_issues_online.pdf,FP-87,P-87,Pamphlets & Booklets,Pamphlets & Booklets,Literature,French,,,242807,237.1 KB,2024-01-23,https://www.aa.org/fr/les-aa-pour-les-alcooliques-atteints-de-maladie-mentale-et-ceux-qui-les-parrainent,Les AA pour les alcooliques atteints de maladie mentale – et ceux qui les parrainent,1,aaws.widen.net,ok
2281,Les AA sont-ils pour moi?,https://aaws.widen.net/content/ph6vmpqncj/pdf/fp-36_is_aa_for_me_online.pdf,fp-36_is_aa_for_me_online.pdf,FP-36,P-36,Pamphlets & Booklets,Pamphlets & Booklets,Literature,French,Newcomer,,6666261,6.4 MB,2024-04-26,https://www.aa.org/fr/les-aa-sont-ils-pour-moi,Les AA sont-ils pour moi?,1,aaws.widen.net,ok
2282,Les AA sont-ils pour vous?,https://aaws.widen.net/content/kwnq0ylwe3/pdf/fp-3_is_aa_for_you_online.pdf,fp-3_is_aa_for_you_online.pdf,FP-3,P-3,Pamphlets & Booklets,Pamphlets & Booklets,Literature,French,Newcomer,,436924,426.7 KB,2026-06-03,https://www.aa.org/fr/les-aa-sont-ils-pour-vous,Les AA sont-ils pour vous?,1,aaws.widen.net,ok
2283,Les Alcooliques anonymes dans votre communauté,https://aaws.widen.net/content/f7j10pjrli/pdf/fp-31_aa_in_your_community_online.pdf,fp-31_aa_in_your_community_online.pdf,FP-31,P-31,Pamphlets & Booklets,Pamphlets & Booklets,Literature,French,,,878009,857.4 KB,2026-07-13,https://www.aa.org/fr/les-alcooliques-anonymes-dans-votre-communaute,Les Alcooliques anonymes dans votre communauté,1,aaws.widen.net,ok
2284,Les deux fondateurs des Alcooliques Anonymes,https://aaws.widen.net/content/cxt4j09rop/pdf/fp-53_the_cofounders_of_aa_online.pdf,fp-53_the_cofounders_of_aa_online.pdf,FP-53,P-53,Pamphlets & Booklets,Pamphlets & Booklets,Literature,French,,,202132,197.4 KB,2025-05-06,https://www.aa.org/fr/les-deux-fondateurs-des-alcooliques-anonymes,Les deux fondateurs des Alcooliques Anonymes,1,aaws.widen.net,ok
2285,Les Douze Traditions illustrées,https://aaws.widen.net/content/frjxtlr0lh/pdf/fp-43_traditions_illustrated_online.pdf,fp-43_traditions_illustrated_online.pdf,FP-43,P-43,Pamphlets & Booklets,Pamphlets & Booklets,Literature,French,Twelve Traditions,,8779311,8.4 MB,2025-05-20,https://www.aa.org/fr/douze-traditions-illustrees,Les Douze Traditions illustrées,2,aaws.widen.net,ok
2286,Les leaders religieux se renseignent sur les AA,https://aaws.widen.net/content/0v5fqfptac/pdf/fp-25_faith_leaders_ask_about_aa_online.pdf,fp-25_faith_leaders_ask_about_aa_online.pdf,FP-25,P-25,Pamphlets & Booklets,Pamphlets & Booklets,Literature,French,,,148859,145.4 KB,2025-10-22,https://www.aa.org/fr/les-leaders-religieux-se-renseignent-sur-les-aa,Les leaders religieux se renseignent sur les AA,1,aaws.widen.net,ok
2287,Let’s Be Friendly With Our Friends,https://aaws.widen.net/content/zzuf0zgtuo/pdf/p-34_be_friendly_with_your_friends_online.pdf,p-34_be_friendly_with_your_friends_online.pdf,P-34,P-34,Pamphlets & Booklets,Pamphlets & Booklets,Literature,English,,,157735,154.0 KB,2026-05-11,https://www.aa.org/lets-be-friendly-our-friends,Let’s Be Friendly With Our Friends,1,aaws.widen.net,ok
2288,Los Cofundadores de Alcohólicos Anónimos,https://aaws.widen.net/content/fndycxnp1g/pdf/sp-53_the_cofounders_of_aa_online.pdf,sp-53_the_cofounders_of_aa_online.pdf,SP-53,P-53,Pamphlets & Booklets,Pamphlets & Booklets,Literature,Spanish,,,183107,178.8 KB,2024-01-23,https://www.aa.org/es/los-cofundadores-de-alcoholicos-anonimos,Los Cofundadores de Alcohólicos Anónimos,1,aaws.widen.net,ok
2289,L’accès aux AA - Des membres racontent comment ils ont surmonté des obstacles,https://aaws.widen.net/content/otv2hfuyhl/pdf/fp-83_access_to_aa_online.pdf,fp-83_access_to_aa_online.pdf,FP-83,P-83,Pamphlets & Booklets,Pamphlets & Booklets,Literature,French,,,238143,232.6 KB,2024-01-23,https://www.aa.org/fr/lacces-aux-aa-des-members-racontent-comment-ils-ont-surmonte-des-obstacles,L’accès aux AA - Des membres racontent comment ils ont surmonté des obstacles,2,aaws.widen.net,ok
2290,L’héritage du service chez les AA,https://aaws.widen.net/content/zzxlecemx1/pdf/fp-44_aa_legacy_of_service_online.pdf,fp-44_aa_legacy_of_service_online.pdf,FP-44,P-44,Pamphlets & Booklets,Pamphlets & Booklets,Literature,French,,,108031,105.5 KB,2025-10-24,https://www.aa.org/fr/lheritage-du-service-chez-les-aa,L’héritage du service chez les AA,1,aaws.widen.net,ok
2291,Many Paths to Spirituality,https://aaws.widen.net/content/muxgbjsqa1/pdf/p-84_many_paths_to_spirituality_online.pdf,p-84_many_paths_to_spirituality_online.pdf,P-84,P-84,Pamphlets & Booklets,Pamphlets & Booklets,Literature,English,Spirituality,,128904,125.9 KB,2025-09-04,https://www.aa.org/many-paths-spirituality,Many Paths to Spirituality,1,aaws.widen.net,ok
2292,Muchas sendas hacia la espiritualidad,https://aaws.widen.net/content/gxm6618i2w/pdf/sp-84_many_path_to_spirituality_online.pdf,sp-84_many_path_to_spirituality_online.pdf,SP-84,P-84,Pamphlets & Booklets,Pamphlets & Booklets,Literature,Spanish,Spirituality,,117942,115.2 KB,2026-03-03,https://www.aa.org/es/muchas-sendas-hacia-la-espiritualidad,Muchas sendas hacia la espiritualidad,1,aaws.widen.net,ok
2293,Notre méthode,https://aaws.widen.net/content/knuayyk308/pdf/fp-10_how_it_works_online.pdf,fp-10_how_it_works_online.pdf,FP-10,P-10,Pamphlets & Booklets,Pamphlets & Booklets,Literature,French,,,29931,29.2 KB,2026-05-04,https://www.aa.org/fr/notre-methode,Notre méthode,1,aaws.widen.net,ok
2294,Petit guide pratique sur les AA,https://aaws.widen.net/content/btbeckyia1/pdf/fp-42_a_brief_guide_to_aa_online.pdf,fp-42_a_brief_guide_to_aa_online.pdf,FP-42,P-42,Pamphlets & Booklets,Pamphlets & Booklets,Literature,French,Workbook / Kit,,97060,94.8 KB,2024-07-08,https://www.aa.org/fr/petit-guide-pratique-sur-les-aa,Petit guide pratique sur les AA,1,aaws.widen.net,ok
2295,Point de vue d’un membre sur les A.A.,https://aaws.widen.net/content/caofgxpl3v/pdf/fp-41_a_member_eyeview_of_aa_online.pdf,fp-41_a_member_eyeview_of_aa_online.pdf,FP-41,P-41,Pamphlets & Booklets,Pamphlets & Booklets,Literature,French,,,196337,191.7 KB,2024-06-25,https://www.aa.org/fr/point-de-vue-dun-membre-sur-les-aa,Point de vue d’un membre sur les A.A.,1,aaws.widen.net,ok
2296,Problemas diferentes del alcohol,https://aaws.widen.net/content/fpcj9wviea/pdf/sp-35_problems_other_than_alcohol_online.pdf,sp-35_problems_other_than_alcohol_online.pdf,SP-35,P-35,Pamphlets & Booklets,Pamphlets & Booklets,Literature,Spanish,,,776069,757.9 KB,2026-06-25,https://www.aa.org/es/problemas-diferentes-del-alcohol,Problemas diferentes del alcohol,1,aaws.widen.net,ok
2297,Problems Other Than Alcohol,https://aaws.widen.net/content/zwh6urzpne/pdf/p-35_problems_other_than_alcohol_online.pdf,p-35_problems_other_than_alcohol_online.pdf,P-35,P-35,Pamphlets & Booklets,Pamphlets & Booklets,Literature,English,,,775200,757.0 KB,2026-07-22,https://www.aa.org/problems-other-alcohol,Problems Other Than Alcohol,1,aaws.widen.net,ok
2298,Problèmes autres que l’alcoolisme,https://aaws.widen.net/content/ihwcmoralg/pdf/fp-35_problems_other_than_alcohol_online.pdf,fp-35_problems_other_than_alcohol_online.pdf,FP-35,P-35,Pamphlets & Booklets,Pamphlets & Booklets,Literature,French,,,789654,771.1 KB,2026-02-26,https://www.aa.org/fr/problemes-autres-que-lalcoolisme,Problèmes autres que l’alcoolisme,1,aaws.widen.net,ok
2299,Seamos Amistosos con Nuestros Amigos,https://aaws.widen.net/content/hlzuczfal4/pdf/sp-34_be_friendly_with_your_friends_online.pdf,sp-34_be_friendly_with_your_friends_online.pdf,SP-34,P-34,Pamphlets & Booklets,Pamphlets & Booklets,Literature,Spanish,,,152091,148.5 KB,2025-11-03,https://www.aa.org/es/seamos-amistosos-con-nuestros-amigos,Seamos Amistosos con Nuestros Amigos,1,aaws.widen.net,ok
2300,Si usted es un profesional...,https://aaws.widen.net/content/8he1ebr10c/pdf/sp-46_if_you_are_a_professional_online.pdf,sp-46_if_you_are_a_professional_online.pdf,SP-46,P-46,Pamphlets & Booklets,Pamphlets & Booklets,Literature,Spanish,Professionals,,92451,90.3 KB,2025-11-20,https://www.aa.org/es/si-ud-es-un-profesional,Si usted es un profesional...,2,aaws.widen.net,ok
2301,Speaking at Meetings Outside of A.A.,https://aaws.widen.net/content/c1ezbsvzrw/pdf/p-40_speaking_at_meetings_outside_of_aa_online.pdf,p-40_speaking_at_meetings_outside_of_aa_online.pdf,P-40,P-40,Pamphlets & Booklets,Pamphlets & Booklets,Literature,English,,,161457,157.7 KB,2025-10-28,https://www.aa.org/speaking-meetings-outside-aa,Speaking at Meetings Outside of A.A.,2,aaws.widen.net,ok
2302,The A.A. Group,https://www.aa.org/sites/default/files/literature/assets/p-16_theaagroup.pdf,p-16_theaagroup.pdf,P-16,P-16,Pamphlets & Booklets,Pamphlets & Booklets,Literature,English,,,566170,552.9 KB,2021-07-20,https://www.aa.org/aa-member,Ready to get involved in A.A.?,1,www.aa.org,ok
2303,The A.A. Group...Where It All Begins,https://aaws.widen.net/content/l8p6vmffru/pdf/p-16_the_aa_group_online.pdf,p-16_the_aa_group_online.pdf,P-16,P-16,Pamphlets & Booklets,Pamphlets & Booklets,Literature,English,,,343184,335.1 KB,2026-04-07,https://www.aa.org/aa-group,The A.A. Group...Where It All Begins,2,aaws.widen.net,ok
2304,The A.A. Member—Medications and Other Drugs,https://aaws.widen.net/content/gya6qlm3px/pdf/p-11_aa_member_medication__other_drugs_online.pdf,p-11_aa_member_medication__other_drugs_online.pdf,P-11,P-11,Pamphlets & Booklets,Pamphlets & Booklets,Literature,English,Medical,,212118,207.1 KB,2025-09-04,https://www.aa.org/aa-member-medications-and-other-drugs,The A.A. Member—Medications and Other Drugs,1,aaws.widen.net,ok
2305,The Co-Founders of Alcoholics Anonymous,https://aaws.widen.net/content/hdd827opg7/pdf/p-53_the_cofounders_of_aa_online.pdf,p-53_the_cofounders_of_aa_online.pdf,P-53,P-53,Pamphlets & Booklets,Pamphlets & Booklets,Literature,English,,,180001,175.8 KB,2025-06-18,https://www.aa.org/co-founders-alcoholics-anonymous,The Co-Founders of Alcoholics Anonymous,1,aaws.widen.net,ok
2306,The Jack Alexander Article About A.A.,https://aaws.widen.net/content/vyss5xgbx3/pdf/p-12_jack_alexander_article_online.pdf,p-12_jack_alexander_article_online.pdf,P-12,P-12,Pamphlets & Booklets,Pamphlets & Booklets,Literature,English,,,721104,704.2 KB,2025-10-28,https://www.aa.org/jack-alexander-article-about-aa,The Jack Alexander Article About A.A.,1,aaws.widen.net,ok
2307,This Is A.A. - An introduction to the A.A. recovery program,https://aaws.widen.net/content/ktmex93pfb/pdf/p-1_this_is_aa_online.pdf,p-1_this_is_aa_online.pdf,P-1,P-1,Pamphlets & Booklets,Pamphlets & Booklets,Literature,English,,,654178,638.8 KB,2026-03-20,https://www.aa.org/aa-introduction-aa-recovery-program,This Is A.A. - An introduction to the A.A. recovery program,1,aaws.widen.net,ok
2308,Too Young?,https://aaws.widen.net/content/c1ysds9vsx/pdf/p-37_too_young_online.pdf,p-37_too_young_online.pdf,P-37,P-37,Pamphlets & Booklets,Pamphlets & Booklets,Literature,English,Young People,,2456091,2.3 MB,2024-01-23,https://www.aa.org/too-young,Too Young?,1,aaws.widen.net,ok
2309,Trop jeune?,https://aaws.widen.net/content/zhnyvdhsg0/pdf/fp-37_too_young_online.pdf,fp-37_too_young_online.pdf,FP-37,P-37,Pamphlets & Booklets,Pamphlets & Booklets,Literature,French,Young People,,2440004,2.3 MB,2024-01-23,https://www.aa.org/fr/trop-jeune,Trop jeune?,1,aaws.widen.net,ok
2310,Una breve guía a AA,https://aaws.widen.net/content/bebcmptuaq/pdf/sp-42_a_brief_guide_to_aa_online.pdf,sp-42_a_brief_guide_to_aa_online.pdf,SP-42,P-42,Pamphlets & Booklets,Pamphlets & Booklets,Literature,Spanish,Workbook / Kit,,120272,117.5 KB,2025-11-04,https://www.aa.org/es/breve-guia-aa,Una breve guía a AA,2,aaws.widen.net,ok
2311,Voici les AA (Gros caractères),https://aaws.widen.net/content/lo8lk0cmmx/pdf/fp-56_fp-1_this_is_aa_large_online.pdf,fp-56_fp-1_this_is_aa_large_online.pdf,FP-56,P-56,Pamphlets & Booklets,Pamphlets & Booklets,Literature,French,,,427237,417.2 KB,2025-05-19,https://www.aa.org/fr/voici-les-aa-gros-caracteres,Voici les AA (Gros caractères),1,aaws.widen.net,ok
2312,Voici les AA - Une introduction au programme de rétablissement des AA,https://aaws.widen.net/content/57wr5mvxnl/pdf/fp-1_this_is_aa_online.pdf,fp-1_this_is_aa_online.pdf,FP-1,P-1,Pamphlets & Booklets,Pamphlets & Booklets,Literature,French,,,678990,663.1 KB,2026-08-28,https://www.aa.org/fr/voici-les-aa-une-introduction-au-programme-de-retablissement-des-aa,Voici les AA - Une introduction au programme de rétablissement des AA,2,aaws.widen.net,ok
2313,Vous croyez-vous différent?,https://aaws.widen.net/content/deeq1m3t19/pdf/fp-13_do_you_think_you_are_different_online.pdf,fp-13_do_you_think_you_are_different_online.pdf,FP-13,P-13,Pamphlets & Booklets,Pamphlets & Booklets,Literature,French,,,6440451,6.1 MB,2024-09-18,https://www.aa.org/fr/vous-croyez-vous-different,Vous croyez-vous différent?,1,aaws.widen.net,ok
2314,Vous Vous Occupez Professionnellement d'alcoolisme?,https://aaws.widen.net/content/3wzr9fgl87/pdf/fp-46_if_you_are_a_professional_online.pdf,fp-46_if_you_are_a_professional_online.pdf,FP-46,P-46,Pamphlets & Booklets,Pamphlets & Booklets,Literature,French,Professionals,,92425,90.3 KB,2025-03-04,https://www.aa.org/fr/vous-vous-occupez-professionnellement-dalcoolisme,Vous Vous Occupez Professionnellement d'alcoolisme?,1,aaws.widen.net,ok
2315,Y a-t-il un alcoolique dans votre vie?,https://aaws.widen.net/content/qeoglj7yug/pdf/fp-30_is_there_an_alcoholic_in_your_life_online.pdf,fp-30_is_there_an_alcoholic_in_your_life_online.pdf,FP-30,P-30,Pamphlets & Booklets,Pamphlets & Booklets,Literature,French,,,239008,233.4 KB,2024-06-27,https://www.aa.org/fr/y-t-il-un-alcoolique-dans-votre-vie,Y a-t-il un alcoolique dans votre vie?,1,aaws.widen.net,ok
2316,Y a-t-il un buveur à problème dans votre milieu de travail?,https://aaws.widen.net/content/eupe56pl0o/pdf/fp-54_is_there_a_problem_drinker_in_the_workplace_online.pdf,fp-54_is_there_a_problem_drinker_in_the_workplace_online.pdf,FP-54,P-54,Pamphlets & Booklets,Pamphlets & Booklets,Literature,French,,,185718,181.4 KB,2026-06-11,https://www.aa.org/fr/y-t-il-un-buveur-probleme-dans-votre-milieu-de-travail,Y a-t-il un buveur à problème dans votre milieu de travail?,1,aaws.widen.net,ok
2317,¿Demasiado joven?,https://aaws.widen.net/content/9lgk3yrcmm/pdf/sp-37_too_young_online.pdf,sp-37_too_young_online.pdf,SP-37,P-37,Pamphlets & Booklets,Pamphlets & Booklets,Literature,Spanish,Young People,,2491594,2.4 MB,2024-01-23,https://www.aa.org/es/demasiado-joven,¿Demasiado joven?,1,aaws.widen.net,ok
2318,¿Es AA para mí?,https://aaws.widen.net/content/cyrm0djq9e/pdf/sp-36_is_aa_for_me_online.pdf,sp-36_is_aa_for_me_online.pdf,SP-36,P-36,Pamphlets & Booklets,Pamphlets & Booklets,Literature,Spanish,Newcomer,,6689455,6.4 MB,2026-03-06,https://www.aa.org/es/es-aa-para-mi,¿Es AA para mí?,1,aaws.widen.net,ok
2319,¿Es AA para usted?,https://aaws.widen.net/content/denapn3pkr/pdf/sp-3_is_aa_for_you_online.pdf,sp-3_is_aa_for_you_online.pdf,SP-3,P-3,Pamphlets & Booklets,Pamphlets & Booklets,Literature,Spanish,Newcomer,,435765,425.6 KB,2025-11-04,https://www.aa.org/es/es-aa-para-usted,¿Es AA para usted?,1,aaws.widen.net,ok
2320,¿Hay un Alcohólico en su Vida?,https://aaws.widen.net/content/ei9szwzbkm/pdf/sp-30_is_there_an_alcoholic_in_your_life_online.pdf,sp-30_is_there_an_alcoholic_in_your_life_online.pdf,SP-30,P-30,Pamphlets & Booklets,Pamphlets & Booklets,Literature,Spanish,,,230501,225.1 KB,2026-06-29,https://www.aa.org/es/hay-un-alcoholico-en-su-vida,¿Hay un Alcohólico en su Vida?,1,aaws.widen.net,ok
2321,¿Hay un bebedor problema en el lugar de trabajo?,https://aaws.widen.net/content/lrwucak6jt/pdf/sp-54_is_there_a_problem_drinker_in_the_workplace_online.pdf,sp-54_is_there_a_problem_drinker_in_the_workplace_online.pdf,SP-54,P-54,Pamphlets & Booklets,Pamphlets & Booklets,Literature,Spanish,,,179934,175.7 KB,2026-08-05,https://www.aa.org/es/hay-un-bebedor-problema-en-el-lugar-de-trabajo,¿Hay un bebedor problema en el lugar de trabajo?,1,aaws.widen.net,ok
2322,¿Se cree usted diferente?,https://aaws.widen.net/content/hsn2hhzqt3/pdf/sp-13_do_you_think_you_are_different_online.pdf,sp-13_do_you_think_you_are_different_online.pdf,SP-13,P-13,Pamphlets & Booklets,Pamphlets & Booklets,Literature,Spanish,,,6450710,6.2 MB,2026-05-22,https://www.aa.org/es/se-cree-usted-diferente,¿Se cree usted diferente?,1,aaws.widen.net,ok
2323,1 De Febrero De 2023,https://www.aa.org/sites/default/files/literature/Open%20Mtgs%20Press%20Release%20-%20SP_0.pdf,Open%20Mtgs%20Press%20Release%20-%20SP_0.pdf,,,,Public Information,Carrying the Message,Spanish,Public Information,2023,35619,34.8 KB,2023-02-02,https://www.aa.org/es/press-media,Prensa y medios de comunicación,2,www.aa.org,ok
2324,15 Août 2023,https://www.aa.org/sites/default/files/literature/AA%20and%20Spirituality%20Press%20Release%20-%20FR.pdf,AA%20and%20Spirituality%20Press%20Release%20-%20FR.pdf,,,,Public Information,Carrying the Message,French,Public Information; Spirituality,2023,47796,46.7 KB,2023-08-15,https://www.aa.org/fr/press-media,Presse et Médias,2,www.aa.org,ok
2325,15 De Agosto De 2023,https://www.aa.org/sites/default/files/literature/AA%20and%20Spirituality%20Press%20Release%20-%20SP.pdf,AA%20and%20Spirituality%20Press%20Release%20-%20SP.pdf,,,,Public Information,Carrying the Message,Spanish,Public Information; Spirituality,2023,45481,44.4 KB,2023-08-15,https://www.aa.org/es/press-media,Prensa y medios de comunicación,2,www.aa.org,ok
2326,17 De Enero De 2024,https://www.aa.org/sites/default/files/literature/2022%20Membership%20Survey%20Press%20Release%20-%20SP.pdf,2022%20Membership%20Survey%20Press%20Release%20-%20SP.pdf,,,,Public Information,Carrying the Message,Spanish,Public Information; Survey Data,2024,94816,92.6 KB,2024-01-17,https://www.aa.org/es/press-media,Prensa y medios de comunicación,2,www.aa.org,ok
2327,17 Janvier 2024,https://www.aa.org/sites/default/files/literature/2022%20Membership%20Survey%20Press%20Release%20-%20FR.pdf,2022%20Membership%20Survey%20Press%20Release%20-%20FR.pdf,,,,Public Information,Carrying the Message,French,Public Information; Survey Data,2024,227668,222.3 KB,2024-01-17,https://www.aa.org/fr/press-media,Presse et Médias,2,www.aa.org,ok
2328,21 octobre 2022 Des membres de la communauté hispanique trouvent aide et espoir chez les Alcooliques anonymes,https://www.aa.org/sites/default/files/literature/Press%20Release%2010-2022%20-%20FR.pdf,Press%20Release%2010-2022%20-%20FR.pdf,,,,Public Information,Carrying the Message,French,Public Information,2022,64065,62.6 KB,2022-10-20,https://www.aa.org/fr/press-media,Presse et Médias,2,www.aa.org,ok
2329,30 Avril 2022,https://www.aa.org/sites/default/files/literature/fr_pr_0522.pdf,fr_pr_0522.pdf,,,,Public Information,Carrying the Message,French,Public Information,2022,317890,310.4 KB,2022-05-02,https://www.aa.org/fr/press-media,Presse et Médias,2,www.aa.org,ok
2330,6 De Septiembre De 2024,https://www.aa.org/sites/default/files/literature/MilitaryAudio_PR_SP.pdf,MilitaryAudio_PR_SP.pdf,,,,Public Information,Carrying the Message,Spanish,Public Information; Military; Audio / Video,2024,288388,281.6 KB,2024-11-01,https://www.aa.org/es/press-media,Prensa y medios de comunicación,2,www.aa.org,ok
2331,6 juillet 2022 Des personnes LGBTQ+ trouvent aide et espoir chez les Alcooliques anonymes,https://www.aa.org/sites/default/files/literature/Final%20LGBTQ%20Press%20Release%20-%20FR.pdf,Final%20LGBTQ%20Press%20Release%20-%20FR.pdf,,,,Public Information,Carrying the Message,French,Public Information; LGBTQ+,2022,132312,129.2 KB,2022-07-06,https://www.aa.org/fr/press-media,Presse et Médias,2,www.aa.org,ok
2332,6 Septembre 2024,https://www.aa.org/sites/default/files/literature/MilitaryAudio_PR_FR.pdf,MilitaryAudio_PR_FR.pdf,,,,Public Information,Carrying the Message,French,Public Information; Military; Audio / Video,2024,321966,314.4 KB,2024-11-01,https://www.aa.org/fr/press-media,Presse et Médias,2,www.aa.org,ok
2333,"7 de julio, 2022 Las personas LGBTQ+ encuentran ayuda y esperanza en Alcohólicos Anónimos",https://www.aa.org/sites/default/files/literature/Final%20LGBTQ%20Press%20Release%20-%20SP_0.pdf,Final%20LGBTQ%20Press%20Release%20-%20SP_0.pdf,,,,Public Information,Carrying the Message,Spanish,Public Information; LGBTQ+,2022,59883,58.5 KB,2022-07-07,https://www.aa.org/es/press-media,Prensa y medios de comunicación,2,www.aa.org,ok
2334,7 De Noviembre De 2024,https://www.aa.org/sites/default/files/literature/PLBB%20Press%20Release_SP.pdf,PLBB%20Press%20Release_SP.pdf,,,,Public Information,Carrying the Message,Spanish,Public Information,2024,360506,352.1 KB,2024-11-07,https://www.aa.org/es/press-media,Prensa y medios de comunicación,1,www.aa.org,ok
2335,7 Novembre 2024,https://www.aa.org/sites/default/files/literature/PLBB%20Press%20Release_FR.pdf,PLBB%20Press%20Release_FR.pdf,,,,Public Information,Carrying the Message,French,Public Information,2024,317193,309.8 KB,2024-11-07,https://www.aa.org/fr/press-media,Presse et Médias,1,www.aa.org,ok
2336,A.A. Groups Using Digital Platforms to Find Sobriety During Coronavirus (COVID-19) Outbreak,https://www.aa.org/sites/default/files/literature/en_pr_20200323.pdf,en_pr_20200323.pdf,,,,Public Information,Carrying the Message,English,Public Information; Sobriety; Form / Application,2020,261162,255.0 KB,2021-12-02,https://www.aa.org/press-releases,Press Releases,1,www.aa.org,ok
2337,A.A. publica el libro Doce Pasos y Doce Tradiciones en ASL,https://www.aa.org/sites/default/files/literature/sp_pr_20191212.pdf,sp_pr_20191212.pdf,,,,Public Information,Carrying the Message,Spanish,Public Information,2019,286621,279.9 KB,2021-12-02,https://www.aa.org/es/press-releases,Notas de prensa,1,www.aa.org,ok
2338,A.A. Publishes Twelve Steps and Twelve Traditions Book in ASL,https://www.aa.org/sites/default/files/literature/en_pr_20191212.pdf,en_pr_20191212.pdf,,,,Public Information,Carrying the Message,English,Twelve Steps; Twelve Traditions; Public Information,2019,284938,278.3 KB,2021-12-02,https://www.aa.org/press-releases,Press Releases,1,www.aa.org,ok
2339,"Abril 30, 2022",https://www.aa.org/sites/default/files/literature/sp_pr_0522.pdf,sp_pr_0522.pdf,,,,Public Information,Carrying the Message,Spanish,Public Information,2022,369948,361.3 KB,2022-05-02,https://www.aa.org/es/press-media,Prensa y medios de comunicación,2,www.aa.org,ok
2340,Alcoholics Anonymous in the U.S. and Canada Welcomes New Board Chairperson,https://www.aa.org/sites/default/files/literature/Alcoholics%20Anonymous%20%3A%20Alcoholics%20Anonymous%20in%20the%20U.S.%20and%20Canada%20Welcomes%20New%20Board%20Chairperson.pdf,Alcoholics%20Anonymous%20%3A%20Alcoholics%20Anonymous%20in%20the%20U.S.%20and%20Canada%20Welcomes%20New%20Board%20Chairperson.pdf,,,,Public Information,Carrying the Message,English,Public Information,,292080,285.2 KB,2021-11-09,https://www.aa.org/press-releases,Press Releases,1,www.aa.org,ok
2341,"Alcoholics Anonymous shares new video: ""Young & Sober in A.A.: From Drinking to Recovery""",https://www.aa.org/sites/default/files/literature/en_pr_20200219.pdf,en_pr_20200219.pdf,,,,Public Information,Carrying the Message,English,Public Information; Young People; Sobriety; Audio / Video,2020,189820,185.4 KB,2021-12-02,https://www.aa.org/press-releases,Press Releases,1,www.aa.org,ok
2342,Alcoholics Anonymous: Concerned About a Drinking Problem?,https://www.aa.org/sites/default/files/literature/Alcoholics%20Anonymous%20%3A%20Alcoholics%20Anonymous%3A%20Concerned%20About%20a%20Drinking%20Problem%3F.pdf,Alcoholics%20Anonymous%20%3A%20Alcoholics%20Anonymous%3A%20Concerned%20About%20a%20Drinking%20Problem%3F.pdf,,,,Public Information,Carrying the Message,English,Public Information,,64491,63.0 KB,2021-11-09,https://www.aa.org/press-releases,Press Releases,1,www.aa.org,ok
2343,Alcohólicos Anónimos comparte un nuevo video: “Joven y sobrio en A.A.: de la bebida a la recuperación”,https://www.aa.org/sites/default/files/literature/sp_pr_20200219.pdf,sp_pr_20200219.pdf,,,,Public Information,Carrying the Message,Spanish,Public Information; Audio / Video,2020,561395,548.2 KB,2021-12-02,https://www.aa.org/es/press-releases,Notas de prensa,1,www.aa.org,ok
2344,Alcohólicos Anónimos: ¿Está Preocupado Con Su Forma de Beber?,https://www.aa.org/sites/default/files/literature/Alcoholics%20Anonymous%20%3A%20Alcoh%C3%B3licos%20An%C3%B3nimos%3A%20%C2%BFEst%C3%A1%20Preocupado%20Con%20Su%20Forma%20de%20Beber%3F.pdf,Alcoholics%20Anonymous%20%3A%20Alcoh%C3%B3licos%20An%C3%B3nimos%3A%20%C2%BFEst%C3%A1%20Preocupado%20Con%20Su%20Forma%20de%20Beber%3F.pdf,,,,Public Information,Carrying the Message,Spanish,Public Information; Form / Application,,66599,65.0 KB,2021-11-09,https://www.aa.org/es/press-releases,Notas de prensa,1,www.aa.org,ok
2345,Anonymity Online and Digital Media,https://aaws.widen.net/content/fwcyld3zm7/pdf/smf-197_anonymity_online_and_digital_media.pdf,smf-197_anonymity_online_and_digital_media.pdf,SMF-197,SMF-197,Service Material,Public Information,Carrying the Message,English,Anonymity; Public Information,,68897,67.3 KB,2024-10-15,https://www.aa.org/anonymity-online-and-digital-media,Anonymity Online and Digital Media,2,aaws.widen.net,ok
2346,"April 30, 2022",https://www.aa.org/sites/default/files/literature/en_pr_0522.pdf,en_pr_0522.pdf,,,,Public Information,Carrying the Message,English,Public Information,2022,240241,234.6 KB,2022-05-02,https://www.aa.org/press-media,Press and Media,2,www.aa.org,ok
2347,Attention:,https://www.aa.org/sites/default/files/literature/en_pr_20210421.pdf,en_pr_20210421.pdf,,,,Public Information,Carrying the Message,English,Public Information,2021,64491,63.0 KB,2021-11-30,https://www.aa.org/press-media,Press and Media,1,www.aa.org,ok
2348,"August 15, 2023 Understanding Alcoholics Anonymous and Spirituality",https://www.aa.org/sites/default/files/literature/AA%20and%20Spirituality%20Press%20Release%20-%20EN_0.pdf,AA%20and%20Spirituality%20Press%20Release%20-%20EN_0.pdf,,,,Public Information,Carrying the Message,English,Public Information; Spirituality,2023,39275,38.4 KB,2023-08-15,https://www.aa.org/press-media,Press and Media,2,www.aa.org,ok
2349,"Avril 21, 2021 Les Alcooliques anonymes: Des Inquiétudes Au Sujet D'un Problème De Boisson?",https://www.aa.org/sites/default/files/literature/fr_pr_20210421.pdf,fr_pr_20210421.pdf,,,,Public Information,Carrying the Message,French,Public Information,2021,66995,65.4 KB,2021-11-30,https://www.aa.org/fr/press-media,Presse et Médias,1,www.aa.org,ok
2350,Cahier de presse numérique,https://aaws.widen.net/content/gzloganpud/pdf/digital_press_kit_fr_online.pdf,digital_press_kit_fr_online.pdf,,,,Public Information,Carrying the Message,French,Public Information; Workbook / Kit,,639088,624.1 KB,2026-02-10,https://www.aa.org/fr/cahier-de-presse-numerique,Cahier de presse numérique,2,aaws.widen.net,ok
2351,Carpeta de prensa digital,https://aaws.widen.net/content/5rnnjbtfpn/pdf/digital_press_kit_sp_online.pdf,digital_press_kit_sp_online.pdf,,,,Public Information,Carrying the Message,Spanish,Public Information; Workbook / Kit,,396218,386.9 KB,2026-02-10,https://www.aa.org/es/carpeta-de-prensa-digital,Carpeta de prensa digital,2,aaws.widen.net,ok
2352,Carte de Service de l’IP : L’application Meeting Guide des AA,https://aaws.widen.net/content/6k0zeb3r8e/pdf/service_card_pi_meeting_guide_fr_online.pdf,service_card_pi_meeting_guide_fr_online.pdf,,,,Public Information,Carrying the Message,French,Workbook / Kit; Form / Application,,112462,109.8 KB,2026-02-10,https://www.aa.org/fr/carte-de-service-de-lip-lapplication-meeting-guide-des-aa,Carte de Service de l’IP : L’application Meeting Guide des AA,1,aaws.widen.net,ok
2353,Carte de Service de l’IP : Nous comprenons,https://aaws.widen.net/content/rhqvccwiqc/pdf/service_card_pi_we_get_it_form_fr_online.pdf,service_card_pi_we_get_it_form_fr_online.pdf,,,,Public Information,Carrying the Message,French,Form / Application,,126448,123.5 KB,2026-02-12,https://www.aa.org/fr/carte-de-service-de-lip-nous-comprenons,Carte de Service de l’IP : Nous comprenons,1,aaws.widen.net,ok
2354,Carte de service: Contactez les AA aujourd’hui.,https://aaws.widen.net/content/vhycwjq6y6/pdf/service_card_pi_contact_aa_form_fr_online.pdf,service_card_pi_contact_aa_form_fr_online.pdf,,,,Public Information,Carrying the Message,French,Form / Application,,96811,94.5 KB,2026-02-10,https://www.aa.org/fr/carte-de-service-contactez-les-aa-aujourdhui,Carte de service: Contactez les AA aujourd’hui.,1,aaws.widen.net,ok
2355,Carte de service: Nous sommes là pour aider.,https://aaws.widen.net/content/bfavzzkc9z/pdf/service_card_pi_we_are_here_to_help_form_fr_online.pdf,service_card_pi_we_are_here_to_help_form_fr_online.pdf,,,,Public Information,Carrying the Message,French,Form / Application,,427047,417.0 KB,2026-02-10,https://www.aa.org/fr/carte-de-service-nous-sommes-la-pour-aider,Carte de service: Nous sommes là pour aider.,1,aaws.widen.net,ok
2356,Carte de service: Vous ne pouvez pas arrêter de boire?,https://aaws.widen.net/content/pwco1bhzac/pdf/service_card_pi_cant_stop_drinking_form_fr_online.pdf,service_card_pi_cant_stop_drinking_form_fr_online.pdf,,,,Public Information,Carrying the Message,French,Form / Application,,113748,111.1 KB,2026-02-10,https://www.aa.org/fr/carte-de-service-vous-ne-pouvez-pas-arreter-de-boire,Carte de service: Vous ne pouvez pas arrêter de boire?,1,aaws.widen.net,ok
2357,Cartes de service de l'IP,https://www.aa.org/sites/default/files/literature/pi-service-cards-qr-code-instructions-fr.pdf,pi-service-cards-qr-code-instructions-fr.pdf,,,,Public Information,Carrying the Message,French,,,1194517,1.1 MB,2023-10-10,https://www.aa.org/fr/cartes-de-services-ip,Cartes de service de l'IP,1,www.aa.org,ok
2358,Cartes de service de la CMP et de l’IP,https://aaws.widen.net/content/yjsolpyynq/pdf/service_card_cpc_pi_flyer_fr_online.pdf,service_card_cpc_pi_flyer_fr_online.pdf,,,,Public Information,Carrying the Message,French,Professionals; Flyer / Poster,,113728,111.1 KB,2026-02-10,https://www.aa.org/fr/cartes-de-service-de-la-cmp-et-de-lip,Cartes de service de la CMP et de l’IP,1,aaws.widen.net,ok
2359,Contenido del paquete de Información Pública,https://aaws.widen.net/content/tbahgeoepu/pdf/sf-65_public_information_kit_online.pdf,sf-65_public_information_kit_online.pdf,SF-65,F-65,"Forms, Catalogs & Order Blanks",Public Information,Carrying the Message,Spanish,Public Information; Workbook / Kit; Form / Application,,116304,113.6 KB,2026-02-10,https://www.aa.org/es/contenido-del-paquete-de-informacion-publica,Contenido del paquete de Información Pública,1,aaws.widen.net,ok
2360,Contents of Public Information Kit List,https://aaws.widen.net/content/akjatmvhq8/pdf/f-65-public_information_kit_online.pdf,f-65-public_information_kit_online.pdf,F-65,F-65,"Forms, Catalogs & Order Blanks",Public Information,Carrying the Message,English,Public Information; Workbook / Kit; Form / Application,,118591,115.8 KB,2026-02-10,https://www.aa.org/contents-public-information-kit-list,Contents of Public Information Kit List,1,aaws.widen.net,ok
2361,Contenu de la pochette de l'Information publique,https://aaws.widen.net/content/zywlrgi7lc/pdf/ff-65-public_information_kit_digital_online.pdf,ff-65-public_information_kit_digital_online.pdf,FF-65,F-65,"Forms, Catalogs & Order Blanks",Public Information,Carrying the Message,French,Public Information; Workbook / Kit; Form / Application,,97156,94.9 KB,2026-02-10,https://www.aa.org/fr/contenu-de-la-pochette-de-linformation-publique,Contenu de la pochette de l'Information publique,1,aaws.widen.net,ok
2362,CPC/Public Information Service Cards,https://aaws.widen.net/content/fua355ud8i/pdf/service_card_cpc_pi_flyer_en_online.pdf,service_card_cpc_pi_flyer_en_online.pdf,,,,Public Information,Carrying the Message,English,Public Information; Professionals; Flyer / Poster; Form / Application,,126825,123.9 KB,2026-02-10,https://www.aa.org/cpcpublic-information-service-cards,CPC/Public Information Service Cards,1,aaws.widen.net,ok
2363,Códigos QR,https://www.aa.org/sites/default/files/literature/pi-service-cards-qr-code-instructions-sp.pdf,pi-service-cards-qr-code-instructions-sp.pdf,,,,Public Information,Carrying the Message,Spanish,,,1223957,1.2 MB,2023-10-10,https://www.aa.org/es/tarjetas-de-servicio-de-ip,Tarjetas de servicio de IP,1,www.aa.org,ok
2364,Digital Press Kit,https://aaws.widen.net/content/iovnqa537h/pdf/digital_press_kit_en_online.pdf,digital_press_kit_en_online.pdf,,,,Public Information,Carrying the Message,English,Public Information; Workbook / Kit,,421875,412.0 KB,2026-02-10,https://www.aa.org/digital-press-kit,Digital Press Kit,1,aaws.widen.net,ok
2365,Dépliant sur l’inscription au Congrès de 2025,https://www.aa.org/sites/default/files/2025-04/2025ICFlyer_registration_fr.pdf,2025ICFlyer_registration_fr.pdf,,,,Public Information,Carrying the Message,French,Public Information; Flyer / Poster,2025,1708326,1.6 MB,2025-04-16,https://www.aa.org/fr/pressrelease-041625,"Les Alcooliques anonymes célèbreront 90 ans de rétablissement lors du Congrès international de 2025 à Vancouver, au Canada, du 3 au 6 juillet",1,www.aa.org,ok
2366,El Anonimato en Línea y Los Medios Digitales,https://aaws.widen.net/content/nxyrzq8kjz/pdf/smfs-197_anonymity_online_and_digital_media.pdf,smfs-197_anonymity_online_and_digital_media.pdf,SMFS-197,SMF-197,Service Material,Public Information,Carrying the Message,Spanish,Anonymity; Public Information,,73053,71.3 KB,2024-10-15,https://www.aa.org/es/el-anonimato-en-linea,El Anonimato en Línea y Los Medios Digitales,2,aaws.widen.net,ok
2367,"February 1, 2023",https://www.aa.org/sites/default/files/literature/Open%20Mtgs%20Press%20Release%20-%20FR_0.pdf,Open%20Mtgs%20Press%20Release%20-%20FR_0.pdf,,,,Public Information,Carrying the Message,French,Public Information,2023,36767,35.9 KB,2023-02-02,https://www.aa.org/fr/press-media,Presse et Médias,2,www.aa.org,ok
2368,"February 1, 2023 Open Meetings of Alcoholics Anonymous Welcome Everyone to the Fellowship",https://www.aa.org/sites/default/files/literature/Open%20Mtgs%20Press%20Release%20-%20EN_0.pdf,Open%20Mtgs%20Press%20Release%20-%20EN_0.pdf,,,,Public Information,Carrying the Message,English,Public Information,2023,35434,34.6 KB,2023-02-02,https://www.aa.org/press-media,Press and Media,2,www.aa.org,ok
2369,Guías de AA: Información Pública,https://aaws.widen.net/content/ba97o6vbxl/pdf/smg-7_public_information_online.pdf,smg-7_public_information_online.pdf,SMG-7,MG-7,A.A. Guidelines,Public Information,Carrying the Message,Spanish,Public Information; Form / Application,,61577,60.1 KB,2024-12-11,https://www.aa.org/es/guias-de-aa-informacion-publica,Guías de AA: Información Pública,2,aaws.widen.net,ok
2370,"January 17, 2024 Alcoholics Anonymous Membership Survey results released",https://www.aa.org/sites/default/files/literature/2022%20Membership%20Survey%20Press%20Release%20-%20EN.pdf,2022%20Membership%20Survey%20Press%20Release%20-%20EN.pdf,,,,Public Information,Carrying the Message,English,Public Information; Survey Data,2024,115756,113.0 KB,2024-01-17,https://www.aa.org/press-media,Press and Media,2,www.aa.org,ok
2371,"Juin 8, 2021",https://www.aa.org/sites/default/files/literature/fr_pr_20210608.pdf,fr_pr_20210608.pdf,,,,Public Information,Carrying the Message,French,Public Information,2021,294936,288.0 KB,2021-11-30,https://www.aa.org/fr/press-media,Presse et Médias,1,www.aa.org,ok
2372,"July 7, 2022 LGBTQ+ individuals find help and hope in Alcoholics Anonymous",https://www.aa.org/sites/default/files/literature/Final%20LGBTQ%20Press%20Release%20-%20EN_0.pdf,Final%20LGBTQ%20Press%20Release%20-%20EN_0.pdf,,,,Public Information,Carrying the Message,English,Public Information; LGBTQ+,2022,59652,58.3 KB,2022-07-07,https://www.aa.org/press-media,Press and Media,2,www.aa.org,ok
2373,"Junio 8, 2021",https://www.aa.org/sites/default/files/literature/sp_pr_20210608.pdf,sp_pr_20210608.pdf,,,,Public Information,Carrying the Message,Spanish,Public Information,2021,298454,291.5 KB,2021-11-30,https://www.aa.org/es/press-media,Prensa y medios de comunicación,2,www.aa.org,ok
2374,La distance physique et le rapprochement numérique – Les Alcooliques anonymes continuent de transmettre le message pendant la pandémie de Coronavirus (COVID-19),https://www.aa.org/sites/default/files/literature/Alcoholics%20Anonymous%20%3A%20La%20distance%20physique%20et%20le%20rapprochement%20num%C3%A9rique%20%E2%80%93%20Les%20Alcooliques%20anonymes%20continuent%20de%20transmettre%20le%20message%20pendant%20la%20pand%C3%A9mie%20de%20Coronavirus%20%28COVID-19%29.pdf,Alcoholics%20Anonymous%20%3A%20La%20distance%20physique%20et%20le%20rapprochement%20num%C3%A9rique%20%E2%80%93%20Les%20Alcooliques%20anonymes%20continuent%20de%20transmettre%20le%20message%20pendant%20la%20pand%C3%A9mie%20de%20Coronavirus%20%28COVID-19%29.pdf,,,,Public Information,Carrying the Message,French,Public Information,,134549,131.4 KB,2021-11-09,https://www.aa.org/fr/press-releases,Communiqués de presse,1,www.aa.org,ok
2375,Les AA publient Les Douze Étapes et les Douze Traditions en LSA :,https://www.aa.org/sites/default/files/literature/fr_pr_20191212.pdf,fr_pr_20191212.pdf,,,,Public Information,Carrying the Message,French,Twelve Traditions; Public Information,2019,287979,281.2 KB,2021-12-02,https://www.aa.org/fr/press-releases,Communiqués de presse,1,www.aa.org,ok
2376,Les Alcooliques anonymes des É.-U. et du Canada accueillent une nouvelle présidente du Conseil,https://www.aa.org/sites/default/files/literature/Alcoholics%20Anonymous%20%3A%20Les%20Alcooliques%20anonymes%20des%20%C3%89.-U.%20et%20du%20Canada%20accueillent%20une%20nouvelle%20pr%C3%A9sidente%20du%20Conseil.pdf,Alcoholics%20Anonymous%20%3A%20Les%20Alcooliques%20anonymes%20des%20%C3%89.-U.%20et%20du%20Canada%20accueillent%20une%20nouvelle%20pr%C3%A9sidente%20du%20Conseil.pdf,,,,Public Information,Carrying the Message,French,Public Information,,294936,288.0 KB,2021-11-09,https://www.aa.org/fr/press-releases,Communiqués de presse,1,www.aa.org,ok
2377,Les Alcooliques anonymes partagent une nouvelle vidéo: « Jeune et abstinent chez les AA : de la boisson au rétablissement »,https://www.aa.org/sites/default/files/literature/fr_pr_20200219.pdf,fr_pr_20200219.pdf,,,,Public Information,Carrying the Message,French,Public Information,2020,924191,902.5 KB,2021-12-02,https://www.aa.org/fr/press-releases,Communiqués de presse,1,www.aa.org,ok
2378,Les Alcooliques anonymes: Des Inquiétudes Au Sujet D'un Problème De Boisson?,https://www.aa.org/sites/default/files/literature/Alcoholics%20Anonymous%20%3A%20Les%20Alcooliques%20anonymes%3A%20Des%20Inqui%C3%A9tudes%20Au%20Sujet%20D%27un%20Probl%C3%A8me%20De%20Boisson%3F.pdf,Alcoholics%20Anonymous%20%3A%20Les%20Alcooliques%20anonymes%3A%20Des%20Inqui%C3%A9tudes%20Au%20Sujet%20D%27un%20Probl%C3%A8me%20De%20Boisson%3F.pdf,,,,Public Information,Carrying the Message,French,Public Information,,66995,65.4 KB,2021-11-09,https://www.aa.org/fr/press-releases,Communiqués de presse,1,www.aa.org,ok
2379,Les groupes des AA utilisent les plateformes numériques pour trouver la sobriété pendant la pandémie du coronavirus (COVID-19),https://www.aa.org/sites/default/files/literature/fr_pr_20200323.pdf,fr_pr_20200323.pdf,,,,Public Information,Carrying the Message,French,Public Information; Form / Application,2020,256980,251.0 KB,2021-12-02,https://www.aa.org/fr/press-releases,Communiqués de presse,1,www.aa.org,ok
2380,Libro de Trabajo de Información Pública,https://aaws.widen.net/content/wfibsdfvwp/pdf/sm-27i_public_information_workbook_online.pdf,sm-27i_public_information_workbook_online.pdf,SM-27I,SM-27I,Service Material,Public Information,Carrying the Message,Spanish,Public Information; Workbook / Kit; Form / Application,,137897,134.7 KB,2024-09-24,https://www.aa.org/es/libro-de-trabajo-de-informacion-publica,Libro de Trabajo de Información Pública,1,aaws.widen.net,ok
2381,Ligne de conduite des AA sur les Information publique,https://aaws.widen.net/content/by0uu8pj8k/pdf/fmg-7_public_information_online.pdf,fmg-7_public_information_online.pdf,FMG-7,MG-7,A.A. Guidelines,Public Information,Carrying the Message,French,Public Information; Form / Application,,70139,68.5 KB,2026-07-27,https://www.aa.org/fr/ligne-de-conduite-des-aa-sur-les-information-publique,Ligne de conduite des AA sur les Information publique,1,aaws.widen.net,ok
2382,Los grupos de A.A. utilizan plataformas digitales para encontrar la sobriedad durante el brote de coronovirus (COVID-19),https://www.aa.org/sites/default/files/literature/sp_pr_20200323.pdf,sp_pr_20200323.pdf,,,,Public Information,Carrying the Message,Spanish,Public Information; Form / Application,2020,259120,253.0 KB,2021-12-02,https://www.aa.org/es/press-releases,Notas de prensa,1,www.aa.org,ok
2383,L’anonymat en Ligne et les Médias Numériques,https://aaws.widen.net/content/skvxvdcinc/pdf/smff-197_anonymity_online_and_digital_media.pdf,smff-197_anonymity_online_and_digital_media.pdf,SMFF-197,SMF-197,Service Material,Public Information,Carrying the Message,French,Anonymity; Public Information,,95468,93.2 KB,2024-10-15,https://www.aa.org/fr/lanonymat-en-ligne,L’anonymat en Ligne et les Médias Numériques,2,aaws.widen.net,ok
2384,Manuel de l'Information publique,https://aaws.widen.net/content/b36pwf0cga/pdf/fm-27i_public_information_workbook_online.pdf,fm-27i_public_information_workbook_online.pdf,,,,Public Information,Carrying the Message,French,Public Information; Workbook / Kit; Form / Application,,144782,141.4 KB,2026-03-10,https://www.aa.org/fr/manuel-de-linformation-publique,Manuel de l'Information publique,1,aaws.widen.net,ok
2385,"November 7, 2024 Alcoholics Anonymous Announces the Release of the Plain Language Big Book",https://www.aa.org/sites/default/files/literature/PLBB%20Press%20Release_EN.pdf,PLBB%20Press%20Release_EN.pdf,,,,Public Information,Carrying the Message,English,Public Information; Flyer / Poster,2024,354532,346.2 KB,2024-11-07,https://www.aa.org/press-media,Press and Media,1,www.aa.org,ok
2386,"October 1, 2021",https://www.aa.org/sites/default/files/literature/en_pr_20211001.pdf,en_pr_20211001.pdf,,,,Public Information,Carrying the Message,English,Public Information,2021,469088,458.1 KB,2021-11-29,https://www.aa.org/press-media,Press and Media,2,www.aa.org,ok
2387,"Octobre 1, 2021",https://www.aa.org/sites/default/files/literature/fr_pr_20211001.pdf,fr_pr_20211001.pdf,,,,Public Information,Carrying the Message,French,Public Information,2021,527002,514.7 KB,2021-12-02,https://www.aa.org/fr/press-media,Presse et Médias,2,www.aa.org,ok
2388,"Octubre 1, 2021",https://www.aa.org/sites/default/files/literature/sp_pr_20211001.pdf,sp_pr_20211001.pdf,,,,Public Information,Carrying the Message,Spanish,Public Information,2021,519951,507.8 KB,2021-12-02,https://www.aa.org/es/press-media,Prensa y medios de comunicación,2,www.aa.org,ok
2389,PARA DISTRIBUCIÓN INMEDIATA,https://www.aa.org/sites/default/files/literature/sp_pr_20210421.pdf,sp_pr_20210421.pdf,,,,Public Information,Carrying the Message,Spanish,Public Information,2021,66599,65.0 KB,2021-11-30,https://www.aa.org/es/press-media,Prensa y medios de comunicación,1,www.aa.org,ok
2390,PARA SU PUBLICACIÓN INMEDIATA,https://www.aa.org/sites/default/files/literature/Press%20Release%2010-2022%20-%20SP_0.pdf,Press%20Release%2010-2022%20-%20SP_0.pdf,,,,Public Information,Carrying the Message,Spanish,Public Information,2022,60712,59.3 KB,2022-10-20,https://www.aa.org/es/press-media,Prensa y medios de comunicación,2,www.aa.org,ok
2391,Physically Distanced but Digitally Connected The Alcoholics Anonymous Message Carries On Amid Coronavirus (COVID-19),https://www.aa.org/sites/default/files/literature/Alcoholics%20Anonymous%20%3A%20Physically%20Distanced%20but%20Digitally%20ConnectedThe%20Alcoholics%20Anonymous%20Message%20Carries%20On%20Amid%20Coronavirus%20%28COVID-19%29.pdf,Alcoholics%20Anonymous%20%3A%20Physically%20Distanced%20but%20Digitally%20ConnectedThe%20Alcoholics%20Anonymous%20Message%20Carries%20On%20Amid%20Coronavirus%20%28COVID-19%29.pdf,,,,Public Information,Carrying the Message,English,Public Information,,131569,128.5 KB,2021-11-09,https://www.aa.org/press-releases,Press Releases,1,www.aa.org,ok
2392,PI Service Card: Can't Stop Drinking?,https://aaws.widen.net/content/wlic8tcvje/pdf/service_card_pi_cant_stop_drinking_form_en_online.pdf,service_card_pi_cant_stop_drinking_form_en_online.pdf,,,,Public Information,Carrying the Message,English,Form / Application,,105371,102.9 KB,2026-02-10,https://www.aa.org/pi-service-card-cant-stop-drinking,PI Service Card: Can't Stop Drinking?,2,aaws.widen.net,ok
2393,PI Service Card: Contact A.A. Today.,https://aaws.widen.net/content/r3d4auyzdq/pdf/service_card_pi_contact_aa_form_en_online.pdf,service_card_pi_contact_aa_form_en_online.pdf,,,,Public Information,Carrying the Message,English,Form / Application,,89826,87.7 KB,2026-02-10,https://www.aa.org/pi-service-card-contact-aa-today,PI Service Card: Contact A.A. Today.,1,aaws.widen.net,ok
2394,PI Service Card: Meeting Guide App.,https://aaws.widen.net/content/2g2zj6iyqk/pdf/service_card_pi_meeting_guide_en_online.pdf,service_card_pi_meeting_guide_en_online.pdf,,,,Public Information,Carrying the Message,English,Workbook / Kit,,89470,87.4 KB,2026-02-10,https://www.aa.org/pi-service-card-meeting-guide-app,PI Service Card: Meeting Guide App.,1,aaws.widen.net,ok
2395,PI Service Card: We Get It.,https://aaws.widen.net/content/78fxzf5tub/pdf/service_card_pi_we_get_it_form_en_online.pdf,service_card_pi_we_get_it_form_en_online.pdf,,,,Public Information,Carrying the Message,English,Form / Application,,118411,115.6 KB,2026-09-09,https://www.aa.org/pi-service-card-we-get-it,PI Service Card: We Get It.,1,aaws.widen.net,ok
2396,PI Service Card: We're Here To Help.,https://aaws.widen.net/content/iuwa1mjqth/pdf/service_card_pi_we_are_here_to_help_form_en_online.pdf,service_card_pi_we_are_here_to_help_form_en_online.pdf,,,,Public Information,Carrying the Message,English,Form / Application,,412928,403.2 KB,2026-02-10,https://www.aa.org/pi-service-card-were-here-help,PI Service Card: We're Here To Help.,1,aaws.widen.net,ok
2397,"Pour la première fois de son histoire, la Réunion Mondiale des Services des Alcooliques anonymes a eu lieu en ligne",https://www.aa.org/sites/default/files/literature/Alcoholics%20Anonymous%20%3A%20Pour%20la%20premi%C3%A8re%20fois%20de%20son%20histoire%2C%20la%20R%C3%A9union%20Mondiale%20des%20Services%20des%20Alcooliques%20anonymes%20a%20eu%20lieu%20en%20ligne.pdf,Alcoholics%20Anonymous%20%3A%20Pour%20la%20premi%C3%A8re%20fois%20de%20son%20histoire%2C%20la%20R%C3%A9union%20Mondiale%20des%20Services%20des%20Alcooliques%20anonymes%20a%20eu%20lieu%20en%20ligne.pdf,,,,Public Information,Carrying the Message,French,Public Information,,116510,113.8 KB,2021-11-09,https://www.aa.org/fr/press-releases,Communiqués de presse,1,www.aa.org,ok
2398,Press and Media,https://www.aa.org/sites/default/files/literature/Press%20Release%2010-2022%20-%20EN.pdf,Press%20Release%2010-2022%20-%20EN.pdf,,,,Public Information,Carrying the Message,English,Public Information,2022,61278,59.8 KB,2022-10-20,https://www.aa.org/press-media,Press and Media,2,www.aa.org,ok
2399,Public Information Suggestions for Local P.I. Activity,https://aaws.widen.net/content/yovjelua6f/pdf/smf-32_public_information.pdf,smf-32_public_information.pdf,SMF-32,SMF-32,Service Material,Public Information,Carrying the Message,English,Public Information; Form / Application,,63667,62.2 KB,2024-10-16,https://www.aa.org/public-information-suggestions-local-pi-activity,Public Information Suggestions for Local P.I. Activity,1,aaws.widen.net,ok
2400,Public Information Workbook,https://aaws.widen.net/content/5r7bskkrpv/pdf/m-27i_public_information_workbook_online.pdf,m-27i_public_information_workbook_online.pdf,M-27I,M-27I,Displays & Wallet Cards,Public Information,Carrying the Message,English,Public Information; Workbook / Kit; Form / Application,,167249,163.3 KB,2026-03-20,https://www.aa.org/public-information-workbook,Public Information Workbook,1,aaws.widen.net,ok
2401,QR Codes for PI Service Cards,https://www.aa.org/sites/default/files/literature/pi-service-cards-qr-code-instructions.pdf,pi-service-cards-qr-code-instructions.pdf,,,,Public Information,Carrying the Message,English,,,1243918,1.2 MB,2023-10-10,https://www.aa.org/pi-service-cards,PI Service Cards,1,www.aa.org,ok
2402,"September 6, 2024",https://www.aa.org/sites/default/files/literature/MilitaryAudio_PR_EN.pdf,MilitaryAudio_PR_EN.pdf,,,,Public Information,Carrying the Message,English,Public Information; Military; Audio / Video,2024,281118,274.5 KB,2024-09-24,https://www.aa.org/press-media,Press and Media,2,www.aa.org,ok
2403,Sugerencias para Actividad local de Información Publica,https://aaws.widen.net/content/lvpsn1gb8z/pdf/smfs-32_public_information.pdf,smfs-32_public_information.pdf,SMFS-32,SMF-32,Service Material,Public Information,Carrying the Message,Spanish,Public Information; Form / Application,,67921,66.3 KB,2024-10-16,https://www.aa.org/es/sugerencias-para-actividad-local-de-informacion-publica,Sugerencias para Actividad local de Información Publica,1,aaws.widen.net,ok
2404,Suggestions d'activités d'IP au plan local,https://aaws.widen.net/content/1bu6lpswgl/pdf/smff-32_public_information.pdf,smff-32_public_information.pdf,SMFF-32,SMF-32,Service Material,Public Information,Carrying the Message,French,Public Information; Form / Application,,99797,97.5 KB,2024-10-16,https://www.aa.org/fr/suggestions-dactivites-dip-au-plan-local,Suggestions d'activités d'IP au plan local,1,aaws.widen.net,ok
2405,Tarjeta de servicio de IP: La aplicación Meeting Guide,https://aaws.widen.net/content/uezjk3xucz/pdf/service_card_pi_meeting_guide_sp_online.pdf,service_card_pi_meeting_guide_sp_online.pdf,,,,Public Information,Carrying the Message,Spanish,Workbook / Kit,,111989,109.4 KB,2026-02-10,https://www.aa.org/es/tarjeta-de-servicio-de-ip-la-aplicacion-meeting-guide,Tarjeta de servicio de IP: La aplicación Meeting Guide,1,aaws.widen.net,ok
2406,Tarjeta de servicio de IP: Te entendemos.,https://aaws.widen.net/content/6hswcaiqdt/pdf/service_card_pi_we_get_it_form_sp_online.pdf,service_card_pi_we_get_it_form_sp_online.pdf,,,,Public Information,Carrying the Message,Spanish,Form / Application,,107796,105.3 KB,2026-02-12,https://www.aa.org/es/tarjeta-de-servicio-de-ip-te-entendemos,Tarjeta de servicio de IP: Te entendemos.,1,aaws.widen.net,ok
2407,Tarjeta de servicio: Entre en contacto con AA hoy mismo.,https://aaws.widen.net/content/tubfr6edh1/pdf/service_card_pi_contact_aa_form_sp_online.pdf,service_card_pi_contact_aa_form_sp_online.pdf,,,,Public Information,Carrying the Message,Spanish,Form / Application,,84913,82.9 KB,2026-02-10,https://www.aa.org/es/tarjeta-de-servicio-entre-en-contacto-con-aa-hoy-mismo,Tarjeta de servicio: Entre en contacto con AA hoy mismo.,1,aaws.widen.net,ok
2408,Tarjeta de servicio: Estamos aquí para ayudarte.,https://aaws.widen.net/content/dqcrmskawb/pdf/service_card_pi_we_are_here_to_help_form_sp_online.pdf,service_card_pi_we_are_here_to_help_form_sp_online.pdf,,,,Public Information,Carrying the Message,Spanish,Form / Application,,409936,400.3 KB,2026-02-10,https://www.aa.org/es/tarjeta-de-servicio-estamos-aqui-para-ayudarte,Tarjeta de servicio: Estamos aquí para ayudarte.,1,aaws.widen.net,ok
2409,Tarjeta de servicio: ¿No puedes dejar de beber?,https://aaws.widen.net/content/e6ap5q98u4/pdf/service_card_pi_cant_stop_drinking_form_sp_online.pdf,service_card_pi_cant_stop_drinking_form_sp_online.pdf,,,,Public Information,Carrying the Message,Spanish,Form / Application,,93823,91.6 KB,2026-02-10,https://www.aa.org/es/tarjeta-de-servicio-no-puedes-dejar-de-beber,Tarjeta de servicio: ¿No puedes dejar de beber?,2,aaws.widen.net,ok
2410,Tarjetas de servicio de CCP/IP,https://aaws.widen.net/content/vqon6wwkvl/pdf/service_card_cpc_pi_flyer_sp_online.pdf,service_card_cpc_pi_flyer_sp_online.pdf,,,,Public Information,Carrying the Message,Spanish,Professionals; Flyer / Poster,,113983,111.3 KB,2026-02-10,https://www.aa.org/es/tarjetas-de-servicio-de-ccpip,Tarjetas de servicio de CCP/IP,1,aaws.widen.net,ok
2411,Volante de inscripción a la convención 2025,https://www.aa.org/sites/default/files/2025-04/2025ICFlyer_registration_sp.pdf,2025ICFlyer_registration_sp.pdf,,,,Public Information,Carrying the Message,Spanish,Public Information; Flyer / Poster,2025,1713674,1.6 MB,2025-04-16,https://www.aa.org/es/pressrelease-041625,"Alcohólicos Anónimos celebrará 90 años de recuperación en la Convención Internacional de 2025 en Vancouver, Canadá, del 3 al 6 de julio",1,www.aa.org,ok
2412,2022 Forum Territorial du Pacifique Rapport Final,https://www.aa.org/sites/default/files/literature/2022_PRF_final_report_fr.pdf,2022_PRF_final_report_fr.pdf,,,,Regional Forums,Conference & Events,French,Regional Forum; Report,2022,257366,251.3 KB,2024-01-02,https://www.aa.org/fr/2022-forum-territorial-du-pacifique-rapport-final,2022 Forum Territorial du Pacifique Rapport Final,1,www.aa.org,ok
2413,2022 Forum Territorial du Sud-Est Rapport Final,https://www.aa.org/sites/default/files/literature/2022_SERF_final_report_fr_1.pdf,2022_SERF_final_report_fr_1.pdf,,,,Regional Forums,Conference & Events,French,Regional Forum; Report,2022,195503,190.9 KB,2024-01-18,https://www.aa.org/fr/2022-forum-territorial-du-sud-est-rapport-final,2022 Forum Territorial du Sud-Est Rapport Final,1,www.aa.org,ok
2414,2024 Forum Territorial du Est du Canada Rapport Final,https://aaws.widen.net/content/4d4achfktp/pdf/east_canada_rf_final_report_fr.pdf,east_canada_rf_final_report_fr.pdf,,,,Regional Forums,Conference & Events,French,Regional Forum; Report,2024,189275,184.8 KB,2026-03-10,https://www.aa.org/fr/2024-forum-territorial-du-est-du-canada-rapport-final,2024 Forum Territorial du Est du Canada Rapport Final,1,aaws.widen.net,ok
2415,2024 Informe Final Foro Regional del Pacifico,https://aaws.widen.net/content/axjsqgpfjm/pdf/pacific_rf_final_report_sp.pdf,pacific_rf_final_report_sp.pdf,,,,Regional Forums,Conference & Events,Spanish,Report; Form / Application,2024,207048,202.2 KB,2025-04-16,https://www.aa.org/es/2024-informe-final-foro-regional-del-pacifico,2024 Informe Final Foro Regional del Pacifico,1,aaws.widen.net,ok
2416,Asista a un foro regional,https://www.aa.org/sites/default/files/literature/sp-2026-rf-letter-from-board-chair.pdf,sp-2026-rf-letter-from-board-chair.pdf,,,,Regional Forums,Conference & Events,Spanish,,2026,512304,500.3 KB,2026-05-28,https://www.aa.org/es/node/9951,"Clone of Foros regionales, locales y especiales",3,www.aa.org,ok
2417,Box 459 - Participation in American Sign Language Takes Regional Forums to a New Level,https://www.aa.org/sites/default/files/newsletters/en_box459_holiday17.pdf,en_box459_holiday17.pdf,,,,Regional Forums,Conference & Events,English,Regional Forum; Newsletter,,1802283,1.7 MB,2021-07-15,https://www.aa.org/box-459,Box 459,1,www.aa.org,ok
2418,Box 459 - Service and Unity Flourish as Fruits Of Regional Forums,https://www.aa.org/sites/default/files/newsletters/en_box459_feb-mar84.pdf,en_box459_feb-mar84.pdf,,,,Regional Forums,Conference & Events,English,Regional Forum; Newsletter,,1332955,1.3 MB,2021-07-15,https://www.aa.org/box-459,Box 459,1,www.aa.org,ok
2419,Carta de invitación a los foros regionales de 2024 del presidente de nuestra Junta de Servicios Generales,https://www.aa.org/sites/default/files/literature/sp-2025-rf-letter-from-board-chair-0825.pdf,sp-2025-rf-letter-from-board-chair-0825.pdf,,,,Regional Forums,Conference & Events,Spanish,,2025,171613,167.6 KB,2025-07-29,https://www.aa.org/es/carta-de-invitacion-los-foros-regionales-de-2024-del-presidente-de-nuestra-junta-de-servicios,Carta de invitación a los foros regionales de 2024 del presidente de nuestra Junta de Servicios Generales,1,www.aa.org,ok
2420,Ejemplo De La Agenda De Un Foro Regional Aquí,https://www.aa.org/sites/default/files/literature/regional-forum-sample-program-sp.pdf,regional-forum-sample-program-sp.pdf,,,,Regional Forums,Conference & Events,Spanish,Regional Forum,,186988,182.6 KB,2026-04-24,https://www.aa.org/es/regional-and-local-forums,"Foros regionales, locales y especiales",3,www.aa.org,ok
2421,exemple d'ordre du jour d’un Forum territorial ici,https://www.aa.org/sites/default/files/literature/regional-forum-sample-program-fr.pdf,regional-forum-sample-program-fr.pdf,,,,Regional Forums,Conference & Events,French,Regional Forum,,153230,149.6 KB,2026-04-24,https://www.aa.org/fr/regional-and-local-forums,"Forums territoriaux, locaux et spéciaux",3,www.aa.org,ok
2422,Feuillet,https://www.aa.org/sites/default/files/literature/FR-2026-Pacific-RF-Flyer-3.pdf,FR-2026-Pacific-RF-Flyer-3.pdf,,,,Regional Forums,Conference & Events,French,Regional Forum; Flyer / Poster,2026,108791,106.2 KB,2026-06-08,https://www.aa.org/fr/node/9951,"Clone of Forums territoriaux, locaux et spéciaux",4,www.aa.org,ok
2423,Feuillet,https://www.aa.org/sites/default/files/literature/FR-2026-Southeast-RF-Flyer-072426.pdf,FR-2026-Southeast-RF-Flyer-072426.pdf,,,,Regional Forums,Conference & Events,French,Regional Forum; Flyer / Poster,2026,112131,109.5 KB,2026-07-24,https://www.aa.org/fr/node/9951,"Clone of Forums territoriaux, locaux et spéciaux",4,www.aa.org,ok
2424,Flyer,https://www.aa.org/sites/default/files/literature/2026-Pacific-RF-Flyer-3.pdf,2026-Pacific-RF-Flyer-3.pdf,,,,Regional Forums,Conference & Events,English,Regional Forum; Flyer / Poster,2026,102886,100.5 KB,2026-06-08,https://www.aa.org/event/2026-pacific-regional-forum,2026 Pacific Regional Forum,3,www.aa.org,ok
2425,Flyer,https://www.aa.org/sites/default/files/literature/EN-2026-Southeast-RF-Flyer-072426.pdf,EN-2026-Southeast-RF-Flyer-072426.pdf,,,,Regional Forums,Conference & Events,English,Regional Forum; Flyer / Poster,2026,109675,107.1 KB,2026-07-24,https://www.aa.org/event/2026-southeast-regional-forum,2026 Southeast Regional Forum,3,www.aa.org,ok
2426,Foro Oeste De Canadá 2022,https://www.aa.org/sites/default/files/literature/Western%20Canada%20Regional%20Forum%20Final%20Report%20SP_0.pdf,Western%20Canada%20Regional%20Forum%20Final%20Report%20SP_0.pdf,,,,Regional Forums,Conference & Events,Spanish,Regional Forum; Report,2022,181655,177.4 KB,2023-03-03,https://www.aa.org/es/foro-oeste-de-canada-2022,Foro Oeste De Canadá 2022,1,www.aa.org,ok
2427,Foros Regionales,https://www.aa.org/sp_rf_sampleagenda.pdf,sp_rf_sampleagenda.pdf,,,,Regional Forums,Conference & Events,Spanish,,,89787,87.7 KB,2021-09-17,https://www.aa.org/es/node/9951,"Clone of Foros regionales, locales y especiales",3,www.aa.org,ok
2428,Forum de l'Ouest Du Canada 2022,https://www.aa.org/sites/default/files/literature/Western%20Canada%20Regional%20Forum%20Final%20Report%20FR_1.pdf,Western%20Canada%20Regional%20Forum%20Final%20Report%20FR_1.pdf,,,,Regional Forums,Conference & Events,French,Regional Forum; Report,2022,309840,302.6 KB,2023-03-03,https://www.aa.org/fr/forum-de-louest-du-canada-2022,Forum de l'Ouest Du Canada 2022,1,www.aa.org,ok
2429,Forum Est du Canada 2022,https://www.aa.org/sites/default/files/literature/Eastern%20Canada%20Regional%20Forum%20Final%20Report%202022%20FR.pdf,Eastern%20Canada%20Regional%20Forum%20Final%20Report%202022%20FR.pdf,,,,Regional Forums,Conference & Events,French,Regional Forum; Report,2022,295999,289.1 KB,2023-03-03,https://www.aa.org/fr/forum-est-du-canada-2022,Forum Est du Canada 2022,1,www.aa.org,ok
2430,Forums territoriaux,https://www.aa.org/sites/default/files/literature/fr_rf_sampleagenda.pdf,fr_rf_sampleagenda.pdf,,,,Regional Forums,Conference & Events,French,Regional Forum,,99949,97.6 KB,2021-09-17,https://www.aa.org/fr/node/9951,"Clone of Forums territoriaux, locaux et spéciaux",3,www.aa.org,ok
2431,Informe Foro Regional del Centro Este 2017,https://www.aa.org/sites/default/files/literature/sp_rf_EC_finalrep_sept8-10-17-2.pdf,sp_rf_EC_finalrep_sept8-10-17-2.pdf,,,,Regional Forums,Conference & Events,Spanish,Form / Application,2017,1134129,1.1 MB,2021-09-17,https://www.aa.org/es/informe-foro-regional-del-centro-este-2017,Informe Foro Regional del Centro Este 2017,1,www.aa.org,ok
2432,Informe Foro Regional del Centro Oeste 2017,https://www.aa.org/sites/default/files/literature/sp_rf_WC_finalrep_sept8-10-17.pdf,sp_rf_WC_finalrep_sept8-10-17.pdf,,,,Regional Forums,Conference & Events,Spanish,Form / Application,2017,677727,661.8 KB,2021-09-17,https://www.aa.org/es/informe-foro-regional-del-centro-oeste-2017,Informe Foro Regional del Centro Oeste 2017,1,www.aa.org,ok
2433,Informe Foro Regional del Este Central 2019,https://www.aa.org/sites/default/files/literature/sp_rf_EC_finalrep_july12-14-19-2.pdf,sp_rf_EC_finalrep_july12-14-19-2.pdf,,,,Regional Forums,Conference & Events,Spanish,Form / Application,2019,462074,451.2 KB,2021-09-17,https://www.aa.org/es/informe-foro-regional-del-este-central-2019,Informe Foro Regional del Este Central 2019,1,www.aa.org,ok
2434,Informe Foro Regional del Nordeste 2017,https://www.aa.org/sites/default/files/literature/sp_rf_NE_finalrep_june2-4-17.pdf,sp_rf_NE_finalrep_june2-4-17.pdf,,,,Regional Forums,Conference & Events,Spanish,Form / Application,2017,846634,826.8 KB,2021-09-17,https://www.aa.org/es/informe-foro-regional-del-nordeste-2017,Informe Foro Regional del Nordeste 2017,1,www.aa.org,ok
2435,Informe Foro Regional del Nordeste 2019,https://www.aa.org/sites/default/files/literature/sp_rf_NE_finalrep_may31-june2-19.pdf,sp_rf_NE_finalrep_may31-june2-19.pdf,,,,Regional Forums,Conference & Events,Spanish,Form / Application,2019,841057,821.3 KB,2021-09-17,https://www.aa.org/es/informe-foro-regional-del-nordeste-2019,Informe Foro Regional del Nordeste 2019,1,www.aa.org,ok
2436,Informe Foro Regional del Oeste Central 2019,https://www.aa.org/sites/default/files/literature/sp_rf_WC_finalrep_august16-18-19.pdf,sp_rf_WC_finalrep_august16-18-19.pdf,,,,Regional Forums,Conference & Events,Spanish,Form / Application,2019,857925,837.8 KB,2021-09-17,https://www.aa.org/es/informe-foro-regional-del-oeste-central-2019,Informe Foro Regional del Oeste Central 2019,1,www.aa.org,ok
2437,Informe Foro Regional del Pacífico 2016,https://www.aa.org/sites/default/files/literature/sp_rf_finalrep_Pacific-sept30-oct2-16.pdf,sp_rf_finalrep_Pacific-sept30-oct2-16.pdf,,,,Regional Forums,Conference & Events,Spanish,Form / Application,2016,1307608,1.2 MB,2021-09-17,https://www.aa.org/es/informe-foro-regional-del-pacifico-2016,Informe Foro Regional del Pacífico 2016,1,www.aa.org,ok
2438,Informe Foro Regional del Pacífico 2018,https://www.aa.org/sites/default/files/literature/sp_rf_finalrep_Pacific-sept7-9-18.pdf,sp_rf_finalrep_Pacific-sept7-9-18.pdf,,,,Regional Forums,Conference & Events,Spanish,Form / Application,2018,927042,905.3 KB,2021-09-17,https://www.aa.org/es/informe-foro-regional-del-pacifico-2018,Informe Foro Regional del Pacífico 2018,1,www.aa.org,ok
2439,Informe Foro Regional del Sudeste 2016,https://www.aa.org/sites/default/files/literature/sp_rf_finalrep_dec2-4-16.pdf,sp_rf_finalrep_dec2-4-16.pdf,,,,Regional Forums,Conference & Events,Spanish,Form / Application,2016,742140,724.7 KB,2021-09-17,https://www.aa.org/es/informe-foro-regional-del-sudeste-2016,Informe Foro Regional del Sudeste 2016,1,www.aa.org,ok
2440,Informe Foro Regional del Sudeste 2018,https://www.aa.org/sites/default/files/literature/sp_rf_finalrep_nov16-18-18.pdf,sp_rf_finalrep_nov16-18-18.pdf,,,,Regional Forums,Conference & Events,Spanish,Form / Application,2018,798006,779.3 KB,2021-09-17,https://www.aa.org/es/informe-foro-regional-del-sudeste-2018,Informe Foro Regional del Sudeste 2018,1,www.aa.org,ok
2441,Joignez-vous à nous pour un Forum territorial,https://www.aa.org/sites/default/files/literature/fr-2026-rf-letter-from-board-chair.pdf,fr-2026-rf-letter-from-board-chair.pdf,,,,Regional Forums,Conference & Events,French,Regional Forum,2026,360855,352.4 KB,2026-05-28,https://www.aa.org/fr/node/9951,"Clone of Forums territoriaux, locaux et spéciaux",3,www.aa.org,ok
2442,Join US at a Regional Forum,https://www.aa.org/sites/default/files/literature/en-2026-rf-letter-from-board-chair.pdf,en-2026-rf-letter-from-board-chair.pdf,,,,Regional Forums,Conference & Events,English,Regional Forum,2026,358399,350.0 KB,2026-05-28,https://www.aa.org/regional-and-local-forums,"Regional, Local and Special Forums",2,www.aa.org,ok
2443,Lettre d’invitation aux Forums territoriaux de 2024 de la part de votre président du Conseil des Services généraux,https://www.aa.org/sites/default/files/literature/fr-2025-rf-letter-from-board-chair-0825.pdf,fr-2025-rf-letter-from-board-chair-0825.pdf,,,,Regional Forums,Conference & Events,French,Regional Forum,2025,135324,132.2 KB,2025-07-29,https://www.aa.org/fr/lettre-dinvitation-aux-forums-territoriaux-de-2024-de-la-part-de-votre-president-du-conseil-des,Lettre d’invitation aux Forums territoriaux de 2024 de la part de votre président du Conseil des Services généraux,1,www.aa.org,ok
2444,Rapport Forum Territorial de l'Est du Canada 2016,https://www.aa.org/sites/default/files/literature/fr_rf_finalrep_EastCan-july8-10-16.pdf,fr_rf_finalrep_EastCan-july8-10-16.pdf,,,,Regional Forums,Conference & Events,French,Regional Forum,2016,748360,730.8 KB,2021-09-17,https://www.aa.org/fr/rapport-forum-territorial-de-lest-du-canada-2016,Rapport Forum Territorial de l'Est du Canada 2016,1,www.aa.org,ok
2445,Rapport Forum Territorial de l'Est du Canada 2018,https://www.aa.org/sites/default/files/literature/fr_rf_finalrep_EastCan-july20-22-18.pdf,fr_rf_finalrep_EastCan-july20-22-18.pdf,,,,Regional Forums,Conference & Events,French,Regional Forum,2018,456959,446.2 KB,2021-10-07,https://www.aa.org/fr/rapport-forum-territorial-de-lest-du-canada-2018,Rapport Forum Territorial de l'Est du Canada 2018,1,www.aa.org,ok
2446,"Regional Forum ""Additional"" Report 2015 Western Canada",https://www.aa.org/sites/default/files/literature/en_rf_finalrep_aug21-23-15_0.pdf,en_rf_finalrep_aug21-23-15_0.pdf,,,,Regional Forums,Conference & Events,English,Regional Forum; Report,2015,518665,506.5 KB,2021-09-17,https://www.aa.org/regional-forum-additional-report-2015-western-canada,"Regional Forum ""Additional"" Report 2015 Western Canada",1,www.aa.org,ok
2447,Regional Forum Flyer 2024 Eastern Canada,https://www.aa.org/sites/default/files/literature/RF_2024_Eastern_Canada_Flyer_EN_1.pdf,RF_2024_Eastern_Canada_Flyer_EN_1.pdf,,,,Regional Forums,Conference & Events,English,Regional Forum; Flyer / Poster,2024,101308,98.9 KB,2024-06-13,https://www.aa.org/regional-forum-flyer-2024-eastern-canada,Regional Forum Flyer 2024 Eastern Canada,1,www.aa.org,ok
2448,Regional Forum Flyer 2024 Pacific,https://www.aa.org/sites/default/files/literature/RF_2024_Pacific_Flyer_EN.pdf,RF_2024_Pacific_Flyer_EN.pdf,,,,Regional Forums,Conference & Events,English,Regional Forum; Flyer / Poster,2024,54309,53.0 KB,2024-03-28,https://www.aa.org/regional-forum-flyer-2024-pacific,Regional Forum Flyer 2024 Pacific,1,www.aa.org,ok
2449,Regional Forum Flyer 2024 Southeast,https://www.aa.org/sites/default/files/literature/RF_2024_Southeast_Flyer_EN.pdf,RF_2024_Southeast_Flyer_EN.pdf,,,,Regional Forums,Conference & Events,English,Regional Forum; Flyer / Poster,2024,53685,52.4 KB,2024-04-08,https://www.aa.org/regional-forum-flyer-2024-southeast,Regional Forum Flyer 2024 Southeast,1,www.aa.org,ok
2450,Regional Forum Flyer 2024 Western Canada,https://www.aa.org/sites/default/files/literature/RF_2024_Western_Canada_Flyer_EN.pdf,RF_2024_Western_Canada_Flyer_EN.pdf,,,,Regional Forums,Conference & Events,English,Regional Forum; Flyer / Poster,2024,52557,51.3 KB,2024-03-26,https://www.aa.org/regional-forum-flyer-2024-western-canada,Regional Forum Flyer 2024 Western Canada,1,www.aa.org,ok
2451,Regional Forum Poster/Calendar,https://www.aa.org/sites/default/files/literature/EN_2026-2027_Forums_Calendar_Poster.pdf,EN_2026-2027_Forums_Calendar_Poster.pdf,,,,Regional Forums,Conference & Events,English,Regional Forum; Flyer / Poster,2027,149962,146.4 KB,2026-03-05,https://www.aa.org/regional-and-local-forums,"Regional, Local and Special Forums",3,www.aa.org,ok
2452,Regional Forum Report 2015 East Central,https://www.aa.org/sites/default/files/literature/en_rf_finalrep_nov13-15-15-2.pdf,en_rf_finalrep_nov13-15-15-2.pdf,,,,Regional Forums,Conference & Events,English,Regional Forum; Report,2015,507686,495.8 KB,2021-09-17,https://www.aa.org/regional-forum-report-2015-east-central,Regional Forum Report 2015 East Central,1,www.aa.org,ok
2453,Regional Forum Report 2015 Northeast,https://www.aa.org/sites/default/files/literature/en_rf_finalrep_may29-31-15.pdf,en_rf_finalrep_may29-31-15.pdf,,,,Regional Forums,Conference & Events,English,Regional Forum; Report,2015,1209943,1.2 MB,2021-10-06,https://www.aa.org/regional-forum-report-2015-northeast,Regional Forum Report 2015 Northeast,1,www.aa.org,ok
2454,Regional Forum Report 2015 Southwest,https://www.aa.org/sites/default/files/literature/en_rf_finalrep_oct9-11-15.pdf,en_rf_finalrep_oct9-11-15.pdf,,,,Regional Forums,Conference & Events,English,Regional Forum; Report,2015,479600,468.4 KB,2021-09-17,https://www.aa.org/regional-forum-report-2015-southwest,Regional Forum Report 2015 Southwest,1,www.aa.org,ok
2455,Regional Forum Report 2015 West Central,https://www.aa.org/sites/default/files/literature/en_rf_finalrep_aug21-23-15.pdf,en_rf_finalrep_aug21-23-15.pdf,,,,Regional Forums,Conference & Events,English,Regional Forum; Report,2015,518665,506.5 KB,2021-09-17,https://www.aa.org/regional-forum-report-2015-west-central,Regional Forum Report 2015 West Central,1,www.aa.org,ok
2456,Regional Forum Report 2016 Eastern Canada,https://www.aa.org/sites/default/files/literature/en_rf_finalrep_EastCan-july8-10-16.pdf,en_rf_finalrep_EastCan-july8-10-16.pdf,,,,Regional Forums,Conference & Events,English,Regional Forum; Report,2016,631348,616.6 KB,2021-09-17,https://www.aa.org/regional-forum-report-2016-eastern-canada,Regional Forum Report 2016 Eastern Canada,1,www.aa.org,ok
2457,Regional Forum Report 2016 Pacific,https://www.aa.org/sites/default/files/literature/en_rf_finalrep_Pacific-sept30-oct2-16.pdf,en_rf_finalrep_Pacific-sept30-oct2-16.pdf,,,,Regional Forums,Conference & Events,English,Regional Forum; Report,2016,1177057,1.1 MB,2021-09-17,https://www.aa.org/regional-forum-report-2016-pacific,Regional Forum Report 2016 Pacific,1,www.aa.org,ok
2458,Regional Forum Report 2016 Southeast,https://www.aa.org/sites/default/files/literature/en_rf_finalrep_dec2-4-16.pdf,en_rf_finalrep_dec2-4-16.pdf,,,,Regional Forums,Conference & Events,English,Regional Forum; Report,2016,614593,600.2 KB,2021-09-17,https://www.aa.org/regional-forum-report-2016-southeast,Regional Forum Report 2016 Southeast,1,www.aa.org,ok
2459,Regional Forum Report 2016 Western Canada,https://www.aa.org/sites/default/files/literature/en_rf_finalrep_WestCan-aug26-28-16.pdf,en_rf_finalrep_WestCan-aug26-28-16.pdf,,,,Regional Forums,Conference & Events,English,Regional Forum; Report,2016,680234,664.3 KB,2021-09-17,https://www.aa.org/regional-forum-report-2016-western-canada,Regional Forum Report 2016 Western Canada,1,www.aa.org,ok
2460,Regional Forum Report 2017 East Central,https://www.aa.org/sites/default/files/literature/en_rf_EC_finalrep_sept8-10-17_0.pdf,en_rf_EC_finalrep_sept8-10-17_0.pdf,,,,Regional Forums,Conference & Events,English,Regional Forum; Report,2017,1333180,1.3 MB,2021-09-17,https://www.aa.org/regional-forum-report-2017-east-central,Regional Forum Report 2017 East Central,1,www.aa.org,ok
2461,Regional Forum Report 2017 Northeast,https://www.aa.org/sites/default/files/literature/en_rf_NE_finalrep_june2-4-17.pdf,en_rf_NE_finalrep_june2-4-17.pdf,,,,Regional Forums,Conference & Events,English,Regional Forum; Report,2017,1393460,1.3 MB,2021-09-17,https://www.aa.org/regional-forum-report-2017-northeast,Regional Forum Report 2017 Northeast,1,www.aa.org,ok
2462,Regional Forum Report 2017 Southwest,https://www.aa.org/sites/default/files/literature/en_rf_SW_finalrep_oct20-22-17.pdf,en_rf_SW_finalrep_oct20-22-17.pdf,,,,Regional Forums,Conference & Events,English,Regional Forum; Report,2017,963361,940.8 KB,2021-09-17,https://www.aa.org/regional-forum-report-2017-southwest,Regional Forum Report 2017 Southwest,1,www.aa.org,ok
2463,Regional Forum Report 2017 West Central,https://www.aa.org/sites/default/files/literature/en_rf_WC_finalrep_sept8-10-17.pdf,en_rf_WC_finalrep_sept8-10-17.pdf,,,,Regional Forums,Conference & Events,English,Regional Forum; Report,2017,1260012,1.2 MB,2021-09-17,https://www.aa.org/regional-forum-report-2017-west-central,Regional Forum Report 2017 West Central,1,www.aa.org,ok
2464,Regional Forum Report 2018 Eastern Canada,https://www.aa.org/sites/default/files/literature/en_rf_finalrep_EastCan-july20-22-18.pdf,en_rf_finalrep_EastCan-july20-22-18.pdf,,,,Regional Forums,Conference & Events,English,Regional Forum; Report,2018,1394471,1.3 MB,2021-09-17,https://www.aa.org/regional-forum-report-2018-eastern-canada,Regional Forum Report 2018 Eastern Canada,1,www.aa.org,ok
2465,Regional Forum Report 2018 Pacific,https://www.aa.org/sites/default/files/literature/en_rf_finalrep_Pacific-sept7-9-18.pdf,en_rf_finalrep_Pacific-sept7-9-18.pdf,,,,Regional Forums,Conference & Events,English,Regional Forum; Report,2018,852150,832.2 KB,2021-09-17,https://www.aa.org/regional-forum-report-2018-pacific,Regional Forum Report 2018 Pacific,1,www.aa.org,ok
2466,Regional Forum Report 2018 Southeast,https://www.aa.org/sites/default/files/literature/en_rf_finalrep_nov16-18-18.pdf,en_rf_finalrep_nov16-18-18.pdf,,,,Regional Forums,Conference & Events,English,Regional Forum; Report,2018,661663,646.2 KB,2021-09-17,https://www.aa.org/regional-forum-report-2018-southeast,Regional Forum Report 2018 Southeast,1,www.aa.org,ok
2467,Regional Forum Report 2018 Western Canada,https://www.aa.org/sites/default/files/literature/en_rf_finalrep_WestCan-june8-10-18.pdf,en_rf_finalrep_WestCan-june8-10-18.pdf,,,,Regional Forums,Conference & Events,English,Regional Forum; Report,2018,1175335,1.1 MB,2021-09-17,https://www.aa.org/regional-forum-report-2018-western-canada,Regional Forum Report 2018 Western Canada,1,www.aa.org,ok
2468,Regional Forum Report 2019 East Central,https://www.aa.org/sites/default/files/literature/en_rf_EC_finalrep_july12-14-19.pdf,en_rf_EC_finalrep_july12-14-19.pdf,,,,Regional Forums,Conference & Events,English,Regional Forum; Report,2019,1303158,1.2 MB,2021-09-17,https://www.aa.org/regional-forum-report-2019-east-central,Regional Forum Report 2019 East Central,1,www.aa.org,ok
2469,Regional Forum Report 2019 Northeast,https://www.aa.org/sites/default/files/literature/en_rf_NE_finalrep_may31-june2-19.pdf,en_rf_NE_finalrep_may31-june2-19.pdf,,,,Regional Forums,Conference & Events,English,Regional Forum; Report,2019,748940,731.4 KB,2021-09-17,https://www.aa.org/regional-forum-report-2019-northeast,Regional Forum Report 2019 Northeast,1,www.aa.org,ok
2470,Regional Forum Report 2019 Southwest,https://www.aa.org/sites/default/files/literature/en_rf_SW_finalrep_oct11-13-19-2.pdf,en_rf_SW_finalrep_oct11-13-19-2.pdf,,,,Regional Forums,Conference & Events,English,Regional Forum; Report,2019,521573,509.3 KB,2021-09-17,https://www.aa.org/regional-forum-report-2019-southwest,Regional Forum Report 2019 Southwest,1,www.aa.org,ok
2471,Regional Forum Report 2019 West Central,https://www.aa.org/sites/default/files/literature/en_rf_WC_finalrep_august16-18-19.pdf,en_rf_WC_finalrep_august16-18-19.pdf,,,,Regional Forums,Conference & Events,English,Regional Forum; Report,2019,837629,818.0 KB,2021-09-17,https://www.aa.org/regional-forum-report-2019-west-central,Regional Forum Report 2019 West Central,1,www.aa.org,ok
2472,Regional Forum Report 2020 Western U.S./Canada,https://www.aa.org/sites/default/files/literature/2020%20US-CAN%20-%20WEST%20FINAL%20REPORT.pdf,2020%20US-CAN%20-%20WEST%20FINAL%20REPORT.pdf,,,,Regional Forums,Conference & Events,English,Regional Forum; Report,2020,405925,396.4 KB,2022-01-28,https://www.aa.org/regional-forum-report-2020-western-uscanada,Regional Forum Report 2020 Western U.S./Canada,1,www.aa.org,ok
2473,Regional Forum Report 2021 Northeastern Virtual,https://www.aa.org/sites/default/files/literature/Northeast%20Regional%20Forum%20Final%20Report.pdf,Northeast%20Regional%20Forum%20Final%20Report.pdf,,,,Regional Forums,Conference & Events,English,Regional Forum; Report,2021,442647,432.3 KB,2022-02-02,https://www.aa.org/regional-forum-report-2021-northeastern-virtual,Regional Forum Report 2021 Northeastern Virtual,1,www.aa.org,ok
2474,Regional Forum Report 2021 Southwest Virtual,https://www.aa.org/sites/default/files/literature/2021%20SWRF%20Final%20Report%20EN.pdf,2021%20SWRF%20Final%20Report%20EN.pdf,,,,Regional Forums,Conference & Events,English,Regional Forum; Report,2021,326597,318.9 KB,2022-10-17,https://www.aa.org/regional-forum-report-2021-southwest-virtual,Regional Forum Report 2021 Southwest Virtual,1,www.aa.org,ok
2475,Regional Forum Report 2021 West Central,https://www.aa.org/sites/default/files/literature/2021%20WCenRF%20FInal%20Report%20-%20ENGLISH.pdf,2021%20WCenRF%20FInal%20Report%20-%20ENGLISH.pdf,,,,Regional Forums,Conference & Events,English,Regional Forum; Report,2021,278249,271.7 KB,2022-01-07,https://www.aa.org/regional-forum-report-2021-west-central,Regional Forum Report 2021 West Central,1,www.aa.org,ok
2476,Regional Forum Report 2022 Eastern Canada,https://www.aa.org/sites/default/files/literature/Eastern%20Canada%20Regional%20Forum%20Final%20Report%202022%20EN.pdf,Eastern%20Canada%20Regional%20Forum%20Final%20Report%202022%20EN.pdf,,,,Regional Forums,Conference & Events,English,Regional Forum; Report,2022,260173,254.1 KB,2023-03-03,https://www.aa.org/regional-forum-report-2022-eastern-canada,Regional Forum Report 2022 Eastern Canada,1,www.aa.org,ok
2477,Regional Forum Report 2022 Pacific,https://www.aa.org/sites/default/files/literature/2022_PRF_final_report_en.pdf,2022_PRF_final_report_en.pdf,,,,Regional Forums,Conference & Events,English,Regional Forum; Report,2022,219968,214.8 KB,2024-01-02,https://www.aa.org/regional-forum-report-2022-pacific,Regional Forum Report 2022 Pacific,1,www.aa.org,ok
2478,Regional Forum Report 2022 Southeast,https://www.aa.org/sites/default/files/literature/2022_SERF_final_report_en.pdf,2022_SERF_final_report_en.pdf,,,,Regional Forums,Conference & Events,English,Regional Forum; Report,2022,385636,376.6 KB,2024-01-02,https://www.aa.org/regional-forum-report-2022-southeast,Regional Forum Report 2022 Southeast,1,www.aa.org,ok
2479,Regional Forum Report 2022 Western Canada,https://www.aa.org/sites/default/files/literature/Western%20Canada%20Regional%20Forum%20Final%20Report%20EN.pdf,Western%20Canada%20Regional%20Forum%20Final%20Report%20EN.pdf,,,,Regional Forums,Conference & Events,English,Regional Forum; Report,2022,259444,253.4 KB,2023-03-02,https://www.aa.org/regional-forum-report-2022-western-canada,Regional Forum Report 2022 Western Canada,1,www.aa.org,ok
2480,Regional Forum Report 2023 East Central,https://aaws.widen.net/content/hd6djojy8b/pdf/east_central_rf_final_report.pdf,east_central_rf_final_report.pdf,,,,Regional Forums,Conference & Events,English,Regional Forum; Report,2023,187961,183.6 KB,2026-03-10,https://www.aa.org/regional-forum-report-2023-east-central,Regional Forum Report 2023 East Central,3,aaws.widen.net,ok
2481,Regional Forum Report 2023 Northeast,https://aaws.widen.net/content/irxk78y9ji/pdf/northeast_rf_final_report.pdf,northeast_rf_final_report.pdf,,,,Regional Forums,Conference & Events,English,Regional Forum; Report,2023,258561,252.5 KB,2025-04-16,https://www.aa.org/regional-forum-report-2023-northeast,Regional Forum Report 2023 Northeast,2,aaws.widen.net,ok
2482,Regional Forum Report 2023 Southwest,https://aaws.widen.net/content/5iudsvdhil/pdf/southwest_rf_final_report.pdf,southwest_rf_final_report.pdf,,,,Regional Forums,Conference & Events,English,Regional Forum; Report,2023,278413,271.9 KB,2025-04-16,https://www.aa.org/regional-forum-report-2023-southwest,Regional Forum Report 2023 Southwest,3,aaws.widen.net,ok
2483,Regional Forum Report 2023 West Central,https://aaws.widen.net/content/glkwk5ags4/pdf/west_central_rf_final_report.pdf,west_central_rf_final_report.pdf,,,,Regional Forums,Conference & Events,English,Regional Forum; Report,2023,172733,168.7 KB,2025-10-24,https://www.aa.org/regional-forum-report-2023-west-central,Regional Forum Report 2023 West Central,3,aaws.widen.net,ok
2484,Regional Forum Report 2024 Eastern Canada,https://aaws.widen.net/content/8wmcrbqyf7/pdf/eastern_canada_rf_final_report_en.pdf,eastern_canada_rf_final_report_en.pdf,,,,Regional Forums,Conference & Events,English,Regional Forum; Report,2024,172286,168.2 KB,2026-03-10,https://www.aa.org/regional-forum-report-2024-eastern-canada,Regional Forum Report 2024 Eastern Canada,2,aaws.widen.net,ok
2485,Regional Forum Report 2024 Pacific,https://aaws.widen.net/content/inpv5tyscj/pdf/pacific_rf_final_report_en.pdf,pacific_rf_final_report_en.pdf,,,,Regional Forums,Conference & Events,English,Regional Forum; Report,2024,201532,196.8 KB,2025-04-16,https://www.aa.org/regional-forum-report-2024-pacific,Regional Forum Report 2024 Pacific,2,aaws.widen.net,ok
2486,Regional Forum Report 2024 Southeast,https://aaws.widen.net/content/akgp1k7w3m/pdf/southeast_regional_rf_final-report_en.pdf,southeast_regional_rf_final-report_en.pdf,,,,Regional Forums,Conference & Events,English,Regional Forum; Report,2024,183986,179.7 KB,2025-04-16,https://www.aa.org/regional-forum-report-2024-southeast,Regional Forum Report 2024 Southeast,3,aaws.widen.net,ok
2487,Regional Forum Report 2024 Western Canada,https://aaws.widen.net/content/vsidhbf5f9/pdf/western_canada_rf_final_report.pdf,western_canada_rf_final_report.pdf,,,,Regional Forums,Conference & Events,English,Regional Forum; Report,2024,319895,312.4 KB,2025-04-16,https://www.aa.org/regional-forum-report-2024-western-canada,Regional Forum Report 2024 Western Canada,3,aaws.widen.net,ok
2488,Regional Forums 2025 Invitation Letter from your General Service Board Chairperson,https://www.aa.org/sites/default/files/literature/en-2025-rf-letter-from-board-chair-0825.pdf,en-2025-rf-letter-from-board-chair-0825.pdf,,,,Regional Forums,Conference & Events,English,Regional Forum,2025,159430,155.7 KB,2025-07-29,https://www.aa.org/regional-forums-2025-invitation-letter-your-general-service-board-chairperson,Regional Forums 2025 Invitation Letter from your General Service Board Chairperson,1,www.aa.org,ok
2489,sample Regional Forum agenda here.,https://www.aa.org/sites/default/files/literature/regional-forum-sample-program-en.pdf,regional-forum-sample-program-en.pdf,,,,Regional Forums,Conference & Events,English,Regional Forum,,145636,142.2 KB,2026-04-24,https://www.aa.org/regional-and-local-forums,"Regional, Local and Special Forums",2,www.aa.org,ok
2490,Volante,https://www.aa.org/sites/default/files/literature/SP-2026-Pacific-RF-Flyer-3.pdf,SP-2026-Pacific-RF-Flyer-3.pdf,,,,Regional Forums,Conference & Events,Spanish,Flyer / Poster,2026,97852,95.6 KB,2026-06-08,https://www.aa.org/es/node/9951,"Clone of Foros regionales, locales y especiales",4,www.aa.org,ok
2491,Volante,https://www.aa.org/sites/default/files/literature/SP-2026-Southeast-RF-Flyer-072426.pdf,SP-2026-Southeast-RF-Flyer-072426.pdf,,,,Regional Forums,Conference & Events,Spanish,Flyer / Poster,2026,322752,315.2 KB,2026-07-24,https://www.aa.org/es/node/9951,"Clone of Foros regionales, locales y especiales",4,www.aa.org,ok
2492,Carte sur la sécurité pour les groupes des AA,https://aaws.widen.net/content/re8avbjnb7/pdf/ff-211_safety_card_online.pdf,ff-211_safety_card_online.pdf,FF-211,F-211,"Forms, Catalogs & Order Blanks",Safety in A.A.,For Members,French,Safety,,31943,31.2 KB,2026-05-19,https://www.aa.org/fr/carte-sur-la-securite-pour-les-groupes-des-aa,Carte sur la sécurité pour les groupes des AA,1,aaws.widen.net,ok
2493,Feuillet sur la sécurité et les AA,https://aaws.widen.net/content/0v0fzpnbdd/pdf/ff-228_safety_and_aa_flyer_online.pdf,ff-228_safety_and_aa_flyer_online.pdf,FF-228,F-228,"Forms, Catalogs & Order Blanks",Safety in A.A.,For Members,French,Safety; Flyer / Poster,,50803,49.6 KB,2025-10-20,https://www.aa.org/fr/feuillet-sur-la-securite-et-les-aa,Feuillet sur la sécurité et les AA,1,aaws.widen.net,ok
2494,Guías de AA: La seguridad y los grupos de AA,https://aaws.widen.net/content/gb3lrlq3mk/pdf/smg-25_safety_and_aa_groups_online.pdf,smg-25_safety_and_aa_groups_online.pdf,SMG-25,MG-25,A.A. Guidelines,Safety in A.A.,For Members,Spanish,Safety,,118125,115.4 KB,2025-06-27,https://www.aa.org/es/guias-de-aa-la-seguridad-y-los-grupos-de-aa,Guías de AA: La seguridad y los grupos de AA,1,aaws.widen.net,ok
2495,Lignes de conduite des AA - La sécurité et les groupes des AA,https://aaws.widen.net/content/ru0gtp9yz9/pdf/fmg-25_safety_and_aa_groups_online.pdf,fmg-25_safety_and_aa_groups_online.pdf,FMG-25,MG-25,A.A. Guidelines,Safety in A.A.,For Members,French,Safety,,122740,119.9 KB,2026-03-10,https://www.aa.org/fr/lignes-de-conduite-des-aa-la-securite-et-les-groupes-des-aa,Lignes de conduite des AA - La sécurité et les groupes des AA,1,aaws.widen.net,ok
2496,Safety and A.A. Flyer,https://aaws.widen.net/content/v20jcawhoh/pdf/f-228_safety_and_aa_flyer_online.pdf,f-228_safety_and_aa_flyer_online.pdf,F-228,F-228,"Forms, Catalogs & Order Blanks",Safety in A.A.,For Members,English,Safety; Flyer / Poster,,44321,43.3 KB,2025-10-20,https://www.aa.org/safety-and-aa-flyer,Safety and A.A. Flyer,1,aaws.widen.net,ok
2497,Safety Card for A.A. Groups,https://aaws.widen.net/content/5gowq4gqos/pdf/f-211_safety_card_online.pdf,f-211_safety_card_online.pdf,F-211,F-211,"Forms, Catalogs & Order Blanks",Safety in A.A.,For Members,English,Safety,,28380,27.7 KB,2025-08-11,https://www.aa.org/safety-card-aa-groups,Safety Card for A.A. Groups,1,aaws.widen.net,ok
2498,Tarjeta de seguridad para los grupos de AA,https://aaws.widen.net/content/urtnlmrejv/pdf/sf-211_safety_card_online.pdf,sf-211_safety_card_online.pdf,SF-211,F-211,"Forms, Catalogs & Order Blanks",Safety in A.A.,For Members,Spanish,Safety,,31876,31.1 KB,2025-11-03,https://www.aa.org/es/tarjeta-de-seguridad-para-los-grupos-de-aa,Tarjeta de seguridad para los grupos de AA,1,aaws.widen.net,ok
2499,Tríptico sobre la seguridad y AA,https://aaws.widen.net/content/qajt5nk7cy/pdf/sf-228_safety_and_aa_flyer_online.pdf,sf-228_safety_and_aa_flyer_online.pdf,SF-228,F-228,"Forms, Catalogs & Order Blanks",Safety in A.A.,For Members,Spanish,Safety; Flyer / Poster,,58379,57.0 KB,2025-10-20,https://www.aa.org/es/triptico-sobre-la-seguridad-y-aa,Tríptico sobre la seguridad y AA,1,aaws.widen.net,ok
2500,A.A. Service Manual/Twelve Concepts for World Services,https://aaws.widen.net/content/wbktsxdemg/pdf/bm-31_2024-2026_aa_service_manual_online.pdf,bm-31_2024-2026_aa_service_manual_online.pdf,BM-31,BM-31,Newsletters & Bulletins,Service Manual & Concepts,Service Structure,English,Twelve Concepts,2026,11782165,11.2 MB,2026-03-10,https://www.aa.org/aa-service-manualtwelve-concepts-world-services,A.A. Service Manual/Twelve Concepts for World Services,1,aaws.widen.net,ok
2501,Clone of The Twelve Concepts - created 5/7/26 to test video linking,https://www.aa.org/sites/default/files/literature/smf-195_en%201121.pdf,smf-195_en%201121.pdf,SMF-195,SMF-195,Service Material,Service Manual & Concepts,Service Structure,English,Twelve Concepts; Audio / Video,,43090,42.1 KB,2024-10-15,https://www.aa.org/node/9856,Clone of The Twelve Concepts - created 5/7/26 to test video linking,2,www.aa.org,ok
2502,Concepts Checklist,https://aaws.widen.net/content/fm3quzllse/pdf/smf-91_concepts_checklist.pdf,smf-91_concepts_checklist.pdf,SMF-91,SMF-91,Service Material,Service Manual & Concepts,Service Structure,English,Twelve Concepts; Workbook / Kit,,59554,58.2 KB,2025-04-04,https://www.aa.org/concepts-checklist,Concepts Checklist,1,aaws.widen.net,ok
2503,El Manual de Servicio de AA,https://www.aa.org/sites/default/files/literature/sp-236-service-manual-flyer-122024.pdf,sp-236-service-manual-flyer-122024.pdf,SP-236,P-236,Pamphlets & Booklets,Service Manual & Concepts,Service Structure,Spanish,Flyer / Poster,2024,98539,96.2 KB,2024-12-17,https://www.aa.org/es/el-manual-de-servicio-de-aa,El Manual de Servicio de AA,1,www.aa.org,ok
2504,El Manual de Servicio de AA y Doce Conceptos para el servicio mundial,https://aaws.widen.net/content/zy5cybqdua/pdf/sbm-31_2024-2026_aa_service_manual_online.pdf,sbm-31_2024-2026_aa_service_manual_online.pdf,,,,Service Manual & Concepts,Service Structure,Spanish,Twelve Concepts,2026,11779643,11.2 MB,2026-03-06,https://www.aa.org/es/manual-de-servicio-de-aa-y-doce-conceptos-para-el-servicio-mundial,El Manual de Servicio de AA y Doce Conceptos para el servicio mundial,2,aaws.widen.net,ok
2505,Le Manuel du Service chez les AA et les Douze Concepts des Services mondiaux,https://aaws.widen.net/content/kl4uqewdnc/pdf/fbm-31_2024-2026_aa_service_manual_online.pdf,fbm-31_2024-2026_aa_service_manual_online.pdf,,,,Service Manual & Concepts,Service Structure,French,Twelve Concepts,2026,8567704,8.2 MB,2025-10-02,https://www.aa.org/fr/manuel-du-service-chez-les-aa-et-les-douze-concepts-des-services-mondiaux,Le Manuel du Service chez les AA et les Douze Concepts des Services mondiaux,3,aaws.widen.net,ok
2506,Les Douze Concepts,https://www.aa.org/sites/default/files/literature/SMF-114_The_Twelve_Concepts_For_World_Service-Short-Form_FR_111021.pdf,SMF-114_The_Twelve_Concepts_For_World_Service-Short-Form_FR_111021.pdf,SMF-114,SMF-114,Service Material,Service Manual & Concepts,Service Structure,French,Twelve Concepts; Form / Application,,47345,46.2 KB,2024-10-15,https://www.aa.org/fr/the-twelve-concepts,Les Douze Concepts,3,www.aa.org,ok
2507,Les douze concepts des services mondiaux (version abrégée),https://aaws.widen.net/content/tk1jb0gkmy/pdf/smff-114_the_twelve_concepts_for_world_service_short_form.pdf,smff-114_the_twelve_concepts_for_world_service_short_form.pdf,SMFF-114,SMF-114,Service Material,Service Manual & Concepts,Service Structure,French,Twelve Concepts; Form / Application,,47345,46.2 KB,2024-10-15,https://www.aa.org/fr/les-douze-concepts-des-services-mondiaux-version-abregee,Les douze concepts des services mondiaux (version abrégée),1,aaws.widen.net,ok
2508,Les Douze Concepts des Services Mondiaux (Version intégrale),https://aaws.widen.net/content/nhlzunwnda/pdf/smff-195_the_twelve_concepts_of_aa_long_form.pdf,smff-195_the_twelve_concepts_of_aa_long_form.pdf,SMFF-195,SMF-195,Service Material,Service Manual & Concepts,Service Structure,French,Twelve Concepts; Form / Application,,47090,46.0 KB,2024-10-15,https://www.aa.org/fr/les-douze-concepts-des-services-mondiaux-version-integrale,Les Douze Concepts des Services Mondiaux (Version intégrale),1,aaws.widen.net,ok
2509,Les Douze Concepts des Services mondiaux illustrés,https://aaws.widen.net/content/kn8q3noxzz/pdf/fp-8_twelve_concepts_illustrated_online.pdf,fp-8_twelve_concepts_illustrated_online.pdf,FP-8,P-8,Pamphlets & Booklets,Service Manual & Concepts,Service Structure,French,Twelve Concepts,,2521780,2.4 MB,2026-01-15,https://www.aa.org/fr/les-douze-concepts-de-service-mondial-illustres,Les Douze Concepts des Services mondiaux illustrés,2,aaws.widen.net,ok
2510,Lista de chequeo de los conceptos,https://aaws.widen.net/content/rfdxjzcpe6/pdf/smfs-91_concepts_checklist.pdf,smfs-91_concepts_checklist.pdf,SMFS-91,SMF-91,Service Material,Service Manual & Concepts,Service Structure,Spanish,Twelve Concepts; Workbook / Kit,,165838,162.0 KB,2026-04-16,https://www.aa.org/es/lista-de-chequeo-de-los-conceptos,Lista de chequeo de los conceptos,1,aaws.widen.net,ok
2511,Liste de contrôle des Concepts,https://aaws.widen.net/content/yeduef5krh/pdf/smff-91_concepts_checklist.pdf,smff-91_concepts_checklist.pdf,SMFF-91,SMF-91,Service Material,Service Manual & Concepts,Service Structure,French,Twelve Concepts; Workbook / Kit,,57497,56.1 KB,2025-06-05,https://www.aa.org/fr/liste-de-controle-des-concepts,Liste de contrôle des Concepts,1,aaws.widen.net,ok
2512,Los Doce Conceptos,https://www.aa.org/sites/default/files/literature/SMF-114_The_Twelve_Concepts_For_World_Service-Short-Form_SP_111021.pdf,SMF-114_The_Twelve_Concepts_For_World_Service-Short-Form_SP_111021.pdf,SMF-114,SMF-114,Service Material,Service Manual & Concepts,Service Structure,Spanish,Twelve Concepts; Form / Application,,24449,23.9 KB,2024-10-15,https://www.aa.org/es/the-twelve-concepts,Los Doce Conceptos,3,www.aa.org,ok
2513,Los Doce Conceptos para el Servicio Mundial (Forma Corta),https://aaws.widen.net/content/l0hows3cw5/pdf/smfs-114_the_twelve_concepts_for_world_service_short_form.pdf,smfs-114_the_twelve_concepts_for_world_service_short_form.pdf,SMFS-114,SMF-114,Service Material,Service Manual & Concepts,Service Structure,Spanish,Twelve Concepts; Form / Application,,24449,23.9 KB,2024-10-15,https://www.aa.org/es/los-doce-conceptos-para-el-servicio-mundial-forma-corta,Los Doce Conceptos para el Servicio Mundial (Forma Corta),1,aaws.widen.net,ok
2514,Los Doce Conceptos Para el Servicio Mundial (Forma Larga),https://aaws.widen.net/content/tgggclrrx2/pdf/smfs-195_the_twelve_concepts_of_aa_long_form.pdf,smfs-195_the_twelve_concepts_of_aa_long_form.pdf,SMFS-195,SMF-195,Service Material,Service Manual & Concepts,Service Structure,Spanish,Twelve Concepts; Form / Application,,23445,22.9 KB,2024-10-15,https://www.aa.org/es/los-doce-conceptos-para-el-servicio-mundial-forma-larga,Los Doce Conceptos Para el Servicio Mundial (Forma Larga),1,aaws.widen.net,ok
2515,Los Doce Conceptos para el servicio mundial ilustrados,https://aaws.widen.net/content/v5vhas8cz1/pdf/sp-8_twelve_concepts_illustrated_online.pdf,sp-8_twelve_concepts_illustrated_online.pdf,SP-8,P-8,Pamphlets & Booklets,Service Manual & Concepts,Service Structure,Spanish,Twelve Concepts,,2480130,2.4 MB,2026-03-11,https://www.aa.org/es/los-doce-conceptos-para-el-servicio-mundial-ilustrados,Los Doce Conceptos para el servicio mundial ilustrados,2,aaws.widen.net,ok
2516,Manuel du Service chez les AA,https://www.aa.org/sites/default/files/literature/fp-236-service-manual-flyer-122024.pdf,fp-236-service-manual-flyer-122024.pdf,FP-236,P-236,Pamphlets & Booklets,Service Manual & Concepts,Service Structure,French,Flyer / Poster,2024,90700,88.6 KB,2024-12-17,https://www.aa.org/fr/manuel-du-service-chez-les-aa,Manuel du Service chez les AA,1,www.aa.org,ok
2517,The A.A. Service Manual,https://www.aa.org/sites/default/files/literature/F-236_AA_Service_Manual_flyer.pdf,F-236_AA_Service_Manual_flyer.pdf,F-236,F-236,"Forms, Catalogs & Order Blanks",Service Manual & Concepts,Service Structure,English,Flyer / Poster,,111160,108.6 KB,2024-11-26,https://www.aa.org/aa-service-manual,The A.A. Service Manual,1,www.aa.org,ok
2518,The Twelve Concepts,https://www.aa.org/sites/default/files/literature/SMF-114_The_Twelve_Concepts_For_World_Service-Short-Form_EN_111021.pdf,SMF-114_The_Twelve_Concepts_For_World_Service-Short-Form_EN_111021.pdf,SMF-114,SMF-114,Service Material,Service Manual & Concepts,Service Structure,English,Twelve Concepts; Form / Application,,21923,21.4 KB,2024-10-15,https://www.aa.org/the-twelve-concepts,The Twelve Concepts,2,www.aa.org,ok
2519,The Twelve Concepts for World Service (Long Form),https://aaws.widen.net/content/7db5axmhcu/pdf/smf-195_the_twelve_concepts_of_aa_long_form.pdf,smf-195_the_twelve_concepts_of_aa_long_form.pdf,SMF-195,SMF-195,Service Material,Service Manual & Concepts,Service Structure,English,Twelve Concepts; Form / Application,,43090,42.1 KB,2024-10-15,https://www.aa.org/twelve-concepts-world-service-long-form,The Twelve Concepts for World Service (Long Form),1,aaws.widen.net,ok
2520,The Twelve Concepts for World Service Illustrated,https://aaws.widen.net/content/f7g3peqmwu/pdf/p-8_twelve_concepts_illustrated_online.pdf,p-8_twelve_concepts_illustrated_online.pdf,P-8,P-8,Pamphlets & Booklets,Service Manual & Concepts,Service Structure,English,Twelve Concepts,,2630976,2.5 MB,2026-02-25,https://www.aa.org/twelve-concepts-world-service-illustrated,The Twelve Concepts for World Service Illustrated,1,aaws.widen.net,ok
2521,The Twelve Concepts for World Services (Short Form),https://aaws.widen.net/content/jgjvopper3/pdf/smf-114_the_twelve_concepts_for_world_service_short_form.pdf,smf-114_the_twelve_concepts_for_world_service_short_form.pdf,SMF-114,SMF-114,Service Material,Service Manual & Concepts,Service Structure,English,Twelve Concepts; Form / Application,,21923,21.4 KB,2024-10-15,https://www.aa.org/twelve-concepts-world-services-short-form,The Twelve Concepts for World Services (Short Form),1,aaws.widen.net,ok
2522,A.A. Around the Globe,https://aaws.widen.net/content/uxxd35stde/pdf/smf-165_aa_around_the_globe.pdf,smf-165_aa_around_the_globe.pdf,SMF-165,SMF-165,Service Material,Service Material,Service Material,English,,,56079,54.8 KB,2024-10-15,https://www.aa.org/aa-around-globe,A.A. Around the Globe,1,aaws.widen.net,ok
2523,A.A. as a Resource For Drug & Alcohol Court Professionals,https://aaws.widen.net/content/hoicclr08f/pdf/smf-177_aa_resource_court_professionals_online.pdf,smf-177_aa_resource_court_professionals_online.pdf,SMF-177,SMF-177,Service Material,Service Material,Service Material,English,Professionals; Medical,,40151,39.2 KB,2026-02-10,https://www.aa.org/aa-resource-drug-alcohol-court-professionals,A.A. as a Resource For Drug & Alcohol Court Professionals,1,aaws.widen.net,ok
2524,A.A. como recurso para profesionales judiciales relacionados con las Drogas y el Alcohol,https://aaws.widen.net/content/4kg5ohszvn/pdf/smfs-177_aa_resource_court_professionals_online.pdf,smfs-177_aa_resource_court_professionals_online.pdf,SMFS-177,SMF-177,Service Material,Service Material,Service Material,Spanish,Professionals,,41965,41.0 KB,2026-02-10,https://www.aa.org/es/aa-como-recurso-para-profesionales-judiciales-relacionados-con-las-drogas-y-el-alcohol,A.A. como recurso para profesionales judiciales relacionados con las Drogas y el Alcohol,1,aaws.widen.net,ok
2525,A.A. Fact Sheet,https://aaws.widen.net/content/tggopjhcfz/pdf/smf-94_aa_fact_sheet.pdf,smf-94_aa_fact_sheet.pdf,SMF-94,SMF-94,Service Material,Service Material,Service Material,English,,,28642,28.0 KB,2024-10-15,https://www.aa.org/aa-fact-sheet,A.A. Fact Sheet,1,aaws.widen.net,ok
2526,A.A. Preamble,https://aaws.widen.net/content/nsd3mjaip7/pdf/smf-92_aa_preamble.pdf,smf-92_aa_preamble.pdf,SMF-92,SMF-92,Service Material,Service Material,Service Material,English,,,16048,15.7 KB,2024-10-15,https://www.aa.org/aa-preamble,A.A. Preamble,1,aaws.widen.net,ok
2527,A.A. Preamble: Background Information,https://aaws.widen.net/content/wvhyul3xy5/pdf/smf-127_the_aa_preamble_background_information.pdf,smf-127_the_aa_preamble_background_information.pdf,SMF-127,SMF-127,Service Material,Service Material,Service Material,English,Form / Application,,25757,25.2 KB,2024-10-15,https://www.aa.org/aa-preamble-background-information,A.A. Preamble: Background Information,1,aaws.widen.net,ok
2528,AA en todo el mundo,https://aaws.widen.net/content/r9rtsxceau/pdf/smfs-165_aa_around_the_globe.pdf,smfs-165_aa_around_the_globe.pdf,SMFS-165,SMF-165,Service Material,Service Material,Service Material,Spanish,,,45489,44.4 KB,2024-10-15,https://www.aa.org/es/aa-en-todo-el-mundo,AA en todo el mundo,1,aaws.widen.net,ok
2529,Area Map of U.S. & Canada,https://aaws.widen.net/content/atqygtpg54/pdf/smf-146_area_map_of_us_and_canada.pdf,smf-146_area_map_of_us_and_canada.pdf,SMF-146,SMF-146,Service Material,Service Material,Service Material,English,Group Service,,435237,425.0 KB,2024-10-15,https://www.aa.org/area-map-us-canada,Area Map of U.S. & Canada,1,aaws.widen.net,ok
2530,Au président qui s’occupe d’un kiosque des AA,https://aaws.widen.net/content/mr4ygc4nrd/pdf/smff-200_for_the_chairperson_staffing_an_exhibit.pdf,smff-200_for_the_chairperson_staffing_an_exhibit.pdf,SMFF-200,SMF-200,Service Material,Service Material,Service Material,French,,,126784,123.8 KB,2024-10-15,https://www.aa.org/fr/au-president-qui-soccupe-dun-kiosque-des-aa,Au président qui s’occupe d’un kiosque des AA,1,aaws.widen.net,ok
2531,Aux Bénévoles Qui S'occupent D'un Kiosque des AA,https://aaws.widen.net/content/qv09dr79xg/pdf/smff-201_for_volunteers_staffing_an_aa_exhibit.pdf,smff-201_for_volunteers_staffing_an_aa_exhibit.pdf,SMFF-201,SMF-201,Service Material,Service Material,Service Material,French,,,93446,91.3 KB,2025-04-17,https://www.aa.org/fr/aux-benevoles-qui-soccupent-dun-kiosque-des-aa,Aux Bénévoles Qui S'occupent D'un Kiosque des AA,1,aaws.widen.net,ok
2532,Carte des Régions des É.-U. et du Canada,https://aaws.widen.net/content/rscm2wrzim/pdf/smff-146_area_map_of_us_and_canada.pdf,smff-146_area_map_of_us_and_canada.pdf,SMFF-146,SMF-146,Service Material,Service Material,Service Material,French,Group Service,,436824,426.6 KB,2024-10-15,https://www.aa.org/fr/carte-des-regions-des-e-u-et-du-canada,Carte des Régions des É.-U. et du Canada,1,aaws.widen.net,ok
2533,Carte des Territoires des É.-U. et du Canada,https://aaws.widen.net/content/xuypvxy8aj/pdf/smff-118_regional_map_of_us_and_canada.pdf,smff-118_regional_map_of_us_and_canada.pdf,SMFF-118,SMF-118,Service Material,Service Material,Service Material,French,,,330212,322.5 KB,2024-10-15,https://www.aa.org/fr/carte-des-territoires-des-e-u-et-du-canada,Carte des Territoires des É.-U. et du Canada,1,aaws.widen.net,ok
2534,Clone of Les Douze Concepts,https://www.aa.org/sites/default/files/literature/smf-195_fr%201121.pdf,smf-195_fr%201121.pdf,SMF-195,SMF-195,Service Material,Service Material,Service Material,French,Twelve Concepts,,47090,46.0 KB,2024-10-15,https://www.aa.org/fr/node/9856,Clone of Les Douze Concepts,3,www.aa.org,ok
2535,Clone of Los Doce Conceptos,https://www.aa.org/sites/default/files/literature/smf-195_sp%201121.pdf,smf-195_sp%201121.pdf,SMF-195,SMF-195,Service Material,Service Material,Service Material,Spanish,Twelve Concepts,,23445,22.9 KB,2024-10-15,https://www.aa.org/es/node/9856,Clone of Los Doce Conceptos,3,www.aa.org,ok
2536,Comment Conduire Une Séance de Partage,https://aaws.widen.net/content/woczmykqtt/pdf/smff-111_how_to_conduct_a_sharing_session.pdf,smff-111_how_to_conduct_a_sharing_session.pdf,SMFF-111,SMF-111,Service Material,Service Material,Service Material,French,,,17762,17.3 KB,2024-10-15,https://www.aa.org/fr/comment-conduire-une-seance-de-partage,Comment Conduire Une Séance de Partage,1,aaws.widen.net,ok
2537,Compartimiento de M.C.D. a un Nuevo M.C.D.,https://aaws.widen.net/content/oomjcedmwt/pdf/smfs-174_sharing_from_dcms_to_a_new_dcm.pdf,smfs-174_sharing_from_dcms_to_a_new_dcm.pdf,SMFS-174,SMF-174,Service Material,Service Material,Service Material,Spanish,Group Service,,59375,58.0 KB,2024-10-15,https://www.aa.org/es/compartimiento-de-mcd-un-nuevo-mcd,Compartimiento de M.C.D. a un Nuevo M.C.D.,1,aaws.widen.net,ok
2538,Cómo efectuar una sesión de compartimiento,https://aaws.widen.net/content/0cyycnvlzu/pdf/smfs-111_how_to_conduct_a_sharing_session.pdf,smfs-111_how_to_conduct_a_sharing_session.pdf,SMFS-111,SMF-111,Service Material,Service Material,Service Material,Spanish,,,16011,15.6 KB,2024-10-15,https://www.aa.org/es/como-efectuar-una-sesion-de-compartimiento,Cómo efectuar una sesión de compartimiento,1,aaws.widen.net,ok
2539,El preámbulo de AA: información histórica,https://aaws.widen.net/content/8mqxdmn8cy/pdf/smfs-127_the_aa_preamble_background_information.pdf,smfs-127_the_aa_preamble_background_information.pdf,SMFS-127,SMF-127,Service Material,Service Material,Service Material,Spanish,Form / Application,,28051,27.4 KB,2024-10-15,https://www.aa.org/es/el-preambulo-de-aa-informacion-historica,El preámbulo de AA: información histórica,1,aaws.widen.net,ok
2540,Estructura de la Conferencia (EE.UU. y Canada),https://aaws.widen.net/content/zknhcveqba/pdf/smfs-179_structure_of_the_conference.pdf,smfs-179_structure_of_the_conference.pdf,SMFS-179,SMF-179,Service Material,Service Material,Service Material,Spanish,Conference,,96853,94.6 KB,2024-10-15,https://www.aa.org/es/estructura-de-la-conferencia-eeuu-y-canada,Estructura de la Conferencia (EE.UU. y Canada),1,aaws.widen.net,ok
2541,Experiencia compartida sobre cómo acercarse a las personas nuevas enviadas a AA por instituciones de tratamiento,https://aaws.widen.net/content/m75xymbr7a/pdf/smfs-142_sharing_experience_on_approaching_new_people_referred_to_tf.pdf,smfs-142_sharing_experience_on_approaching_new_people_referred_to_tf.pdf,SMFS-142,SMF-142,Service Material,Service Material,Service Material,Spanish,,,37297,36.4 KB,2024-10-15,https://www.aa.org/es/experiencia-compartida-sobre-como-acercarse-las-personas-nuevas-enviadas-aa-por-instituciones-de,Experiencia compartida sobre cómo acercarse a las personas nuevas enviadas a AA por instituciones de tratamiento,1,aaws.widen.net,ok
2542,Exposé: « Ce Que Sont Les AA et ce Qu'ils ne Sont Pas » (Pour les Clients traités Pour Alcoolisme),https://aaws.widen.net/content/pzebzgdoev/pdf/smff-128_presentation_what_aa_is_and_is_not_to_tf_clients.pdf,smff-128_presentation_what_aa_is_and_is_not_to_tf_clients.pdf,SMFF-128,SMF-128,Service Material,Service Material,Service Material,French,,,32013,31.3 KB,2024-10-15,https://www.aa.org/fr/expose-ce-que-sont-les-aa-et-ce-quils-ne-sont-pas-pour-les-clients-traites-pour-alcoolisme,Exposé: « Ce Que Sont Les AA et ce Qu'ils ne Sont Pas » (Pour les Clients traités Pour Alcoolisme),1,aaws.widen.net,ok
2543,Exposé: « Ce Que Sont les AA et ce Qu'ils ne Sont Pas » (Á L'Intention Des Administrateurs Et Le Personnel Des Centres De Traitement),https://aaws.widen.net/content/iorgrppxvf/pdf/smff-126_presentation_what_aa_is_and_is_not_tf_adm_staff.pdf,smff-126_presentation_what_aa_is_and_is_not_tf_adm_staff.pdf,SMFF-126,SMF-126,Service Material,Service Material,Service Material,French,,,25849,25.2 KB,2024-10-15,https://www.aa.org/fr/expose-ce-que-sont-les-aa-et-ce-quils-ne-sont-pas-lintention-des-administrateurs-et-le-personnel,Exposé: « Ce Que Sont les AA et ce Qu'ils ne Sont Pas » (Á L'Intention Des Administrateurs Et Le Personnel Des Centres De Traitement),1,aaws.widen.net,ok
2544,FAQ on Practicing the Seventh Tradition at Virtual Meetings,https://aaws.widen.net/content/bft4qsejau/pdf/smf-223_faq_7th_tradition_virtual_meetings_online.pdf,smf-223_faq_7th_tradition_virtual_meetings_online.pdf,SMF-223,SMF-223,Service Material,Service Material,Service Material,English,Twelve Traditions,,113004,110.4 KB,2026-06-10,https://www.aa.org/faq-practicing-seventh-tradition-virtual-meetings,FAQ on Practicing the Seventh Tradition at Virtual Meetings,1,aaws.widen.net,ok
2545,Feuille d'information sur les AA,https://aaws.widen.net/content/5f2jcapv1b/pdf/smff-94_aa_fact_sheet.pdf,smff-94_aa_fact_sheet.pdf,SMFF-94,SMF-94,Service Material,Service Material,Service Material,French,Form / Application,,24837,24.3 KB,2024-10-15,https://www.aa.org/fr/feuille-dinformation-sur-les-aa,Feuille d'information sur les AA,1,aaws.widen.net,ok
2546,Foire aux questions sur la pratique de la septième tradition aux réunions virtuelles,https://aaws.widen.net/content/mjbas719ls/pdf/smff-223_faq_7th_tradition_virtual_meetings_online.pdf,smff-223_faq_7th_tradition_virtual_meetings_online.pdf,SMFF-223,SMF-223,Service Material,Service Material,Service Material,French,Twelve Traditions,,134511,131.4 KB,2026-06-08,https://www.aa.org/fr/foire-aux-questions-sur-la-pratique-de-la-septieme-tradition-aux-reunions-virtuelles,Foire aux questions sur la pratique de la septième tradition aux réunions virtuelles,1,aaws.widen.net,ok
2547,For the Chairperson Staffing an A.A. Exhibit,https://aaws.widen.net/content/q2jruvqcjl/pdf/smf-200_for_the_chairperson_staffing_an_exhibit.pdf,smf-200_for_the_chairperson_staffing_an_exhibit.pdf,SMF-200,SMF-200,Service Material,Service Material,Service Material,English,,,132227,129.1 KB,2024-10-15,https://www.aa.org/chairperson-staffing-aa-exhibit,For the Chairperson Staffing an A.A. Exhibit,1,aaws.widen.net,ok
2548,For Volunteers Staffing an A.A. Exhibit,https://aaws.widen.net/content/pavgo8rw9x/pdf/smf-201_for_volunteers_staffing_an_aa_exhibit.pdf,smf-201_for_volunteers_staffing_an_aa_exhibit.pdf,SMF-201,SMF-201,Service Material,Service Material,Service Material,English,,,71364,69.7 KB,2024-10-15,https://www.aa.org/volunteers-staffing-aa-exhibit,For Volunteers Staffing an A.A. Exhibit,1,aaws.widen.net,ok
2549,Formato Sugerido para las Mesas de Trabajo,https://aaws.widen.net/content/xcsnvw60sl/pdf/smfs-112_suggested_workshop_format.pdf,smfs-112_suggested_workshop_format.pdf,SMFS-112,SMF-112,Service Material,Service Material,Service Material,Spanish,Form / Application,,42386,41.4 KB,2024-10-15,https://www.aa.org/es/formato-sugerido-para-las-mesas-de-trabajo,Formato Sugerido para las Mesas de Trabajo,1,aaws.widen.net,ok
2550,Hoja informativa de AA,https://aaws.widen.net/content/iiitos9ehg/pdf/smfs-94_aa_fact_sheet.pdf,smfs-94_aa_fact_sheet.pdf,SMFS-94,SMF-94,Service Material,Service Material,Service Material,Spanish,Form / Application,,22101,21.6 KB,2024-10-15,https://www.aa.org/es/hoja-informativa-de-aa,Hoja informativa de AA,1,aaws.widen.net,ok
2551,How To Conduct a Sharing Session,https://aaws.widen.net/content/hjunwtcgib/pdf/smf-111_how_to_conduct_a_sharing_session.pdf,smf-111_how_to_conduct_a_sharing_session.pdf,SMF-111,SMF-111,Service Material,Service Material,Service Material,English,,,42265,41.3 KB,2024-10-15,https://www.aa.org/how-conduct-sharing-session,How To Conduct a Sharing Session,1,aaws.widen.net,ok
2552,Is Your Group Linked to A.A. as a Whole?,https://aaws.widen.net/content/uco2szothi/pdf/smf-104_is_your_group_linked_to_aa_as_a_whole.pdf,smf-104_is_your_group_linked_to_aa_as_a_whole.pdf,SMF-104,SMF-104,Service Material,Service Material,Service Material,English,,,41579,40.6 KB,2024-10-15,https://www.aa.org/your-group-linked-aa-whole,Is Your Group Linked to A.A. as a Whole?,1,aaws.widen.net,ok
2553,L'utilisation du symbole Cercle/Triangle,https://aaws.widen.net/content/duyflpflfx/pdf/smff-113_use_of_the_circle_triangle_symbol.pdf,smff-113_use_of_the_circle_triangle_symbol.pdf,SMFF-113,SMF-113,Service Material,Service Material,Service Material,French,,,17577,17.2 KB,2024-10-15,https://www.aa.org/fr/lutilisation-du-symbole-cercletriangle,L'utilisation du symbole Cercle/Triangle,1,aaws.widen.net,ok
2554,Le préambule des AA,https://aaws.widen.net/content/upbvxkvfmw/pdf/smff-92_aa_preamble.pdf,smff-92_aa_preamble.pdf,SMFF-92,SMF-92,Service Material,Service Material,Service Material,French,,,18765,18.3 KB,2024-10-15,https://www.aa.org/fr/le-preambule-des-aa,Le préambule des AA,1,aaws.widen.net,ok
2555,Les AA dans le monde,https://aaws.widen.net/content/kijdt2a8qn/pdf/smff-165_aa_around_the_globe.pdf,smff-165_aa_around_the_globe.pdf,SMFF-165,SMF-165,Service Material,Service Material,Service Material,French,,,34056,33.3 KB,2024-10-15,https://www.aa.org/fr/aa-dans-le-monde,Les AA dans le monde,2,aaws.widen.net,ok
2556,"Les Alcooliques anonymes, une ressource pour les professionnels en drogue et alcool des tribunaux",https://aaws.widen.net/content/vzxuwzmljv/pdf/smff-177_aa_resource_court_professionals_online.pdf,smff-177_aa_resource_court_professionals_online.pdf,SMFF-177,SMF-177,Service Material,Service Material,Service Material,French,Professionals,,44058,43.0 KB,2026-02-10,https://www.aa.org/fr/les-alcooliques-anonymes-une-ressource-pour-les-professionnels-en-drogue-et-alcool-des-tribunaux,"Les Alcooliques anonymes, une ressource pour les professionnels en drogue et alcool des tribunaux",1,aaws.widen.net,ok
2557,Les services offerts par le BSG et AAWS,https://aaws.widen.net/content/mbhtmzouyg/pdf/smff-176_services_provided_by_gso.pdf,smff-176_services_provided_by_gso.pdf,SMFF-176,SMF-176,Service Material,Service Material,Service Material,French,,,170326,166.3 KB,2026-01-28,https://www.aa.org/fr/les-services-fournis-par-le-bsgaaws,Les services offerts par le BSG et AAWS,2,aaws.widen.net,ok
2558,Mapa de las Areas de Estados Unidos y Canadá,https://aaws.widen.net/content/hiodssxq5a/pdf/smfs-146_area_map_of_us_and_canada.pdf,smfs-146_area_map_of_us_and_canada.pdf,SMFS-146,SMF-146,Service Material,Service Material,Service Material,Spanish,Group Service,,436306,426.1 KB,2024-10-15,https://www.aa.org/es/mapa-de-las-areas-de-estados-unidos-y-canada,Mapa de las Areas de Estados Unidos y Canadá,1,aaws.widen.net,ok
2559,Mapa Regional de los Estados Unidos y Canadá,https://aaws.widen.net/content/daez4jlyc4/pdf/smfs-118_regional_map_of_us_and_canada.pdf,smfs-118_regional_map_of_us_and_canada.pdf,SMFS-118,SMF-118,Service Material,Service Material,Service Material,Spanish,,,330126,322.4 KB,2024-10-15,https://www.aa.org/es/mapa-regional-de-los-estados-unidos-y-canada,Mapa Regional de los Estados Unidos y Canadá,1,aaws.widen.net,ok
2560,Obra de teatro de las Doce Tradiciones: Súbete al auto,https://aaws.widen.net/content/oub1oy2cht/pdf/smfs-242_twelve_tradition_play_get_in_the_car_online.pdf,smfs-242_twelve_tradition_play_get_in_the_car_online.pdf,SMFS-242,SMF-242,Service Material,Service Material,Service Material,Spanish,Twelve Traditions,,249008,243.2 KB,2026-09-11,https://www.aa.org/es/obra-de-teatro-de-las-doce-tradiciones-subete-al-auto,Obra de teatro de las Doce Tradiciones: Súbete al auto,1,aaws.widen.net,ok
2561,Origen de la Oración de la Serenidad: Un Breve Resumen,https://aaws.widen.net/content/0yztdjxtjb/pdf/smfs-141_origin_of_the_serenity_prayer_a_brief_summary.pdf,smfs-141_origin_of_the_serenity_prayer_a_brief_summary.pdf,SMFS-141,SMF-141,Service Material,Service Material,Service Material,Spanish,Spirituality,,24997,24.4 KB,2024-10-15,https://www.aa.org/es/origen-de-la-oracion-de-la-serenidad-un-breve-resumen,Origen de la Oración de la Serenidad: Un Breve Resumen,1,aaws.widen.net,ok
2562,Origin of the Serenity Prayer: A Brief Summary,https://aaws.widen.net/content/y565so6y00/pdf/smf-141_origin_of_the_serenity_prayer_a_brief_summary.pdf,smf-141_origin_of_the_serenity_prayer_a_brief_summary.pdf,SMF-141,SMF-141,Service Material,Service Material,Service Material,English,Spirituality,,21881,21.4 KB,2024-10-15,https://www.aa.org/origin-serenity-prayer-brief-summary,Origin of the Serenity Prayer: A Brief Summary,1,aaws.widen.net,ok
2563,Origines de la Priére de la Sérénité: Un Court Résumé,https://aaws.widen.net/content/ylc4zh9fzu/pdf/smff-141_origin_of_the_serenity_prayer_a_brief_summary.pdf,smff-141_origin_of_the_serenity_prayer_a_brief_summary.pdf,SMFF-141,SMF-141,Service Material,Service Material,Service Material,French,Spirituality,,25594,25.0 KB,2024-10-15,https://www.aa.org/fr/origines-de-la-priere-de-la-serenite-un-court-resume,Origines de la Priére de la Sérénité: Un Court Résumé,1,aaws.widen.net,ok
2564,Para el coordinador o la coordinadora queatiende una exposición de AA,https://aaws.widen.net/content/muyd57urbm/pdf/smfs-200_for_the_chairperson_staffing_an_exhibit.pdf,smfs-200_for_the_chairperson_staffing_an_exhibit.pdf,SMFS-200,SMF-200,Service Material,Service Material,Service Material,Spanish,,,40947,40.0 KB,2024-10-15,https://www.aa.org/es/para-el-coordinador-o-la-coordinadora-queatiende-una-exposicion-de-aa,Para el coordinador o la coordinadora queatiende una exposición de AA,1,aaws.widen.net,ok
2565,Para los Voluntarios Cómo Atender un Puesto de Exhibición de A.A.,https://aaws.widen.net/content/gnvrjimtaj/pdf/smfs-201_for_volunteers_staffing_an_aa_exhibit.pdf,smfs-201_for_volunteers_staffing_an_aa_exhibit.pdf,SMFS-201,SMF-201,Service Material,Service Material,Service Material,Spanish,,,83634,81.7 KB,2024-10-15,https://www.aa.org/es/para-los-voluntarios-como-atender-un-puesto-de-exhibicion-de-aa,Para los Voluntarios Cómo Atender un Puesto de Exhibición de A.A.,1,aaws.widen.net,ok
2566,Partage des RDR à un Nouveau RDR,https://aaws.widen.net/content/dcviwapf62/pdf/smff-174_sharing_from_dcms_to_a_new_dcm.pdf,smff-174_sharing_from_dcms_to_a_new_dcm.pdf,SMFF-174,SMF-174,Service Material,Service Material,Service Material,French,Group Service,,87048,85.0 KB,2024-10-15,https://www.aa.org/fr/partage-des-rdr-un-nouveau-rdr,Partage des RDR à un Nouveau RDR,1,aaws.widen.net,ok
2567,Partage D’expérience : Comment Approcher Les Nouveaux Qui Ont Été Référés Par Des Établissements De Traitement,https://aaws.widen.net/content/g5cn3ylqxc/pdf/smff-142_sharing_experience_on_approaching_new_people_referred_to_tf.pdf,smff-142_sharing_experience_on_approaching_new_people_referred_to_tf.pdf,SMFF-142,SMF-142,Service Material,Service Material,Service Material,French,,,36950,36.1 KB,2024-10-15,https://www.aa.org/fr/partage-dexperience-comment-approcher-les-nouveaux-qui-ont-ete-referes-par-des-etablissements-de,Partage D’expérience : Comment Approcher Les Nouveaux Qui Ont Été Référés Par Des Établissements De Traitement,1,aaws.widen.net,ok
2568,PIÈCE SUR LES DOUZE TRADITIONS — Monte dans l’auto,https://aaws.widen.net/content/rsfpgklaki/pdf/smff-242_twelve_tradition_play_get_in_the_car_online.pdf,smff-242_twelve_tradition_play_get_in_the_car_online.pdf,SMFF-242,SMF-242,Service Material,Service Material,Service Material,French,Twelve Traditions,,249326,243.5 KB,2026-09-11,https://www.aa.org/fr/piece-sur-les-douze-traditions-monte-dans-lauto,PIÈCE SUR LES DOUZE TRADITIONS — Monte dans l’auto,1,aaws.widen.net,ok
2569,Preguntas frecuentes acerca de poner en práctica la Séptima Tradición en las reuniones virtuales,https://aaws.widen.net/content/ontujuh1ov/pdf/smfs-223_faq_7th_tradition_virtual_meetings_online.pdf,smfs-223_faq_7th_tradition_virtual_meetings_online.pdf,SMFS-223,SMF-223,Service Material,Service Material,Service Material,Spanish,Twelve Traditions,,135095,131.9 KB,2026-07-27,https://www.aa.org/es/preguntas-frecuentes-acerca-de-poner-en-practica-la-septima-tradicion-en-las-reuniones-virtuales,Preguntas frecuentes acerca de poner en práctica la Séptima Tradición en las reuniones virtuales,1,aaws.widen.net,ok
2570,Presentación: «Lo que AA es y lo que no es» para los administradores y personal profesional de las instituciones de tratamiento,https://aaws.widen.net/content/qskkum759m/pdf/smfs-126_presentation_what_aa_is_and_is_not_tf_adm_staff.pdf,smfs-126_presentation_what_aa_is_and_is_not_tf_adm_staff.pdf,SMFS-126,SMF-126,Service Material,Service Material,Service Material,Spanish,,,32739,32.0 KB,2024-10-15,https://www.aa.org/es/presentacion-lo-que-aa-es-y-lo-que-no-es-para-los-administradores-y-personal-profesional-de-las,Presentación: «Lo que AA es y lo que no es» para los administradores y personal profesional de las instituciones de tratamiento,1,aaws.widen.net,ok
2571,"Presentación: «Lo que AA es y lo que no es», para los clientes de instituciones de tratamiento del alcoholismo",https://aaws.widen.net/content/l7wob7szaj/pdf/smfs-128_presentation_what_aa_is_and_is_not_to_tf_clients.pdf,smfs-128_presentation_what_aa_is_and_is_not_to_tf_clients.pdf,SMFS-128,SMF-128,Service Material,Service Material,Service Material,Spanish,,,32439,31.7 KB,2024-10-15,https://www.aa.org/es/presentacion-lo-que-aa-es-y-lo-que-no-es-para-los-clientes-de-instituciones-de-tratamiento-del,"Presentación: «Lo que AA es y lo que no es», para los clientes de instituciones de tratamiento del alcoholismo",1,aaws.widen.net,ok
2572,Preámbulo de AA,https://aaws.widen.net/content/kgsbwsnyuy/pdf/smfs-92_aa_preamble.pdf,smfs-92_aa_preamble.pdf,SMFS-92,SMF-92,Service Material,Service Material,Service Material,Spanish,,,38460,37.6 KB,2024-10-15,https://www.aa.org/es/preambulo-de-aa,Preámbulo de AA,1,aaws.widen.net,ok
2573,Regional Map of US and Canada,https://aaws.widen.net/content/utsvsdb6m5/pdf/smf-118_regional_map_of_us_and_canada.pdf,smf-118_regional_map_of_us_and_canada.pdf,SMF-118,SMF-118,Service Material,Service Material,Service Material,English,,,329136,321.4 KB,2024-10-15,https://www.aa.org/regional-map-us-and-canada,Regional Map of US and Canada,1,aaws.widen.net,ok
2574,"Responder a los Desastres — ""¿Cómo Podemos Ayudar?""",https://aaws.widen.net/content/yixyzntwg7/pdf/smfs-196_responding_to-disasters.pdf,smfs-196_responding_to-disasters.pdf,SMFS-196,SMF-196,Service Material,Service Material,Service Material,Spanish,,,34042,33.2 KB,2024-10-15,https://www.aa.org/es/responder-los-desastres-como-podemos-ayudar,"Responder a los Desastres — ""¿Cómo Podemos Ayudar?""",1,aaws.widen.net,ok
2575,"Responding to Disasters — ""How Can We Help?""",https://aaws.widen.net/content/1fsrlnbgoz/pdf/smf-196_responding_to-disasters.pdf,smf-196_responding_to-disasters.pdf,SMF-196,SMF-196,Service Material,Service Material,Service Material,English,,,21274,20.8 KB,2024-10-15,https://www.aa.org/responding-disasters-how-can-we-help,"Responding to Disasters — ""How Can We Help?""",1,aaws.widen.net,ok
2576,Services Provided by G.S.O./A.A.W.S.,https://aaws.widen.net/content/uyslxv1rre/pdf/smf-176_services_provided_by_gso.pdf,smf-176_services_provided_by_gso.pdf,SMF-176,SMF-176,Service Material,Service Material,Service Material,English,,,150511,147.0 KB,2026-01-28,https://www.aa.org/services-provided-gsoaaws,Services Provided by G.S.O./A.A.W.S.,1,aaws.widen.net,ok
2577,Servicios brindados por la OSG / AAWS,https://aaws.widen.net/content/ixqn9la4wz/pdf/smfs-176_services_provided_by_gso.pdf,smfs-176_services_provided_by_gso.pdf,SMFS-176,SMF-176,Service Material,Service Material,Service Material,Spanish,,,155675,152.0 KB,2026-01-28,https://www.aa.org/es/servicios-brindados-por-la-osg-aaws,Servicios brindados por la OSG / AAWS,2,aaws.widen.net,ok
2578,Sharing From D.C.M.s to a New D.C.M.,https://aaws.widen.net/content/8jhrsn4gw5/pdf/smf-174_sharing_from_dcms_to_a_new_dcm.pdf,smf-174_sharing_from_dcms_to_a_new_dcm.pdf,SMF-174,SMF-174,Service Material,Service Material,Service Material,English,Group Service,,55618,54.3 KB,2024-10-15,https://www.aa.org/sharing-dcms-new-dcm,Sharing From D.C.M.s to a New D.C.M.,1,aaws.widen.net,ok
2579,SM-39 Acciones recomendables,https://aaws.widen.net/content/rmzvavsm8m/pdf/sm-39_advisory_actions_online.pdf,sm-39_advisory_actions_online.pdf,SM-39,SM-39,Service Material,Service Material,Service Material,Spanish,,,3018539,2.9 MB,2026-08-11,https://www.aa.org/es/sm-39-acciones-recomendables,SM-39 Acciones recomendables,1,aaws.widen.net,ok
2580,Structure de la Conférence (É.U. & Canada),https://aaws.widen.net/content/rzns4mxkb0/pdf/smff-179_structure_of_the_conference.pdf,smff-179_structure_of_the_conference.pdf,SMFF-179,SMF-179,Service Material,Service Material,Service Material,French,Conference,,77280,75.5 KB,2024-10-15,https://www.aa.org/fr/structure-de-la-conference-eu-canada,Structure de la Conférence (É.U. & Canada),1,aaws.widen.net,ok
2581,Structure of the Conference (U.S. and Canada),https://aaws.widen.net/content/eoxaipkeya/pdf/smf-179_structure_of_the_conference.pdf,smf-179_structure_of_the_conference.pdf,SMF-179,SMF-179,Service Material,Service Material,Service Material,English,Conference,,96693,94.4 KB,2024-10-15,https://www.aa.org/structure-conference-us-and-canada,Structure of the Conference (U.S. and Canada),1,aaws.widen.net,ok
2582,Suggested Topics For Discussion Meetings,https://aaws.widen.net/content/ujxkkwpc6n/pdf/smf-56_suggested_topics_for_discussion_meetings.pdf,smf-56_suggested_topics_for_discussion_meetings.pdf,SMF-56,SMF-56,Service Material,Service Material,Service Material,English,,,25869,25.3 KB,2024-10-15,https://www.aa.org/suggested-topics-discussion-meetings,Suggested Topics For Discussion Meetings,1,aaws.widen.net,ok
2583,Suggested Workshop Format,https://aaws.widen.net/content/ieja3kxhxj/pdf/smf-112_suggested_workshop_format.pdf,smf-112_suggested_workshop_format.pdf,SMF-112,SMF-112,Service Material,Service Material,Service Material,English,Form / Application,,43357,42.3 KB,2024-10-15,https://www.aa.org/suggested-workshop-format,Suggested Workshop Format,1,aaws.widen.net,ok
2584,Suggestions de Format D'Atelier,https://aaws.widen.net/content/rvos5sbfhl/pdf/smff-112_suggested_workshop_format.pdf,smff-112_suggested_workshop_format.pdf,SMFF-112,SMF-112,Service Material,Service Material,Service Material,French,Form / Application,,54814,53.5 KB,2024-10-15,https://www.aa.org/fr/suggestions-de-format-datelier,Suggestions de Format D'Atelier,1,aaws.widen.net,ok
2585,Suite à des Désastres — << Comment Pouvons-Nous Aider ? >>,https://aaws.widen.net/content/bkhph8hukg/pdf/smff-196_responding_to-disasters.pdf,smff-196_responding_to-disasters.pdf,SMFF-196,SMF-196,Service Material,Service Material,Service Material,French,,,22216,21.7 KB,2024-10-15,https://www.aa.org/fr/suite-des-desastres,Suite à des Désastres — << Comment Pouvons-Nous Aider ? >>,1,aaws.widen.net,ok
2586,Temas sugeridos para reuniones de discusión,https://aaws.widen.net/content/oymsqbd7jd/pdf/smfs-56_suggested_topics_for_discussion_meetings.pdf,smfs-56_suggested_topics_for_discussion_meetings.pdf,SMFS-56,SMF-56,Service Material,Service Material,Service Material,Spanish,,,29167,28.5 KB,2024-10-15,https://www.aa.org/es/temas-sugeridos-para-reuniones-de-discusion,Temas sugeridos para reuniones de discusión,1,aaws.widen.net,ok
2587,Thèmes suggérés pour les réunions de discussion,https://aaws.widen.net/content/xzkhddn4cq/pdf/smff-56_suggested_topics_for_discussion_meetings.pdf,smff-56_suggested_topics_for_discussion_meetings.pdf,SMFF-56,SMF-56,Service Material,Service Material,Service Material,French,,,26282,25.7 KB,2024-10-15,https://www.aa.org/fr/themes-suggeres-pour-les-reunions-de-discussion,Thèmes suggérés pour les réunions de discussion,1,aaws.widen.net,ok
2588,Twelve and Twelve Wallet Card,https://aaws.widen.net/content/lc0byu8ult/pdf/sm-2_twelvetwelve_wallet_card_online.pdf,sm-2_twelvetwelve_wallet_card_online.pdf,SM-2,SM-2,Service Material,Service Material,Service Material,Spanish,,,43497,42.5 KB,2025-10-22,https://www.aa.org/es/twelve-and-twelve-wallet-card,Twelve and Twelve Wallet Card,1,aaws.widen.net,ok
2589,Use of the Circle/Triangle Symbol,https://aaws.widen.net/content/g8gj7cilfb/pdf/smf-113_use_of_the_circle_triangle_symbol.pdf,smf-113_use_of_the_circle_triangle_symbol.pdf,SMF-113,SMF-113,Service Material,Service Material,Service Material,English,,,18665,18.2 KB,2024-10-15,https://www.aa.org/use-circletriangle-symbol,Use of the Circle/Triangle Symbol,1,aaws.widen.net,ok
2590,Uso del Símbolo del Círculo y Triángulo,https://aaws.widen.net/content/ci7qwa2ovj/pdf/smfs-113_use_of_the_circle_triangle_symbol.pdf,smfs-113_use_of_the_circle_triangle_symbol.pdf,SMFS-113,SMF-113,Service Material,Service Material,Service Material,Spanish,,,19884,19.4 KB,2024-10-15,https://www.aa.org/es/uso-del-simbolo-del-circulo-y-triangulo,Uso del Símbolo del Círculo y Triángulo,1,aaws.widen.net,ok
2591,Votre Groupe Est-Il Relié á L'Ensemble Des AA?,https://aaws.widen.net/content/lpe4scy38w/pdf/smff-104_is_your_group_linked_to_aa_as_a_whole.pdf,smff-104_is_your_group_linked_to_aa_as_a_whole.pdf,SMFF-104,SMF-104,Service Material,Service Material,Service Material,French,,,33963,33.2 KB,2024-10-15,https://www.aa.org/fr/votre-groupe-est-il-relie-lensemble-des-aa,Votre Groupe Est-Il Relié á L'Ensemble Des AA?,1,aaws.widen.net,ok
2592,¿Está tu Grupo Vinculado con la Totalidad de A.A.?,https://aaws.widen.net/content/9yy11bd7jt/pdf/smfs-104_is_your_group_linked_to_aa_as_a_whole.pdf,smfs-104_is_your_group_linked_to_aa_as_a_whole.pdf,SMFS-104,SMF-104,Service Material,Service Material,Service Material,Spanish,,,35256,34.4 KB,2024-10-15,https://www.aa.org/es/esta-tu-grupo-vinculado-con-la-totalidad-de-aa,¿Está tu Grupo Vinculado con la Totalidad de A.A.?,1,aaws.widen.net,ok
2593,A.A. for Alcoholics with Mental Health Issues – and their sponsors,https://aaws.widen.net/content/mkhniveafs/pdf/p-87_aa_alcoholics_w_mental_health_issues_online.pdf,p-87_aa_alcoholics_w_mental_health_issues_online.pdf,P-87,P-87,Pamphlets & Booklets,Sponsorship,For Members,English,Sponsorship,,399927,390.6 KB,2026-05-06,https://www.aa.org/aa-alcoholics-mental-health-issues-and-their-sponsors,A.A. for Alcoholics with Mental Health Issues – and their sponsors,1,aaws.widen.net,ok
2594,Country-to-Country Sponsorship: Carrying the A.A. Message Worldwide,https://aaws.widen.net/content/bszfkp8uz0/pdf/f-168_country_to_country.pdf,f-168_country_to_country.pdf,F-168,F-168,"Forms, Catalogs & Order Blanks",Sponsorship,For Members,English,Sponsorship,,936052,914.1 KB,2024-02-21,https://www.aa.org/country-country-sponsorship-carrying-aa-message-worldwide,Country-to-Country Sponsorship: Carrying the A.A. Message Worldwide,1,aaws.widen.net,ok
2595,El apadrinamiento en los tres legados de AA,https://aaws.widen.net/content/xrjzcuelyg/pdf/smfs-240_sponsorship_within_aa_three_legacies.pdf,smfs-240_sponsorship_within_aa_three_legacies.pdf,SMFS-240,SMF-240,Service Material,Sponsorship,For Members,Spanish,Sponsorship,,160685,156.9 KB,2026-03-23,https://www.aa.org/es/el-apadrinamiento-en-los-tres-legados-de-aa,El apadrinamiento en los tres legados de AA,1,aaws.widen.net,ok
2596,El apadrinamiento – Un paso vital hacia el servicio y la recuperación,https://aaws.widen.net/content/bcz1eh8b17/pdf/smfs-110_sponsorship_a_vital_stepping_stone_to_service_and_sobriety.pdf,smfs-110_sponsorship_a_vital_stepping_stone_to_service_and_sobriety.pdf,SMFS-110,SMF-110,Service Material,Sponsorship,For Members,Spanish,Sponsorship; Sobriety,,26666,26.0 KB,2024-10-15,https://www.aa.org/es/el-apadrinamiento-un-paso-vital-hacia-el-servicio-y-la-recuperacion,El apadrinamiento – Un paso vital hacia el servicio y la recuperación,1,aaws.widen.net,ok
2597,Le Parrainage dans le Cadre des Trois Héritages des AA,https://aaws.widen.net/content/ye0ms8yuue/pdf/smf-240fr_sponsorship_within_aa_three_legacies.pdf,smf-240fr_sponsorship_within_aa_three_legacies.pdf,,,,Sponsorship,For Members,French,Sponsorship,,183499,179.2 KB,2026-04-22,https://www.aa.org/fr/le-parrainage-dans-le-cadre-des-trois-heritages-des-aa,Le Parrainage dans le Cadre des Trois Héritages des AA,1,aaws.widen.net,ok
2598,Le parrainage — Un tremplin essentiel vers le service et la sobriété,https://aaws.widen.net/content/zdj6iq6pt5/pdf/smff-110_sponsorship_a_vital_stepping_stone_to_service_and_sobriety.pdf,smff-110_sponsorship_a_vital_stepping_stone_to_service_and_sobriety.pdf,SMFF-110,SMF-110,Service Material,Sponsorship,For Members,French,Sponsorship; Sobriety,,24984,24.4 KB,2024-10-15,https://www.aa.org/fr/le-parrainage-un-tremplin-essentiel-vers-le-service-et-la-sobriete,Le parrainage — Un tremplin essentiel vers le service et la sobriété,1,aaws.widen.net,ok
2599,Preguntas y respuestas sobre el apadrinamiento,https://aaws.widen.net/content/3zexdhflzu/pdf/sp-15_qa_on_sponsorship_online.pdf,sp-15_qa_on_sponsorship_online.pdf,SP-15,P-15,Pamphlets & Booklets,Sponsorship,For Members,Spanish,Sponsorship,,505604,493.8 KB,2026-04-15,https://www.aa.org/es/preguntas-y-respuestas-sobre-el-apadrinamiento,Preguntas y respuestas sobre el apadrinamiento,1,aaws.widen.net,ok
2600,Questions & réponses sur le parrainage,https://aaws.widen.net/content/sto2i8dysa/pdf/fp-15_qa_on_sponsorship_online.pdf,fp-15_qa_on_sponsorship_online.pdf,FP-15,P-15,Pamphlets & Booklets,Sponsorship,For Members,French,Sponsorship,,513947,501.9 KB,2026-02-23,https://www.aa.org/fr/questions-reponses-sur-le-parrainage,Questions & réponses sur le parrainage,1,aaws.widen.net,ok
2601,Questions and Answers on Sponsorship,https://aaws.widen.net/content/zz7rsf3sie/pdf/p-15_qa_on_sponsorship_online.pdf,p-15_qa_on_sponsorship_online.pdf,P-15,P-15,Pamphlets & Booklets,Sponsorship,For Members,English,Sponsorship,,479768,468.5 KB,2025-12-02,https://www.aa.org/questions-and-answers-sponsorship,Questions and Answers on Sponsorship,1,aaws.widen.net,ok
2602,Sponsorship Within AA's Three Legacies,https://aaws.widen.net/content/msknmo2s5p/pdf/smf-240_sponsorship_within_aa_three_legacies.pdf,smf-240_sponsorship_within_aa_three_legacies.pdf,SMF-240,SMF-240,Service Material,Sponsorship,For Members,English,Sponsorship,,147043,143.6 KB,2026-03-24,https://www.aa.org/sponsorship-within-aas-three-legacies,Sponsorship Within AA's Three Legacies,1,aaws.widen.net,ok
2603,Sponsorship-A Vital Stepping Stone to Service & Sobriety,https://aaws.widen.net/content/rlzf2lfitq/pdf/smf-110_sponsorship_a_vital_stepping_stone_to_service_and_sobriety.pdf,smf-110_sponsorship_a_vital_stepping_stone_to_service_and_sobriety.pdf,SMF-110,SMF-110,Service Material,Sponsorship,For Members,English,Sponsorship; Sobriety,,22046,21.5 KB,2024-10-15,https://www.aa.org/sponsorship-vital-stepping-stone-service-sobriety,Sponsorship-A Vital Stepping Stone to Service & Sobriety,1,aaws.widen.net,ok
2604,2022 Membership Survey,https://www.aa.org/sites/default/files/2023-10/2022%20AA%20Membership%20Survey%20Process%20Report.pdf,2022%20AA%20Membership%20Survey%20Process%20Report.pdf,,,,Surveys & Membership Data,Service Structure,English,Survey Data; Report,2022,229767,224.4 KB,2023-10-19,https://www.aa.org/membership-survey-2022,2022 Membership Survey,1,www.aa.org,ok
2605,Alcoholicos Anonimos 2022 Encuesta de los miembros,https://aaws.widen.net/content/ycenty1brn/pdf/sp-48_2022_membership_survey_online.pdf,sp-48_2022_membership_survey_online.pdf,SP-48,P-48,Pamphlets & Booklets,Surveys & Membership Data,Service Structure,Spanish,Survey Data,2022,1115445,1.1 MB,2026-06-25,https://www.aa.org/es/alcoholicos-anonimos-2022-encuesta-de-los-miembros,Alcoholicos Anonimos 2022 Encuesta de los miembros,1,aaws.widen.net,ok
2606,Alcoholics Anonymous 2022 Membership Survey,https://aaws.widen.net/content/avygm2q56g/pdf/p-48_2022_membership_survey_online.pdf,p-48_2022_membership_survey_online.pdf,P-48,P-48,Pamphlets & Booklets,Surveys & Membership Data,Service Structure,English,Survey Data,2022,1098451,1.0 MB,2024-05-15,https://www.aa.org/alcoholics-anonymous-2022-membership-survey,Alcoholics Anonymous 2022 Membership Survey,1,aaws.widen.net,ok
2607,Cálculo aproximado de grupos y miembros,https://aaws.widen.net/content/1v93xw3coo/pdf/smfs-53_estimates_of_aa_groups_and_members.pdf,smfs-53_estimates_of_aa_groups_and_members.pdf,SMFS-53,SMF-53,Service Material,Surveys & Membership Data,Service Structure,Spanish,,,24683,24.1 KB,2024-10-15,https://www.aa.org/es/calculo-aproximado-de-grupos-y-miembros,Cálculo aproximado de grupos y miembros,1,aaws.widen.net,ok
2608,Enlace para descargar la metodología de la encuesta,https://www.aa.org/sites/default/files/2023-10/SP%202022%20AA%20Membership%20Survey%20Process%20Report.pdf,SP%202022%20AA%20Membership%20Survey%20Process%20Report.pdf,,,,Surveys & Membership Data,Service Structure,Spanish,Survey Data; Report,2022,117047,114.3 KB,2023-10-30,https://www.aa.org/es/membership-survey-2022,Encuesta de los miembros de AA 2022,1,www.aa.org,ok
2609,Estimated Worldwide A.A. Individual and Group Membership,https://aaws.widen.net/content/hll0rtngls/pdf/smf-132_estimated_worldwide_aa_individual_and_group_membership.pdf,smf-132_estimated_worldwide_aa_individual_and_group_membership.pdf,SMF-132,SMF-132,Service Material,Surveys & Membership Data,Service Structure,English,,,32824,32.1 KB,2024-10-15,https://www.aa.org/estimated-worldwide-aa-individual-and-group-membership,Estimated Worldwide A.A. Individual and Group Membership,1,aaws.widen.net,ok
2610,Estimates of A.A. Groups and Members,https://aaws.widen.net/content/zufcp6orqa/pdf/smf-53_estimates_of_aa_groups_and_members.pdf,smf-53_estimates_of_aa_groups_and_members.pdf,SMF-53,SMF-53,Service Material,Surveys & Membership Data,Service Structure,English,,,23276,22.7 KB,2024-10-15,https://www.aa.org/estimates-aa-groups-and-members,Estimates of A.A. Groups and Members,1,aaws.widen.net,ok
2611,Miembros Individuales y Grupos de A.A. Alrededor del Mundo,https://aaws.widen.net/content/ji5mjjsatc/pdf/smfs-132_estimated_worldwide_aa_individual_and_group_membership.pdf,smfs-132_estimated_worldwide_aa_individual_and_group_membership.pdf,SMFS-132,SMF-132,Service Material,Surveys & Membership Data,Service Structure,Spanish,,,15904,15.5 KB,2024-10-15,https://www.aa.org/es/miembros-individuales-y-grupos-de-aa-alrededor-del-mundo,Miembros Individuales y Grupos de A.A. Alrededor del Mundo,1,aaws.widen.net,ok
2612,Nombre de Groupes et de Membres Estime Dans le Monde,https://aaws.widen.net/content/vhqodyrqwe/pdf/smff-132_estimated_worldwide_aa_individual_and_group_membership.pdf,smff-132_estimated_worldwide_aa_individual_and_group_membership.pdf,SMFF-132,SMF-132,Service Material,Surveys & Membership Data,Service Structure,French,,,31214,30.5 KB,2024-10-15,https://www.aa.org/fr/nombre-de-groupes-et-de-membres-estime-dans-le-monde,Nombre de Groupes et de Membres Estime Dans le Monde,1,aaws.widen.net,ok
2613,Nombre Éstime De Groupes et de Members,https://aaws.widen.net/content/xac5ubmrjh/pdf/smff-53_estimates_of_aa_groups_and_members.pdf,smff-53_estimates_of_aa_groups_and_members.pdf,SMFF-53,SMF-53,Service Material,Surveys & Membership Data,Service Structure,French,,,56512,55.2 KB,2024-10-15,https://www.aa.org/fr/nombre-estime-de-groupes-et-de-members,Nombre Éstime De Groupes et de Members,1,aaws.widen.net,ok
2614,Past Surveys,https://www.aa.org/sites/default/files/literature/Survey%20Pamphlets%201968-2014%20-%20linked%20and%20compiled.pdf,Survey%20Pamphlets%201968-2014%20-%20linked%20and%20compiled.pdf,,,,Surveys & Membership Data,Service Structure,English,Survey Data,2014,29796057,28.4 MB,2023-10-30,https://www.aa.org/Past-Surveys,Past Surveys,4,www.aa.org,ok
2615,Sondage sur les membres 2022,https://www.aa.org/sites/default/files/2023-10/FR%202022%20Membership%20Survey%20process%20Report.pdf,FR%202022%20Membership%20Survey%20process%20Report.pdf,,,,Surveys & Membership Data,Service Structure,French,Survey Data; Report,2022,172681,168.6 KB,2023-10-28,https://www.aa.org/fr/membership-survey-2022,Sondage sur les membres 2022,1,www.aa.org,ok
2616,"Sondage sur les membres des Alcooliques anonymes, 2022",https://aaws.widen.net/content/qznr2xqds3/pdf/fp-48_2022_membership_survey_online.pdf,fp-48_2022_membership_survey_online.pdf,FP-48,P-48,Pamphlets & Booklets,Surveys & Membership Data,Service Structure,French,Survey Data,2022,736796,719.5 KB,2025-05-19,https://www.aa.org/fr/les-alcooliques-anonymes-sondage-2022-sur-les-membres,"Sondage sur les membres des Alcooliques anonymes, 2022",2,aaws.widen.net,ok
2617,A.A. in Treatment Settings,https://aaws.widen.net/content/kxctx5sxx7/pdf/p-27_aa_in_treatment_settings_online.pdf,p-27_aa_in_treatment_settings_online.pdf,P-27,P-27,Pamphlets & Booklets,Treatment & Accessibilities,Carrying the Message,English,Treatment,,947594,925.4 KB,2026-05-06,https://www.aa.org/aa-treatment-settings,A.A. in Treatment Settings,1,aaws.widen.net,ok
2618,AA en los entornos de tratamiento,https://aaws.widen.net/content/rf1piurk9i/pdf/sp-27_aa_treatment_settings_online.pdf,sp-27_aa_treatment_settings_online.pdf,SP-27,P-27,Pamphlets & Booklets,Treatment & Accessibilities,Carrying the Message,Spanish,Treatment,,781472,763.2 KB,2025-10-02,https://www.aa.org/es/aa-en-los-entornos-de-tratamiento,AA en los entornos de tratamiento,1,aaws.widen.net,ok
2619,Accessibilities Checklist for Meetings and Groups,https://aaws.widen.net/content/w15atxarpi/pdf/smf-208_accessibilities_checklist.pdf,smf-208_accessibilities_checklist.pdf,SMF-208,SMF-208,Service Material,Treatment & Accessibilities,Carrying the Message,English,Accessibility; Workbook / Kit,,120673,117.8 KB,2026-08-28,https://www.aa.org/accessibilities-checklist-meetings-and-groups,Accessibilities Checklist for Meetings and Groups,1,aaws.widen.net,ok
2620,Accessibilities Workbook,https://aaws.widen.net/content/kjwtcdmpqy/pdf/m-48i_accessibilities_workbook_online.pdf,m-48i_accessibilities_workbook_online.pdf,M-48I,M-48I,Displays & Wallet Cards,Treatment & Accessibilities,Carrying the Message,English,Accessibility; Workbook / Kit,,124564,121.6 KB,2026-03-10,https://www.aa.org/accessibilities-workbook,Accessibilities Workbook,1,aaws.widen.net,ok
2621,Accessibility Resources,https://aaws.widen.net/content/auhjpmcsws/pdf/f-240_accessibility-resources_flyer_online.pdf,f-240_accessibility-resources_flyer_online.pdf,F-240,F-240,"Forms, Catalogs & Order Blanks",Treatment & Accessibilities,Carrying the Message,English,Accessibility; Flyer / Poster,,111668,109.1 KB,2026-02-10,https://www.aa.org/accessibility-resources,Accessibility Resources,1,aaws.widen.net,ok
2622,Au service de tous les alcooliques - Rendre accessible le message des AA,https://aaws.widen.net/content/iegpk1rnlo/pdf/ff-107_making_the_aa_message_accessible_online.pdf,ff-107_making_the_aa_message_accessible_online.pdf,FF-107,F-107,"Forms, Catalogs & Order Blanks",Treatment & Accessibilities,Carrying the Message,French,Accessibility,,126484,123.5 KB,2026-09-01,https://www.aa.org/fr/au-service-de-tous-les-alcooliques-rendre-accessible-le-message-des-aa,Au service de tous les alcooliques - Rendre accessible le message des AA,1,aaws.widen.net,ok
2623,Contenido del paquete de Accesibilidad,https://aaws.widen.net/content/i2e3t96uk7/pdf/sf-182_accessibility_kit_digital_online.pdf,sf-182_accessibility_kit_digital_online.pdf,SF-182,F-182,"Forms, Catalogs & Order Blanks",Treatment & Accessibilities,Carrying the Message,Spanish,Accessibility; Workbook / Kit,,142676,139.3 KB,2026-02-10,https://www.aa.org/es/contenido-del-paquete-de-accesibilidad,Contenido del paquete de Accesibilidad,2,aaws.widen.net,ok
2624,Contenido del paquete de comités de Tratamiento,https://aaws.widen.net/content/lwund0nshb/pdf/sf-167_treatment-kit-digital_online.pdf,sf-167_treatment-kit-digital_online.pdf,SF-167,F-167,"Forms, Catalogs & Order Blanks",Treatment & Accessibilities,Carrying the Message,Spanish,Treatment; Workbook / Kit,,106148,103.7 KB,2026-02-10,https://www.aa.org/es/contenido-del-paquete-de-comites-de-tratamiento,Contenido del paquete de comités de Tratamiento,1,aaws.widen.net,ok
2625,Contents of Accessibilities Kit List,https://aaws.widen.net/content/f7uqexhkux/pdf/f-182_accessibility_kit_online.pdf,f-182_accessibility_kit_online.pdf,F-182,F-182,"Forms, Catalogs & Order Blanks",Treatment & Accessibilities,Carrying the Message,English,Accessibility; Workbook / Kit,,122525,119.7 KB,2026-03-06,https://www.aa.org/contents-accessibilities-kit-list,Contents of Accessibilities Kit List,2,aaws.widen.net,ok
2626,Contents of Treatment Committee Kit List,https://aaws.widen.net/content/px0bqwjej4/pdf/f-167_treatment_kit_online.pdf,f-167_treatment_kit_online.pdf,F-167,F-167,"Forms, Catalogs & Order Blanks",Treatment & Accessibilities,Carrying the Message,English,Treatment; Workbook / Kit,,105903,103.4 KB,2026-02-10,https://www.aa.org/contents-treatment-committee-kit-list,Contents of Treatment Committee Kit List,1,aaws.widen.net,ok
2627,Contenu de la pochette de l’Accessibilité,https://aaws.widen.net/content/irbmjm3pk3/pdf/ff-182_accessibility_kit_online.pdf,ff-182_accessibility_kit_online.pdf,FF-182,F-182,"Forms, Catalogs & Order Blanks",Treatment & Accessibilities,Carrying the Message,French,Accessibility; Workbook / Kit,,163128,159.3 KB,2026-02-10,https://www.aa.org/fr/contenu-de-la-pochette-de-laccessibilite,Contenu de la pochette de l’Accessibilité,2,aaws.widen.net,ok
2628,Contenu de la pochette du Traitement,https://aaws.widen.net/content/jijhu46acj/pdf/ff-167_treatment_kit_online.pdf,ff-167_treatment_kit_online.pdf,FF-167,F-167,"Forms, Catalogs & Order Blanks",Treatment & Accessibilities,Carrying the Message,French,Treatment; Workbook / Kit,,168459,164.5 KB,2026-02-10,https://www.aa.org/fr/contenu-de-la-pochette-du-traitement,Contenu de la pochette du Traitement,2,aaws.widen.net,ok
2629,el libro de trabajo de comités de Tratamiento,https://www.aa.org/sites/default/files/literature/sm-40i_TFWorkbook.pdf,sm-40i_TFWorkbook.pdf,SM-40I,SM-40I,Service Material,Treatment & Accessibilities,Carrying the Message,Spanish,Treatment; Workbook / Kit,,1556568,1.5 MB,2024-10-15,https://www.aa.org/es/treatment-committees,Comités de Tratamiento,1,www.aa.org,ok
2630,Frequently Asked Questions About A.A. - Large-print,https://aaws.widen.net/content/df4tig02b7/pdf/p-57_p-2_frequently_asked_questions_large_online.pdf,p-57_p-2_frequently_asked_questions_large_online.pdf,P-57,P-57,Pamphlets & Booklets,Treatment & Accessibilities,Carrying the Message,English,Accessibility,,521206,509.0 KB,2024-03-21,https://www.aa.org/frequently-asked-questions-about-aa-large-print,Frequently Asked Questions About A.A. - Large-print,1,aaws.widen.net,ok
2631,Guías de AA acerca de comités de Tratamiento,https://aaws.widen.net/content/a9ijkvep7j/pdf/smg-14_treatment_online.pdf,smg-14_treatment_online.pdf,SMG-14,MG-14,A.A. Guidelines,Treatment & Accessibilities,Carrying the Message,Spanish,Treatment,,53265,52.0 KB,2024-02-13,https://www.aa.org/es/guias-de-aa-acerca-de-comites-de-tratamiento,Guías de AA acerca de comités de Tratamiento,1,aaws.widen.net,ok
2632,Guías de AA sobre accesibilidad para todos los alcohólicos,https://aaws.widen.net/content/bb5mnqasz7/pdf/smg-16_accessibility_for_all_alcoholics_online.pdf,smg-16_accessibility_for_all_alcoholics_online.pdf,SMG-16,MG-16,A.A. Guidelines,Treatment & Accessibilities,Carrying the Message,Spanish,Accessibility,,198323,193.7 KB,2024-02-13,https://www.aa.org/es/guias-de-aa-sobre-accesibilidad-para-todos-los-alcoholicos,Guías de AA sobre accesibilidad para todos los alcohólicos,2,aaws.widen.net,ok
2633,Guías de AA – Compartiendo el mensaje de AA con el alcohólico sordo,https://aaws.widen.net/content/ayb5g07t5p/pdf/smg-13_sharing_the_message_with_deaf_alcoholics_online.pdf,smg-13_sharing_the_message_with_deaf_alcoholics_online.pdf,SMG-13,MG-13,A.A. Guidelines,Treatment & Accessibilities,Carrying the Message,Spanish,Accessibility,,63087,61.6 KB,2024-11-20,https://www.aa.org/es/guias-de-aa-compartiendo-el-mensaje-de-aa-con-el-alcoholico-sordo,Guías de AA – Compartiendo el mensaje de AA con el alcohólico sordo,1,aaws.widen.net,ok
2634,Hacer accesible el mensaje de AA,https://aaws.widen.net/content/dkgli5wwdm/pdf/sf-107_making_the_aa_message_accessible_online.pdf,sf-107_making_the_aa_message_accessible_online.pdf,SF-107,F-107,"Forms, Catalogs & Order Blanks",Treatment & Accessibilities,Carrying the Message,Spanish,Accessibility,,154447,150.8 KB,2026-04-20,https://www.aa.org/es/hacer-accesible-el-mensaje-de-aa,Hacer accesible el mensaje de AA,2,aaws.widen.net,ok
2635,Le Manuel de l'Accessibilité,https://aaws.widen.net/content/x7y1klko6e/pdf/fm-48i_accessibilities_workbook_online.pdf,fm-48i_accessibilities_workbook_online.pdf,,,,Treatment & Accessibilities,Carrying the Message,French,Accessibility; Workbook / Kit,,176328,172.2 KB,2026-03-10,https://www.aa.org/fr/le-manuel-de-laccessibilite,Le Manuel de l'Accessibilité,1,aaws.widen.net,ok
2636,Les AA dans les établissements de traitement,https://aaws.widen.net/content/ujvxvqpeny/pdf/fp-27_aa_treatment_settings_online.pdf,fp-27_aa_treatment_settings_online.pdf,FP-27,P-27,Pamphlets & Booklets,Treatment & Accessibilities,Carrying the Message,French,Treatment,,172991,168.9 KB,2025-04-17,https://www.aa.org/fr/les-aa-dans-les-etablissements-de-traitement,Les AA dans les établissements de traitement,1,aaws.widen.net,ok
2637,Libro de trabajo de Accesibilidad,https://aaws.widen.net/content/wypdf2abkd/pdf/sm-48i_accessibilities_workbook_online.pdf,sm-48i_accessibilities_workbook_online.pdf,SM-48I,SM-48I,Service Material,Treatment & Accessibilities,Carrying the Message,Spanish,Accessibility; Workbook / Kit,,217024,211.9 KB,2026-09-11,https://www.aa.org/es/libro-de-trabajo-de-accesibilidad,Libro de trabajo de Accesibilidad,2,aaws.widen.net,ok
2638,Libro de Trabajo de Comités de Tratamiento,https://aaws.widen.net/content/ktjbueay9m/pdf/sm-40i_treatment_workbook_online.pdf,sm-40i_treatment_workbook_online.pdf,SM-40I,SM-40I,Service Material,Treatment & Accessibilities,Carrying the Message,Spanish,Treatment; Workbook / Kit,,1556568,1.5 MB,2024-10-15,https://www.aa.org/es/libro-de-trabajo-de-comites-de-tratamiento,Libro de Trabajo de Comités de Tratamiento,1,aaws.widen.net,ok
2639,Ligne de conduite des AA sur les Comités de traitement,https://aaws.widen.net/content/i25ueoo9dd/pdf/fmg-14_treatment_online.pdf,fmg-14_treatment_online.pdf,FMG-14,MG-14,A.A. Guidelines,Treatment & Accessibilities,Carrying the Message,French,Treatment,,52104,50.9 KB,2026-03-10,https://www.aa.org/fr/ligne-de-conduite-des-aa-sur-les-comites-de-traitement,Ligne de conduite des AA sur les Comités de traitement,1,aaws.widen.net,ok
2640,Lignes de conduite des AA sur l'accessibilité pour tous les alcooliques,https://aaws.widen.net/content/afh2zl7cwl/pdf/fmg-16_accessibility_for_all_alcoholics_online.pdf,fmg-16_accessibility_for_all_alcoholics_online.pdf,FMG-16,MG-16,A.A. Guidelines,Treatment & Accessibilities,Carrying the Message,French,Accessibility,,186047,181.7 KB,2026-03-10,https://www.aa.org/fr/lignes-de-conduite-des-aa-sur-laccessibilite-pour-tous-les-alcooliques,Lignes de conduite des AA sur l'accessibilité pour tous les alcooliques,2,aaws.widen.net,ok
2641,Lignes de conduite des AA sur la transmission du message des AA aux alcooliques sourds,https://aaws.widen.net/content/5s4klbzmds/pdf/fmg-13_sharing_the_message_with_deaf_alcoholics_online.pdf,fmg-13_sharing_the_message_with_deaf_alcoholics_online.pdf,FMG-13,MG-13,A.A. Guidelines,Treatment & Accessibilities,Carrying the Message,French,Accessibility,,82847,80.9 KB,2026-03-10,https://www.aa.org/fr/lignes-de-conduite-des-aa-sur-la-transmission-du-message-des-aa-aux-alcooliques-sourds,Lignes de conduite des AA sur la transmission du message des AA aux alcooliques sourds,1,aaws.widen.net,ok
2642,Lista de chequeo de accesibilidad para reuniones y grupos,https://aaws.widen.net/content/qejewbcio9/pdf/smfs-208_accessibilities_checklist.pdf,smfs-208_accessibilities_checklist.pdf,SMFS-208,SMF-208,Service Material,Treatment & Accessibilities,Carrying the Message,Spanish,Accessibility; Workbook / Kit,,111141,108.5 KB,2026-08-26,https://www.aa.org/es/lista-de-chequeo-de-accesibilidad-para-reuniones-y-grupos,Lista de chequeo de accesibilidad para reuniones y grupos,2,aaws.widen.net,ok
2643,Liste de contrôle de l'accessibilité à l'intention des réunions et des groupes,https://aaws.widen.net/content/1cq1k4jxf7/pdf/smff-208_accessibilities_checklist.pdf,smff-208_accessibilities_checklist.pdf,SMFF-208,SMF-208,Service Material,Treatment & Accessibilities,Carrying the Message,French,Accessibility; Workbook / Kit,,120947,118.1 KB,2026-08-26,https://www.aa.org/fr/liste-de-controle-de-laccessibilite-lintention-des-reunions-et-des-groupes,Liste de contrôle de l'accessibilité à l'intention des réunions et des groupes,1,aaws.widen.net,ok
2644,Making the A.A. Message Accessible,https://aaws.widen.net/content/xkhfjltxc3/pdf/f-107_making_the_aa_message_accessible_online.pdf,f-107_making_the_aa_message_accessible_online.pdf,F-107,F-107,"Forms, Catalogs & Order Blanks",Treatment & Accessibilities,Carrying the Message,English,Accessibility,,101634,99.3 KB,2026-03-19,https://www.aa.org/making-aa-message-accessible,Making the A.A. Message Accessible,2,aaws.widen.net,ok
2645,Manuel du comité du Traitement,https://www.aa.org/sites/default/files/literature/fm-40i_TFWorkbook.pdf,fm-40i_TFWorkbook.pdf,,,,Treatment & Accessibilities,Carrying the Message,French,Treatment; Workbook / Kit,,2258827,2.2 MB,2026-03-10,https://www.aa.org/fr/treatment-committees,Comités du Traitement,1,www.aa.org,ok
2646,Manuel du Traitement,https://aaws.widen.net/content/13clrjazax/pdf/fm-40i_treatment_workbook_online.pdf,fm-40i_treatment_workbook_online.pdf,,,,Treatment & Accessibilities,Carrying the Message,French,Treatment; Workbook / Kit,,2258827,2.2 MB,2026-03-10,https://www.aa.org/fr/manuel-du-traitement,Manuel du Traitement,1,aaws.widen.net,ok
2647,"Presentation: ""What A.A. Is and What It Is Not"" for Alcoholism Treatment Facility Clients",https://aaws.widen.net/content/btvn4ba1zs/pdf/smf-128_presentation_what_aa_is_and_is_not_to_tf_clients.pdf,smf-128_presentation_what_aa_is_and_is_not_to_tf_clients.pdf,SMF-128,SMF-128,Service Material,Treatment & Accessibilities,Carrying the Message,English,Treatment,,29098,28.4 KB,2024-10-15,https://www.aa.org/presentation-what-aa-and-what-it-not-alcoholism-treatment-facility-clients,"Presentation: ""What A.A. Is and What It Is Not"" for Alcoholism Treatment Facility Clients",1,aaws.widen.net,ok
2648,"Presentation: ""What A.A. is and What It Is Not"" for Treatment Facility Administrators and Professional Staff",https://aaws.widen.net/content/7ystxlzudz/pdf/smf-126_presentation_what_aa_is_and_is_not_tf_adm_staff.pdf,smf-126_presentation_what_aa_is_and_is_not_tf_adm_staff.pdf,SMF-126,SMF-126,Service Material,Treatment & Accessibilities,Carrying the Message,English,Treatment; Professionals,,26566,25.9 KB,2024-10-15,https://www.aa.org/presentation-what-aa-and-what-it-not-treatment-facility-administrators-and-professional-staff,"Presentation: ""What A.A. is and What It Is Not"" for Treatment Facility Administrators and Professional Staff",1,aaws.widen.net,ok
2649,Recursos de Accesibilidad,https://aaws.widen.net/content/tv0zaguudi/pdf/sf-240_accessibility-resources_flyer_online.pdf,sf-240_accessibility-resources_flyer_online.pdf,SF-240,F-240,"Forms, Catalogs & Order Blanks",Treatment & Accessibilities,Carrying the Message,Spanish,Accessibility; Flyer / Poster,,150194,146.7 KB,2026-02-10,https://www.aa.org/es/recursos-de-accesibilidad,Recursos de Accesibilidad,1,aaws.widen.net,ok
2650,Ressources de l'accessibilité,https://aaws.widen.net/content/lmukxxvedz/pdf/ff-240_accessibility-resources_flyer_online.pdf,ff-240_accessibility-resources_flyer_online.pdf,FF-240,F-240,"Forms, Catalogs & Order Blanks",Treatment & Accessibilities,Carrying the Message,French,Accessibility; Flyer / Poster,,130147,127.1 KB,2026-02-10,https://www.aa.org/fr/ressources-de-laccessibilite,Ressources de l'accessibilité,1,aaws.widen.net,ok
2651,Sharing Experience on Approaching New People Referred to AA By Treatment Facilities,https://aaws.widen.net/content/qgaqrrzino/pdf/smf-142_sharing_experience_on_approaching_new_people_referred_to_tf.pdf,smf-142_sharing_experience_on_approaching_new_people_referred_to_tf.pdf,SMF-142,SMF-142,Service Material,Treatment & Accessibilities,Carrying the Message,English,Treatment,,33125,32.3 KB,2024-10-15,https://www.aa.org/sharing-experience-approaching-new-people-referred-aa-treatment-facilities,Sharing Experience on Approaching New People Referred to AA By Treatment Facilities,1,aaws.widen.net,ok
2652,This Is A.A. - Large Print,https://aaws.widen.net/content/d39dirb0y7/pdf/p-56_p-1_this_is_aa_large_online.pdf,p-56_p-1_this_is_aa_large_online.pdf,P-56,P-56,Pamphlets & Booklets,Treatment & Accessibilities,Carrying the Message,English,Accessibility,,411027,401.4 KB,2025-10-29,https://www.aa.org/aa-large-print,This Is A.A. - Large Print,1,aaws.widen.net,ok
2653,Treatment Committee Workbook,https://aaws.widen.net/content/rxwlpebi8b/pdf/m-40i_treatment_workbook_online.pdf,m-40i_treatment_workbook_online.pdf,M-40I,M-40I,Displays & Wallet Cards,Treatment & Accessibilities,Carrying the Message,English,Treatment; Workbook / Kit,,490268,478.8 KB,2026-03-17,https://www.aa.org/treatment-committee-workbook,Treatment Committee Workbook,1,aaws.widen.net,ok
2654,Treatment Committee Workbook,https://www.aa.org/sites/default/files/literature/m-40i_TFWorkbook.pdf,m-40i_TFWorkbook.pdf,M-40I,M-40I,Displays & Wallet Cards,Treatment & Accessibilities,Carrying the Message,English,Treatment; Workbook / Kit,,490268,478.8 KB,2026-03-17,https://www.aa.org/treatment-committees,Treatment Committees,1,www.aa.org,ok
2655,24 El Informe Final de la Reunión de Servicio Mundial,https://aaws.widen.net/content/tdcimgxayn/pdf/sf-150_24th_wsm_final_report_online.pdf,sf-150_24th_wsm_final_report_online.pdf,SF-150,F-150,"Forms, Catalogs & Order Blanks",World Service Meeting,Conference & Events,Spanish,Report; Form / Application,,1544891,1.5 MB,2026-02-10,https://www.aa.org/es/24-el-informe-final-de-la-reunion-de-servicio-mundial,24 El Informe Final de la Reunión de Servicio Mundial,1,aaws.widen.net,ok
2656,24th Alcoholics Anonymous World Service Meeting - Final Report,https://aaws.widen.net/content/f4b78dzjfx/pdf/f-150_24th_wsm_final_report_online.pdf,f-150_24th_wsm_final_report_online.pdf,F-150,F-150,"Forms, Catalogs & Order Blanks",World Service Meeting,Conference & Events,English,Report,,3277261,3.1 MB,2026-02-10,https://www.aa.org/24th-alcoholics-anonymous-world-service-meeting-final-report,24th Alcoholics Anonymous World Service Meeting - Final Report,2,aaws.widen.net,ok
2657,25.ª Reunión de Servicio Mundial - Reporte Final,https://aaws.widen.net/content/siaygobfx8/pdf/sf-150_25th_wsm_final_report_online.pdf,sf-150_25th_wsm_final_report_online.pdf,SF-150,F-150,"Forms, Catalogs & Order Blanks",World Service Meeting,Conference & Events,Spanish,Report,,1553082,1.5 MB,2026-02-10,https://www.aa.org/es/25a-reunion-de-servicio-mundial-reporte-final,25.ª Reunión de Servicio Mundial - Reporte Final,1,aaws.widen.net,ok
2658,25th Alcoholics Anonymous World Service Meeting - Final Report,https://aaws.widen.net/content/4svyaeppvo/pdf/f-150_25th_wsm_final_report_online.pdf,f-150_25th_wsm_final_report_online.pdf,F-150,F-150,"Forms, Catalogs & Order Blanks",World Service Meeting,Conference & Events,English,Report,,48314345,46.1 MB,2026-02-10,https://www.aa.org/25th-alcoholics-anonymous-world-service-meeting-final-report,25th Alcoholics Anonymous World Service Meeting - Final Report,2,aaws.widen.net,ok
2659,28th Alcoholics Anonymous World Service Meeting - Final Report,https://aaws.widen.net/content/unb8yxx4tw/pdf/f-150_28th_wsm_final_report_online.pdf,f-150_28th_wsm_final_report_online.pdf,F-150,F-150,"Forms, Catalogs & Order Blanks",World Service Meeting,Conference & Events,English,Report,,3903494,3.7 MB,2026-02-17,https://www.aa.org/28th-alcoholics-anonymous-world-service-meeting-final-report,28th Alcoholics Anonymous World Service Meeting - Final Report,2,aaws.widen.net,ok
2660,About A.A. - A.A.'s World Service Meeting: Helping A.A. Grow,https://www.aa.org/sites/default/files/newsletters/f-13_spring99.pdf,f-13_spring99.pdf,F-13,F-13,"Forms, Catalogs & Order Blanks",World Service Meeting,Conference & Events,English,,,61564,60.1 KB,2021-07-14,https://www.aa.org/about-aa,About A.A.,1,www.aa.org,ok
2661,About A.A. - Alcoholics Anonymous Holds Seventh World Service Meeting in Mexico,https://www.aa.org/sites/default/files/newsletters/f-13_winter1983.pdf,f-13_winter1983.pdf,F-13,F-13,"Forms, Catalogs & Order Blanks",World Service Meeting,Conference & Events,English,,1983,363979,355.4 KB,2021-07-14,https://www.aa.org/about-aa,About A.A.,1,www.aa.org,ok
2662,Box 459 - 13th World Service Meeting Delegates Plug In to Unity,https://www.aa.org/sites/default/files/newsletters/en_box459_feb-mar95.pdf,en_box459_feb-mar95.pdf,,,,World Service Meeting,Conference & Events,English,Newsletter,,2269967,2.2 MB,2021-07-15,https://www.aa.org/box-459,Box 459,1,www.aa.org,ok
2663,Box 459 - 15th World Service Meeting,https://www.aa.org/sites/default/files/newsletters/en_box459_feb-mar99.pdf,en_box459_feb-mar99.pdf,,,,World Service Meeting,Conference & Events,English,Newsletter,,3029204,2.9 MB,2021-07-15,https://www.aa.org/box-459,Box 459,1,www.aa.org,ok
2664,Box 459 - 18th World Service Meeting,https://www.aa.org/sites/default/files/newsletters/en_box459_febmar05.pdf,en_box459_febmar05.pdf,,,,World Service Meeting,Conference & Events,English,Newsletter,,516181,504.1 KB,2021-07-15,https://www.aa.org/box-459,Box 459,1,www.aa.org,ok
2665,Box 459 - Delegates from Fifteen Countries Hold Second World Service Meeting,https://www.aa.org/sites/default/files/newsletters/en_box459_oct-nov72.pdf,en_box459_oct-nov72.pdf,,,,World Service Meeting,Conference & Events,English,Young People; Newsletter,,1053200,1.0 MB,2021-07-14,https://www.aa.org/box-459,Box 459,1,www.aa.org,ok
2666,Box 459 - The Virtual 26th World Service Meeting,https://www.aa.org/sites/default/files/newsletters/en_box459_spring21_2.pdf,en_box459_spring21_2.pdf,,,,World Service Meeting,Conference & Events,English,Newsletter,,518522,506.4 KB,2021-07-19,https://www.aa.org/box-459,Box 459,1,www.aa.org,ok
2667,Box 459 - World Service Meeting Will Convene in Munich,https://www.aa.org/sites/default/files/newsletters/en_box459_oct-nov90.pdf,en_box459_oct-nov90.pdf,,,,World Service Meeting,Conference & Events,English,Newsletter,,3496232,3.3 MB,2021-07-14,https://www.aa.org/box-459,Box 459,2,www.aa.org,ok
2668,Informe Final de la 28.a Reunión de Servicio Mundial,https://aaws.widen.net/content/qpt1nmoqca/pdf/sf-150_28th_wsm_final_report_online.pdf,sf-150_28th_wsm_final_report_online.pdf,SF-150,F-150,"Forms, Catalogs & Order Blanks",World Service Meeting,Conference & Events,Spanish,Report; Form / Application,,3843434,3.7 MB,2026-02-17,https://www.aa.org/es/informe-final-de-la-28a-reunion-de-servicio-mundial,Informe Final de la 28.a Reunión de Servicio Mundial,1,aaws.widen.net,ok
2669,Markings - Bill W. Proposes the World Service Meeting,https://www.aa.org/sites/default/files/newsletters/f-151_markings_spring15.pdf,f-151_markings_spring15.pdf,F-151,F-151,"Forms, Catalogs & Order Blanks",World Service Meeting,Conference & Events,English,Newsletter,,1118659,1.1 MB,2021-07-12,https://www.aa.org/markings-newsletter,Markings,1,www.aa.org,ok
2670,Carte de service: Il n’est jamais trop tôt pour demander de l’aide.,https://www.aa.org/sites/default/files/literature/yp-service-card-fr-update.pdf,yp-service-card-fr-update.pdf,,,,Young People in A.A.,For Members,French,,,3023519,2.9 MB,2025-12-16,https://www.aa.org/fr/carte-de-service-il-nest-jamais-trop-tot-pour-demander-de-laide,Carte de service: Il n’est jamais trop tôt pour demander de l’aide.,1,www.aa.org,ok
2671,Cartes de service de l'IP,https://www.aa.org/sites/default/files/literature/yp-service-card-en.pdf,yp-service-card-en.pdf,,,,Young People in A.A.,For Members,French,,,2943866,2.8 MB,2025-12-12,https://www.aa.org/fr/cartes-de-services-ip,Cartes de service de l'IP,1,www.aa.org,ok
2672,Les jeunes chez les AA,https://aaws.widen.net/content/nfy1amaiag/pdf/fp-4_young_people_in_aa_online.pdf,fp-4_young_people_in_aa_online.pdf,FP-4,P-4,Pamphlets & Booklets,Young People in A.A.,For Members,French,Young People,,912546,891.2 KB,2026-08-25,https://www.aa.org/fr/les-jeunes-chez-les-aa,Les jeunes chez les AA,1,aaws.widen.net,ok
2673,Los jóvenes en AA,https://aaws.widen.net/content/otzfhcezvf/pdf/sp-4_young_people_in_aa_online.pdf,sp-4_young_people_in_aa_online.pdf,SP-4,P-4,Pamphlets & Booklets,Young People in A.A.,For Members,Spanish,Young People,,896331,875.3 KB,2026-04-15,https://www.aa.org/es/los-jovenes-en-aa,Los jóvenes en AA,1,aaws.widen.net,ok
2674,Nunca es demasiado pronto para pedir ayuda.,https://www.aa.org/sites/default/files/literature/yp-service-card-sp-update.pdf,yp-service-card-sp-update.pdf,,,,Young People in A.A.,For Members,Spanish,,,2953722,2.8 MB,2025-12-16,https://www.aa.org/es/tarjetas-de-servicio-de-ip,Tarjetas de servicio de IP,2,www.aa.org,ok
2675,Service Card: It’s never too early to ask for help.,https://www.aa.org/sites/default/files/literature/yp-service-card-en-update.pdf,yp-service-card-en-update.pdf,,,,Young People in A.A.,For Members,English,,,2949748,2.8 MB,2025-12-16,https://www.aa.org/service-card-its-never-too-early-ask-help,Service Card: It’s never too early to ask for help.,2,www.aa.org,ok
2676,Young People in A.A.,https://aaws.widen.net/content/wwolmtrzl6/pdf/p-4_young_people_in_aa_online.pdf,p-4_young_people_in_aa_online.pdf,P-4,P-4,Pamphlets & Booklets,Young People in A.A.,For Members,English,Young People,,879847,859.2 KB,2026-05-06,https://www.aa.org/young-people-aa,Young People in A.A.,1,aaws.widen.net,ok
